{"sections":{"main":{"type":"main-article","settings":{"show_date":true,"show_author":true,"show_article_tags":true,"show_sharing_icons":true,"show_featured_image":true,"full_width_image":false,"featured_image_height":"natural","enable_title_overlay":false,"overlay_style":"shadow"}},"featured_collection_ppxLtA":{"type":"featured-collection","settings":{"title":"Featured collection","collection":"landmarks-of-madras","show_vendor":false,"enable_carousel":true,"grid":4,"rows":1,"show_view_all":true,"full_width":true}},"05cbf9c9-7714-4807-a03c-b81e7753a7dd":{"type":"design_pack_-_contact_form_with_text","blocks":{"template--14558886559829__05cbf9c9-7714-4807-a03c-b81e7753a7dd-16701493219c8ac25e-0":{"type":"textfield","settings":{"title":"Name","placeholder":"","required":true,"width":"half"}},"template--14558886559829__05cbf9c9-7714-4807-a03c-b81e7753a7dd-16701493219c8ac25e-1":{"type":"textfield","disabled":true,"settings":{"title":"Last name","placeholder":"","required":false,"width":"half"}},"template--14558886559829__05cbf9c9-7714-4807-a03c-b81e7753a7dd-16701493219c8ac25e-2":{"type":"email","settings":{"title":"Email address","placeholder":"","width":"full"}},"daa07c2b-e919-424e-a724-a78fce5431dd":{"type":"phone_number","settings":{"title":"Phone number","placeholder":"","required":true,"width":"full"}},"template--14558886559829__05cbf9c9-7714-4807-a03c-b81e7753a7dd-16701493219c8ac25e-3":{"type":"textarea","settings":{"title":"Custom Details","placeholder":"Tell us about the custom sculpture requirement","required":true,"width":"full"}},"f7523472-7fe3-46fc-b776-d42dd3dd9d7a":{"type":"textfield","settings":{"title":"Sculpture Size","placeholder":"Minimum 8 Inches","required":true,"width":"full"}}},"block_order":["template--14558886559829__05cbf9c9-7714-4807-a03c-b81e7753a7dd-16701493219c8ac25e-0","template--14558886559829__05cbf9c9-7714-4807-a03c-b81e7753a7dd-16701493219c8ac25e-1","template--14558886559829__05cbf9c9-7714-4807-a03c-b81e7753a7dd-16701493219c8ac25e-2","daa07c2b-e919-424e-a724-a78fce5431dd","template--14558886559829__05cbf9c9-7714-4807-a03c-b81e7753a7dd-16701493219c8ac25e-3","f7523472-7fe3-46fc-b776-d42dd3dd9d7a"],"disabled":true,"settings":{"form_position":"center","heading":"Write to us","text":"<p>Describe your Custom Sculpture Requirement<\/p>","text_position":"left center","text_size":100,"text_color":"#666666","button_label_color":"#ffffff","button_background_color":"#283144","background_color":"","button_radius":0,"base_width":90,"max_width":"","inner_padding":40,"outer_margin":0,"custom_css":"","mobile_custom_css":"","override_theme_font":false,"heading_font":"serif","main_font":"sans-serif"}}},"order":["main","featured_collection_ppxLtA","05cbf9c9-7714-4807-a03c-b81e7753a7dd"]}