{"sections":{"main":{"type":"main-cart","settings":{"show_page_title":true,"show_backorder_text":true,"show_tax_and_shipping":true,"show_additional_checkout_buttons":true,"cart_terms_page":"","show_shipping_calculator":false,"shipping_calculator_default_country":"United States"}},"171100599671ab849c":{"type":"apps","blocks":{"loox_reviews_loox_cart_reviews_widget_section_nFkGzP":{"type":"shopify:\/\/apps\/loox-reviews\/blocks\/loox-cart-reviews-widget-section\/5c3b337f-fd14-4df5-b1d6-80ec13e6e28e","settings":{"only_photos":true,"hide_thumbnails":false,"hide_on_empty":true,"data-limit":12,"maxwidth":760,"is_sample":true}}},"block_order":["loox_reviews_loox_cart_reviews_widget_section_nFkGzP"],"settings":{"full_width":false}},"1732517907809c6ce6":{"type":"apps","blocks":{"softify_easy_invoice_collect_tax_id_ap6WbB":{"type":"shopify:\/\/apps\/softify-easy-invoice\/blocks\/collect-tax-id\/f721da48-da3d-402d-8670-680b01f80934","settings":{"input_label":"GST NO","css_selector":"","position":"append"}}},"block_order":["softify_easy_invoice_collect_tax_id_ap6WbB"],"settings":{"full_width":false}}},"order":["main","171100599671ab849c","1732517907809c6ce6"]}