{"sections":{"ff68dbf6-4223-499c-b74e-9349131ed108":{"type":"background-video","disabled":true,"settings":{"video_external":"https:\/\/www.youtube.com\/watch?v=_9VUPq3SxOc","video_description":"","text_alignment":"bottom center","height_desktop":600,"height_mobile":500,"full_width":true,"overlay_style":"shadow"}},"cd7c6752-fdc2-4c3f-b142-24eb67ad1c9d":{"type":"image-with-text-overlay","disabled":true,"settings":{"image":"shopify:\/\/shop_images\/L_I.jpg","height":"adapt","height_desktop":600,"height_mobile":460,"image_link":"","full_width":true,"text_alignment":"center center","mobile_overlay_under":false,"overlay_style":"box"}},"main":{"type":"main-collection","settings":{"show_title":true,"show_image_behind_heading":true,"heading_image_height":"small","overlay_style":"no_background","coll_desc_pos":"above","coll_num_per_page_int":24,"grid":3,"show_vendor":false,"show_total":false,"enable_filtering":true,"collapse_tag_sidebar_by_default":true,"collapse_filters_method":"over-12","show_filter_counts":false,"filter_two_columns":false,"button_grid_filter_name":"Size,Taille,Größe","auto_apply_hide_unavailable":false,"enable_sticky_filter":true,"show_sort":true,"sort_show_featured":false,"sort_show_best":true,"sort_show_alpha":true,"sort_show_price":true,"sort_show_date":true,"related_collections":[],"related_collections_style":"buttons","rel_coll_gall_aspect_ratio":"1","image_position":"center center","rel_coll_gall_enable_margin":true,"rel_coll_gall_full_width":false,"rel_coll_gall_overlay_style":"shadow","rel_coll_gall_text_alignment":"center center","rel_coll_grid_mobile":"2"}},"image_with_text_overlay_NnqtkL":{"type":"image-with-text-overlay","blocks":{"subheading_BYjYEV":{"type":"subheading","settings":{"subheading":"Tell your story"}},"heading_CY6bgy":{"type":"heading","settings":{"title":"Image with text overlay","heading_max_width":15,"title_size":84,"title_size_mobile":32,"use_h1":false}},"text_7UyDTE":{"type":"text","settings":{"text":"<p>Promote your brand or products with this feature section<\/p>","enlarge_text":true}}},"block_order":["subheading_BYjYEV","heading_CY6bgy","text_7UyDTE"],"disabled":true,"name":"Image with text overlay","settings":{"height":"fixed","height_desktop":600,"height_mobile":460,"image_link":"","full_width":true,"text_alignment":"center center","mobile_overlay_under":false,"overlay_style":"shadow"}}},"order":["ff68dbf6-4223-499c-b74e-9349131ed108","cd7c6752-fdc2-4c3f-b142-24eb67ad1c9d","main","image_with_text_overlay_NnqtkL"]}