{"sections":{"cd7c6752-fdc2-4c3f-b142-24eb67ad1c9d":{"type":"image-with-text-overlay","settings":{"image":"shopify:\/\/shop_images\/Bahubali_Epic_x_SILAII_Banner_1.jpg","height":"adapt","height_desktop":600,"height_mobile":460,"image_link":"","full_width":true,"text_alignment":"center center","mobile_overlay_under":false,"overlay_style":"box"}},"17616715908722be5d":{"type":"_blocks","blocks":{"ai_gen_block_dfd9b34_iViGWQ":{"type":"ai_gen_block_dfd9b34","settings":{"heading":"OFFICIAL MOVIE MERCHANDISE OF BAAHUBALI - THE EPIC","heading_size":38,"heading_color":"#171717","heading_weight":"700","text_transform":"uppercase","letter_spacing":2,"subtitle":"","subtitle_size":18,"subtitle_color":"#050505","subtitle_weight":"400","show_divider":true,"divider_width":80,"divider_height":3,"divider_color":"#c16452","text_alignment":"center","max_width":800,"spacing":20,"padding_top":40,"padding_bottom":40,"background_color":"#f7f7f7"},"blocks":{}}},"block_order":["ai_gen_block_dfd9b34_iViGWQ"],"settings":{}},"featured_product_JCULBp":{"type":"featured-product","blocks":{"title_axKwGN":{"type":"title","settings":{}},"text_VfdGfq":{"type":"text","settings":{"text":"LIMITED EDITION","icon":"clock","icon_size":"small","enable_box":true,"box_color":"#f33636"}},"price_r8A7R8":{"type":"price","settings":{"show_tax_and_shipping":true,"enable_product_reviews_by_price":true}},"variant_picker_Te8pQY":{"type":"variant-picker","settings":{"show_single":false,"selector_style":"listed","dynamic_availability":"show","enable_size_chart":false,"size_chart_label":"Size guide","size_chart_variant":"Size","size_chart_page":""}},"buy_buttons_AdjtpP":{"type":"buy-buttons","settings":{"show_quantity_selector":true,"enable_payment_button":true,"show_backorder_text":false,"show_gift_card_recipient":false}},"divider_J638U9":{"type":"divider","settings":{}},"text_mUjFpB":{"type":"text","disabled":true,"settings":{"text":"Limited Edition Release","icon":"","icon_size":"small","enable_box":false,"box_color":"#f33636"}},"divider_mRVtQq":{"type":"divider","settings":{}},"text_Cah3NX":{"type":"text","disabled":true,"settings":{"text":"FREE SHIPPING ACROSS INDIA","icon":"truck","icon_size":"small","enable_box":false,"box_color":"#f33636"}},"essential_trust_badges_app_block_wzrkbg":{"type":"shopify:\/\/apps\/essential-trust-badges\/blocks\/app-block\/0ff65b25-07e1-408e-950f-f54dd3d1751b","settings":{"banner_display":"all","banner_id":""}},"accordion_FXgRAK":{"type":"accordion","settings":{"title":"Description","icon":"","content":"<p><strong>Elevating Divinity through Art<\/strong><br\/>Experience our Lord Ganesha Floating Sculpture, a true blend of Art, Divine and Technology. Floating effortlessly and rotating gracefully in mid-air creating a mesmerising display of sacred presence. Bring this floating masterpiece home and elevate your space with peace and wonder.<br\/><br\/><strong>India's First IP-Protected Sculpture<\/strong><br\/>Design No.: 439689-001<\/p>","page":"","custom_liquid":"","open":false}},"accordion_LeeDL7":{"type":"accordion","settings":{"title":"Product Features","icon":"","content":"<p>• Floats 2-3cm above base using electromagnetic technology<br\/>• Gentle 360° rotation for every angle of artistry<br\/>• Premium sculpture quality & craftsmanship<br\/>• Durable ABS and PLA material<br\/>• Size in Inches: Sculpture - 4.5 H x 4 L x 4 W ; Levitation Base - 8 L x 1.5 H<br\/>• Weight: Sculpture - 0.14 kg ;  Levitation Base - 0.54 kg<br\/>• Perfect fusion of Art, Divine and Technology<\/p>","page":"","custom_liquid":"","open":false}},"accordion_7VAHtA":{"type":"accordion","settings":{"title":"Setup & Care","icon":"","content":"<p>• Simple 5-minute installation with setup tools<br\/>• Easy-to-clean surface<br\/>• Works with standard home power<br\/>• Use mini UPS (optional) for areas with power fluctuations<\/p>","page":"","custom_liquid":"","open":false}},"accordion_XL4zW3":{"type":"accordion","settings":{"title":"Our Guarantee","icon":"","content":"<ul><li>Free Shipping Across India <\/li><li>6-month Warranty for Device from date of purchase<\/li><li>10-days Easy Returns <\/li><li>Secure Payment<\/li><\/ul><p><strong>Perfect for:<\/strong><br\/>• Gifting • Prayer rooms • Living spaces • Modern homes<\/p>","page":"","custom_liquid":"","open":false}},"accordion_UPw7y7":{"type":"accordion","settings":{"title":"How It Works","icon":"","content":"<p>1. Place Levitation base on flat surface & power on<br\/>2. Place alignment tool on base<br\/>3. Place position ring on base center<br\/>4. Hold sculpture above base center<br\/>5. Lower until you feel resistance from the magnet<br\/>6. Remove the position ring, then alignment tool<br\/>7. Watch sculpture float gracefully<br\/><strong>Note: Keep power ON at all times.<\/strong><\/p>","page":"","custom_liquid":"","open":false}},"accordion_7dTwkb":{"type":"accordion","settings":{"title":"Safety Guidelines","icon":"","content":"<p><strong>Keep Away From:<\/strong><\/p><p>1. Humidity and extreme heat<br\/>2. Electronics and Metal objects (20 cm distance)<br\/>3. Children under 12<br\/>4. Pacemakers\/heart devices<\/p><p><strong>Keep in Mind<\/strong><\/p><p>1. Indoor use only<br\/>2. Use provided adapter only<br\/>3. After 8-12 hours of operation, give equal rest time before the next use<br\/>4. Let the base cool for 30 mins if multiple setup attempts are made<br\/><strong>Note: Balanced usage ensures optimal performance and longevity.<\/strong><\/p>","page":"","custom_liquid":"","open":false}}},"block_order":["title_axKwGN","text_VfdGfq","price_r8A7R8","variant_picker_Te8pQY","buy_buttons_AdjtpP","divider_J638U9","text_mUjFpB","divider_mRVtQq","text_Cah3NX","essential_trust_badges_app_block_wzrkbg","accordion_FXgRAK","accordion_LeeDL7","accordion_7VAHtA","accordion_XL4zW3","accordion_UPw7y7","accordion_7dTwkb"],"disabled":true,"settings":{"product":"baahubali-official-movie-merchandise","select_first_variant":true,"inventory_transfers_enable":true,"enable_sticky_columns":false,"gallery_size":"medium","gallery_layout":"carousel-under","enable_zoom":true,"show_alt_text":false,"alt_text_icon":"","enable_video_autoplay":false,"enable_video_looping":false,"enable_media_grouping":false,"media_grouping_option":"Color,Colour,Couleur,Farbe"}},"background_video_46nXTR":{"type":"background-video","blocks":{"subheading_V9YCQg":{"type":"subheading","disabled":true,"settings":{"subheading":"Tell your story"}},"heading_nJBgPD":{"type":"heading","disabled":true,"settings":{"title":"Background video","heading_max_width":15,"title_size":84,"title_size_mobile":32,"use_h1":false}},"text_P8GC8R":{"type":"text","disabled":true,"settings":{"text":"<p>Use a video to get a customer's attention<\/p>","enlarge_text":true}}},"block_order":["subheading_V9YCQg","heading_nJBgPD","text_P8GC8R"],"name":"Background video","settings":{"video_shopify":"shopify:\/\/files\/videos\/Bahubali Team Handson 16x9.mp4","video_external":"https:\/\/www.youtube.com\/watch?v=_9VUPq3SxOc","video_description":"","text_alignment":"center center","height_desktop":940,"height_mobile":240,"full_width":true,"overlay_style":"no_background"}},"176167198738affdc3":{"type":"_blocks","blocks":{"ai_gen_block_2356789_NwqF3R":{"type":"ai_gen_block_2356789","settings":{"product_image":"shopify:\/\/shop_images\/BAHUBALI_Website_Carosuel-V1_01_ff800853-0eca-4370-972d-398682cbf983.jpg","image_border_radius":12,"show_badge":true,"badge_text":"Limited Edition","badge_bg_color":"#c20000","badge_text_color":"#ffffff","subtitle":"Exclusive Movie Merchandise","title":"Baahubali Epic Collectable","title_size":48,"description":"<p>Own a piece of cinematic history with this exclusive limited edition collectible from the legendary Baahubali saga.<\/p>","description_size":16,"show_price":true,"price":"₹4,999","compare_price":"","show_highlights":true,"highlight_1":"Officially licensed merchandise","highlight_2":"Own a Piece of Cinematic History","highlight_3":"Only Limited Numbers worldwide","primary_button_text":"Buy Now","primary_button_link":"shopify:\/\/products\/baahubali-official-movie-merchandise","secondary_button_text":"","secondary_button_link":"","button_border_radius":4,"show_urgency":true,"urgency_text":"⚡ Limited stock - Order now before it's gone forever!","background_gradient_start":"#d9c1a0","background_gradient_end":"#ded1bf","heading_color":"#181818","text_color":"#201f1f","accent_color":"#4c4c4b","price_color":"#050505","compare_price_color":"#999999","button_bg_color":"#cd604b","button_hover_bg_color":"#b61d0f","button_text_color":"#ffffff","secondary_button_color":"#ffffff","urgency_bg_color":"#2a1a1a","urgency_text_color":"#ffcc00"},"blocks":{}}},"block_order":["ai_gen_block_2356789_NwqF3R"],"settings":{}},"main":{"type":"main-collection","disabled":true,"settings":{"show_title":true,"show_image_behind_heading":true,"heading_image_height":"small","overlay_style":"no_background","coll_desc_pos":"above","coll_num_per_page_int":24,"grid":2,"show_vendor":false,"show_total":false,"enable_filtering":true,"collapse_tag_sidebar_by_default":true,"collapse_filters_method":"over-12","show_filter_counts":false,"filter_two_columns":false,"button_grid_filter_name":"Size,Taille,Größe","auto_apply_hide_unavailable":false,"enable_sticky_filter":true,"show_sort":true,"sort_show_featured":false,"sort_show_best":true,"sort_show_alpha":true,"sort_show_price":true,"sort_show_date":true,"related_collections":[],"related_collections_style":"buttons","rel_coll_gall_aspect_ratio":"1","image_position":"center center","rel_coll_gall_enable_margin":true,"rel_coll_gall_full_width":false,"rel_coll_gall_overlay_style":"shadow","rel_coll_gall_text_alignment":"center center","rel_coll_grid_mobile":"2"}},"background_video_DDURyA":{"type":"background-video","settings":{"video_shopify":"shopify:\/\/files\/videos\/Baahubali Web Banner C2.mp4","video_external":"https:\/\/www.youtube.com\/watch?v=_9VUPq3SxOc","video_description":"","text_alignment":"center center","height_desktop":400,"height_mobile":160,"full_width":true,"overlay_style":"shadow"}},"1761700136d264b57d":{"type":"_blocks","blocks":{"ai_gen_block_bf68674_Qhxj93":{"type":"ai_gen_block_bf68674","settings":{"section_padding":60,"max_width":1440,"content_max_width":880,"background_color":"#ffffff","text_alignment":"center","subheading":"<strong>DIRECTOR RAJAMOULI'S MASTERPIECE<\/strong>","subheading_size":24,"subheading_color":"#c16452","subheading_spacing":12,"subheading_letter_spacing":1.5,"subheading_transform":"uppercase","subheading_weight":"600","heading":"NOW CARVED INTO A SCULPTURE","heading_size":44,"heading_color":"#171717","heading_spacing":24,"heading_line_height":1.2,"heading_weight":"700","description":"<p>Immerse yourself in the world of Mahishmati with a sculpture that captures the spirit and strength of the legendary Baahubali. Designed by expert artisans, each piece reflects meticulous attention to detail, from the majestic armor and bold stance to the spirit of heroism that defined an era.<br\/><br\/><\/p>","description_size":16,"description_color":"#050505","description_line_height":1.7,"features_spacing":48,"features_columns":3,"features_columns_mobile":"1","features_gap":24,"feature_padding":32,"feature_bg_color":"#f7f7f7","feature_border_radius":8,"feature_border_width":0,"feature_border_color":"#e0e0e0","enable_feature_hover":true,"hover_lift":4,"hover_shadow":8,"icon_size":32,"icon_spacing":16,"feature_title_size":18,"feature_title_color":"#171717","feature_title_spacing":8,"feature_title_weight":"600","feature_text_size":14,"feature_text_color":"#050505","feature_1_enabled":true,"feature_1_icon":"","feature_1_title":"Designed by expert artisans","feature_1_text":"Every sculpture is sculpted by skilled SILAII artisans to capture the regal presence and power of Baahubali.","feature_2_enabled":true,"feature_2_icon":"","feature_2_title":"Premium Quality & Detailing","feature_2_text":"Made using high-quality materials with detailed armor textures, expressive detailing, and a durable, timeless finish.","feature_3_enabled":true,"feature_3_icon":"","feature_3_title":"Collector’s Edition","feature_3_text":"Limited-edition piece officially inspired by the epic Mahishmati saga - a true tribute to cinematic grandeur and Indian craftsmanship.","feature_4_enabled":false,"feature_4_icon":"🎵","feature_4_title":"Memorable Score","feature_4_text":"An iconic musical score that elevates every scene and stays with you long after.","feature_5_enabled":false,"feature_5_icon":"👑","feature_5_title":"Legendary Characters","feature_5_text":"Unforgettable characters brought to life by stellar performances and deep character development.","feature_6_enabled":false,"feature_6_icon":"🌍","feature_6_title":"Global Impact","feature_6_text":"A cultural phenomenon that transcended borders and captivated audiences worldwide."},"blocks":{}}},"block_order":["ai_gen_block_bf68674_Qhxj93"],"settings":{}},"video_rWV7GB":{"type":"video","blocks":{"play_button_iYDeDx":{"type":"play-button","settings":{}}},"block_order":["play_button_iYDeDx"],"name":"Video","settings":{"video_shopify":"shopify:\/\/files\/videos\/Bahubali -Final low.mp4","video_external":"https:\/\/youtube.com\/shorts\/01RFZsVUpf4","video_description":"","text_alignment":"center center","full_width":true,"overlay_style":"shadow"}},"design_pack_divider_simple_baixP7":{"type":"design_pack_-_divider-simple","name":"Divider - simple 🎒","settings":{"alignment":"center","base_width":50,"thickness":1,"style":"double","divider_color":"#f7f7f7","background_color":"","outer_margin_top":40,"outer_margin_bottom":40,"outer_padding_top":40,"outer_padding_bottom":40,"custom_css":"","mobile_custom_css":"","anchor_id":"","custom_classes":""}},"video_etAjDF":{"type":"video","blocks":{"play_button_mqgrgd":{"type":"play-button","settings":{}}},"block_order":["play_button_mqgrgd"],"name":"Video","settings":{"video_external":"https:\/\/youtu.be\/dVjewA6LrLk","video_description":"","placeholder_image":"shopify:\/\/shop_images\/thumb_2_1.jpg","text_alignment":"center center","full_width":true,"overlay_style":"shadow"}},"gallery_abKG4k":{"type":"gallery","blocks":{"media_Fbm9mm":{"type":"media","settings":{"image":"shopify:\/\/shop_images\/1_3c59f2c8-6333-476b-9c24-9c0d2067eef1.jpg","enlarge_media":false,"subheading":"","title":"","button_label":"","link":"","text_alignment":"bottom left"}},"media_YfQUmL":{"type":"media","settings":{"image":"shopify:\/\/shop_images\/2_f1a74c5d-5d50-417d-9702-8aeb6b4448ab.jpg","enlarge_media":true,"subheading":"","title":"","button_label":"","link":"","text_alignment":"bottom left"}},"media_gDQKmU":{"type":"media","settings":{"image":"shopify:\/\/shop_images\/3_0474c621-48ab-4435-9f8d-d7a3f3ad39cc.jpg","enlarge_media":false,"subheading":"","title":"","button_label":"","link":"","text_alignment":"bottom left"}},"media_7irrYi":{"type":"media","settings":{"image":"shopify:\/\/shop_images\/4_b4af679d-c92d-4d71-a26c-792a9d93498e.jpg","enlarge_media":true,"subheading":"","title":"","button_label":"","link":"","text_alignment":"bottom left"}},"media_4neVMb":{"type":"media","settings":{"image":"shopify:\/\/shop_images\/5_1960dbbe-9851-41b4-a655-0ef8230c7c60.jpg","enlarge_media":true,"subheading":"","title":"","button_label":"","link":"","text_alignment":"bottom left"}},"media_MCUL9M":{"type":"media","settings":{"image":"shopify:\/\/shop_images\/6_a27c7a42-653f-4f88-92bd-a4d809f2aeb3.jpg","enlarge_media":false,"subheading":"","title":"","button_label":"","link":"","text_alignment":"bottom left"}},"media_ETpidz":{"type":"media","settings":{"image":"shopify:\/\/shop_images\/7_6433ac70-650e-4de9-b94f-9fc942979ddd.jpg","enlarge_media":false,"subheading":"","title":"","button_label":"","link":"","text_alignment":"bottom left"}}},"block_order":["media_Fbm9mm","media_YfQUmL","media_gDQKmU","media_7irrYi","media_4neVMb","media_MCUL9M","media_ETpidz"],"name":"Gallery","settings":{"grid_desktop":3,"grid_mobile":"1","height":"adapt","desktop_image_height":460,"mobile_image_height":400,"title_size":30,"title_size_mobile":22,"enable_margin":true,"enable_row_spacing":true,"full_width":false,"color_scheme":"default","enable_carousel":false,"overlay_style":"no_background","overlay_padding":"standard","button_style":"primary"}},"design_pack_banner_image_parallax_qNpUfj":{"type":"design_pack_-_banner_image_-_parallax","blocks":{"small_text_DdGymq":{"type":"small_text","settings":{"small_text":"<p>CELEBRATING A DECADE OF CINEMATIC GRANDEUR<br\/><br\/><\/p>"}},"heading_BTeBUw":{"type":"heading","settings":{"title":"10 Years of Baahubali","block_heading_color":"","block_heading_size":"","enable_custom_font":true,"custom_font":"bayon_n4","heading_level":"h2"}},"buttons_g7eLMn":{"type":"buttons","settings":{"button_radius":0,"button_label_primary":"","link_primary":"","external_link_primary":false,"button_label_color_primary":"#ffffff","button_background_color_primary":"rgba(0,0,0,0)","button_label_secondary":"","link_secondary":"","external_link_secondary":false,"button_label_color_secondary":"#283144","button_background_color_secondary":"#fafafa"}}},"block_order":["small_text_DdGymq","heading_BTeBUw","buttons_g7eLMn"],"disabled":true,"settings":{"background_image":"shopify:\/\/shop_images\/Armor_Image_2.jpg","image_crop":"1200:600","text_size":120,"text_alignment":"center","text_position":"center center","text_width":400,"text_color":"#ffffff","text_background_color":"","background_color":"","animation":"fade-in-down","base_width":60,"max_width":"","inner_padding":65,"outer_margin":65,"custom_css":"","mobile_custom_css":"","anchor_id":"","custom_classes":"","override_theme_font":false,"heading_font":"serif","main_font":"system_ui_n4","enable_metafield_detect":false}},"design_pack_richtext_WrV4BV":{"type":"design_pack_-_richtext","blocks":{"heading_Dzwp43":{"type":"heading","settings":{"title":"DIRECTOR RAJAMOULI'S MASTERPIECE","block_heading_color":"#000000","block_heading_size":"20","enable_custom_font":true,"custom_font":"anton_n4","heading_level":"h2"}},"heading_terY78":{"type":"heading","settings":{"title":"NOW CARVED INTO A SCULPTURE","block_heading_color":"","block_heading_size":"30","enable_custom_font":true,"custom_font":"carlito_n4","heading_level":"h2"}}},"block_order":["heading_Dzwp43","heading_terY78"],"disabled":true,"name":"Richtext - simple 🎒","settings":{"text_size":60,"text_alignment":"center","text_color":"#121212","background_color":"","show_background_image":false,"animation":"none","base_width":65,"max_width":"1100px","match_padding":true,"inner_padding":10,"bottom_padding":30,"match_margin":true,"outer_margin":0,"bottom_margin":0,"custom_css":"","mobile_custom_css":"","anchor_id":"","custom_classes":"","override_theme_font":true,"heading_font":"bayon_n4","main_font":"bayon_n4"}},"design_pack_divider_simple_bRJcV7":{"type":"design_pack_-_divider-simple","settings":{"alignment":"center","base_width":30,"thickness":1,"style":"solid","divider_color":"#f7f7f7","background_color":"","outer_margin_top":5,"outer_margin_bottom":5,"outer_padding_top":10,"outer_padding_bottom":10,"custom_css":"","mobile_custom_css":"","anchor_id":"","custom_classes":""}},"rich_text_Qq4B7K":{"type":"rich-text","blocks":{"text_7LNkJt":{"type":"text","settings":{"text":"<p>Immerse yourself in the world of Mahishmati with a sculpture that captures the spirit and strength of the legendary Baahubali. Designed by expert artisans, each piece reflects meticulous attention to detail—from the majestic armor and bold stance to the spirit of heroism that defined an era.<br\/><br\/><\/p>","enlarge_text":true}},"text_fccy8a":{"type":"text","settings":{"text":"","enlarge_text":true}}},"block_order":["text_7LNkJt","text_fccy8a"],"disabled":true,"settings":{"height":"medium","text_alignment":"center","full_width":false,"color_scheme":"default"}},"design_pack_richtext_9WjDPB":{"type":"design_pack_-_richtext","blocks":{"text_anBt3f":{"type":"text","settings":{"text":"<p>Immerse yourself in the world of Mahishmati with a sculpture that captures the spirit and strength of the legendary Baahubali. Designed by expert artisans, each piece reflects meticulous attention to detail, from the majestic armor and bold stance to the spirit of heroism that defined an era.<br\/><br\/><\/p>","block_text_color":""}}},"block_order":["text_anBt3f"],"disabled":true,"name":"Richtext - simple 🎒","settings":{"text_size":80,"text_alignment":"center","text_color":"#121212","background_color":"","show_background_image":false,"animation":"none","base_width":80,"max_width":"1100px","match_padding":true,"inner_padding":0,"bottom_padding":0,"match_margin":true,"outer_margin":0,"bottom_margin":0,"custom_css":"","mobile_custom_css":"","anchor_id":"","custom_classes":"","override_theme_font":false,"heading_font":"serif","main_font":"system_ui_n4"}},"compact_messages_piLmjX":{"type":"compact-messages","blocks":{"message_nbkcaz":{"type":"message","settings":{"heading":"Free Delivery","subheading":"All Over India","link_url":""}},"message_KAJJxE":{"type":"message","settings":{"heading":"6 Months Warranty","subheading":"On Levitating Device","link_url":""}},"message_xR647h":{"type":"message","settings":{"heading":"Limited Edition","subheading":"Exclusive Collection","link_url":""}}},"block_order":["message_nbkcaz","message_KAJJxE","message_xR647h"],"disabled":true,"settings":{"head_not_col_bg":"#f7f7f7","head_not_col_txt1":"#171717","head_not_col_txt2":"#4c4c4b","head_not_mob_show":true,"head_not_mob_text":"","head_not_mob_url":""}},"gallery_AhBkaB":{"type":"gallery","blocks":{"media_hbw8Lr":{"type":"media","settings":{"image":"shopify:\/\/shop_images\/BAHUBALI_HANDS_ON_V2_1.jpg","enlarge_media":true,"subheading":"","title":"","button_label":"BUY NOW","link":"shopify:\/\/products\/baahubali-official-movie-merchandise","text_alignment":"bottom center"}}},"block_order":["media_hbw8Lr"],"name":"Gallery","settings":{"grid_desktop":2,"grid_mobile":"1","height":"adapt","desktop_image_height":1000,"mobile_image_height":400,"title_size":30,"title_size_mobile":22,"enable_margin":true,"enable_row_spacing":true,"full_width":false,"color_scheme":"default","enable_carousel":true,"overlay_style":"full","overlay_padding":"standard","button_style":"primary"}},"1761701270979e5939":{"type":"_blocks","blocks":{"ai_gen_block_e1b203a_qM7ybm":{"type":"ai_gen_block_e1b203a","settings":{"background_color":"#f7f7f7","section_padding":60,"feature_1_enabled":true,"feature_1_icon":"shipping","feature_1_title":"Free delivery","feature_1_text":"On all orders across India","feature_2_enabled":true,"feature_2_icon":"lock","feature_2_title":"Secured payment","feature_2_text":"100% secure transactions","feature_3_enabled":true,"feature_3_icon":"return","feature_3_title":"Easy returns","feature_3_text":"10-day return policy","feature_4_enabled":false,"feature_4_icon":"support","feature_4_title":"Dedicated support","feature_4_text":"Dedicated customer service","icon_size":60,"icon_background":"#ffffff","icon_color":"#b61d0f","title_size":18,"title_color":"#050505","text_size":14,"text_color":"#1f1f1f","show_cta":true,"cta_spacing":60,"cta_layout":"wave","cta_heading":"Own a piece of cinematic history","cta_text":"exclusive limited edition collectible from the legendary Baahubali saga.","cta_heading_size":32,"cta_text_size":16,"cta_bg_color":"#c16452","cta_accent_color":"#ffffff","cta_heading_color":"#ffffff","cta_text_color":"#ffffff","cta_button_1_text":"BUY NOW","cta_button_1_link":"shopify:\/\/products\/baahubali-official-movie-merchandise","cta_button_2_text":"","cta_button_2_link":"","button_radius":6,"button_bg_color":"#c16452","button_text_color":"#ffffff","button_hover_bg":"#f7f7f7","button_hover_text":"#b61d0f","button_secondary_color":"#ffffff"},"blocks":{}}},"block_order":["ai_gen_block_e1b203a_qM7ybm"],"settings":{}}},"order":["cd7c6752-fdc2-4c3f-b142-24eb67ad1c9d","17616715908722be5d","featured_product_JCULBp","background_video_46nXTR","176167198738affdc3","main","background_video_DDURyA","1761700136d264b57d","video_rWV7GB","design_pack_divider_simple_baixP7","video_etAjDF","gallery_abKG4k","design_pack_banner_image_parallax_qNpUfj","design_pack_richtext_WrV4BV","design_pack_divider_simple_bRJcV7","rich_text_Qq4B7K","design_pack_richtext_9WjDPB","compact_messages_piLmjX","gallery_AhBkaB","1761701270979e5939"]}