{"sections":{"ff68dbf6-4223-499c-b74e-9349131ed108":{"type":"background-video","disabled":true,"settings":{"video_external":"https:\/\/www.youtube.com\/watch?v=_9VUPq3SxOc","video_description":"","text_alignment":"bottom center","height_desktop":600,"height_mobile":500,"full_width":true,"overlay_style":"shadow"}},"main":{"type":"main-collection","disabled":true,"settings":{"show_title":true,"show_image_behind_heading":true,"heading_image_height":"small","overlay_style":"no_background","coll_desc_pos":"above","coll_num_per_page_int":24,"grid":3,"show_vendor":false,"show_total":false,"enable_filtering":true,"collapse_tag_sidebar_by_default":true,"collapse_filters_method":"over-12","show_filter_counts":false,"filter_two_columns":false,"button_grid_filter_name":"Size,Taille,Größe","auto_apply_hide_unavailable":false,"enable_sticky_filter":true,"show_sort":true,"sort_show_featured":false,"sort_show_best":true,"sort_show_alpha":true,"sort_show_price":true,"sort_show_date":true,"related_collections":[],"related_collections_style":"buttons","rel_coll_gall_aspect_ratio":"1","image_position":"center center","rel_coll_gall_enable_margin":true,"rel_coll_gall_full_width":false,"rel_coll_gall_overlay_style":"shadow","rel_coll_gall_text_alignment":"center center","rel_coll_grid_mobile":"2"}},"cd7c6752-fdc2-4c3f-b142-24eb67ad1c9d":{"type":"image-with-text-overlay","disabled":true,"settings":{"image":"shopify:\/\/shop_images\/LifeSize_Banner_Low-Res_a09533fd-d9e9-4b3f-9163-6d287dd3a931.jpg","height":"fixed","height_desktop":600,"height_mobile":460,"image_link":"","full_width":true,"text_alignment":"center center","mobile_overlay_under":false,"overlay_style":"box"}},"image_with_text_overlay_htVKyQ":{"type":"image-with-text-overlay","disabled":true,"settings":{"image":"shopify:\/\/shop_images\/Hanu-Man_InfO_Banner_1.jpg","height":"adapt","height_desktop":600,"height_mobile":460,"image_link":"","full_width":true,"text_alignment":"center center","mobile_overlay_under":false,"overlay_style":"shadow"}},"design_pack_slideshow_cLa6Nr":{"type":"design_pack_-_slideshow","blocks":{"slide_KE7NzD":{"type":"slide","settings":{"background_image":"shopify:\/\/shop_images\/Silaii_x_Hanu-Man_Web_1.jpg","preheading":"","title":"","text":"","button_label":"","link":"","text_alignment":"left","text_position":"left center","text_width":500,"text_color":"#ffffff","text_background_color":"","button_label_color":"#ffffff","button_background_color":"#283144","background_color":""}},"slide_7TfCeQ":{"type":"slide","settings":{"background_image":"shopify:\/\/shop_images\/Hanu-Man_InfO_Banner_1.jpg","preheading":"","title":"","text":"","button_label":"","link":"","text_alignment":"left","text_position":"left center","text_width":600,"text_color":"#ffffff","text_background_color":"","button_label_color":"#ffffff","button_background_color":"#283144","background_color":""}}},"block_order":["slide_KE7NzD","slide_7TfCeQ"],"settings":{"image_crop":"1200:600","slider_animation":"slide","show_arrows":true,"show_dots":true,"autoplay":4,"show_mobile_arrows":false,"show_mobile_dots":true,"text_size":100,"button_radius":0,"max_width":"","max_base_width":"","outer_margin_top":0,"outer_margin_bottom":80,"custom_css":"","mobile_custom_css":"","anchor_id":"","override_theme_font":false,"heading_font":"serif","main_font":"sans-serif"}},"featured_product_KNzcQF":{"type":"featured-product","blocks":{"title_merR3i":{"type":"title","settings":{}},"price_tTrhew":{"type":"price","settings":{"show_tax_and_shipping":false,"enable_product_reviews_by_price":true}},"variant_picker_JJbm3H":{"type":"variant-picker","settings":{"show_single":false,"selector_style":"listed","dynamic_availability":"show","enable_size_chart":false,"size_chart_label":"Size guide","size_chart_variant":"Size","size_chart_page":""}},"buy_buttons_BQF6bE":{"type":"buy-buttons","settings":{"show_quantity_selector":true,"enable_payment_button":true,"show_backorder_text":false,"show_gift_card_recipient":false}},"vendor_FFE4Ge":{"type":"vendor","settings":{}},"divider_MVNXp8":{"type":"divider","settings":{}},"description_33Tr8p":{"type":"description","settings":{"show_in_tab":true,"open_tab":false,"icon":""}}},"block_order":["title_merR3i","price_tTrhew","variant_picker_JJbm3H","buy_buttons_BQF6bE","vendor_FFE4Ge","divider_MVNXp8","description_33Tr8p"],"settings":{"product":"hanuman-movie-action-figure-sculpture","select_first_variant":true,"inventory_transfers_enable":true,"enable_sticky_columns":false,"gallery_size":"large","gallery_layout":"carousel-under","enable_zoom":true,"show_alt_text":false,"alt_text_icon":"","enable_video_autoplay":false,"enable_video_looping":false,"enable_media_grouping":false,"media_grouping_option":"Color,Colour,Couleur,Farbe"}},"image_with_text_b8HfDb":{"type":"image-with-text","settings":{"image":"shopify:\/\/shop_images\/Amit_Shah_x_Crew_1.jpg","image_width":700,"image_link":"","image_position":"left","text_alignment":"left","color_scheme":"default"}},"gallery_XfiMJy":{"type":"gallery","settings":{"grid_desktop":2,"grid_mobile":"1","height":"fixed","desktop_image_height":810,"mobile_image_height":480,"title_size":42,"title_size_mobile":20,"enable_margin":true,"enable_row_spacing":true,"full_width":false,"color_scheme":"default","enable_carousel":true,"overlay_style":"full","overlay_padding":"standard","button_style":"primary"}},"gallery_nig3YW":{"type":"gallery","disabled":true,"settings":{"grid_desktop":2,"grid_mobile":"1","height":"fixed","desktop_image_height":460,"mobile_image_height":210,"title_size":30,"title_size_mobile":20,"enable_margin":true,"enable_row_spacing":true,"full_width":false,"color_scheme":"default","enable_carousel":false,"overlay_style":"full","overlay_padding":"standard","button_style":"primary"}},"image_with_text_overlay_bQYBeh":{"type":"image-with-text-overlay","disabled":true,"settings":{"image":"shopify:\/\/shop_images\/Hanu-man_Web_4bc98bc8-8885-49ed-8038-d34969b8d1ae.jpg","mobile_image":"shopify:\/\/shop_images\/Hanu-man_4x5_8db34464-2498-456e-b8ba-7fa8554aaf95.jpg","height":"adapt","height_desktop":600,"height_mobile":460,"image_link":"shopify:\/\/products\/hanuman-movie-action-figure-sculpture","full_width":true,"text_alignment":"center center","mobile_overlay_under":false,"overlay_style":"shadow"}},"video_MxkEQn":{"type":"video","settings":{"video_external":"https:\/\/www.youtube.com\/watch?v=_9VUPq3SxOc","video_description":"","text_alignment":"center center","full_width":true,"overlay_style":"shadow"}}},"order":["ff68dbf6-4223-499c-b74e-9349131ed108","main","cd7c6752-fdc2-4c3f-b142-24eb67ad1c9d","image_with_text_overlay_htVKyQ","design_pack_slideshow_cLa6Nr","featured_product_KNzcQF","image_with_text_b8HfDb","gallery_XfiMJy","gallery_nig3YW","image_with_text_overlay_bQYBeh","video_MxkEQn"]}