{"sections":{"ff68dbf6-4223-499c-b74e-9349131ed108":{"type":"background-video","disabled":true,"settings":{"text_alignment":"bottom center","height_desktop":600,"height_mobile":500,"full_width":true,"overlay_style":"shadow"}},"design_pack_banner_image_parallax_d8rgNc":{"type":"design_pack_-_banner_image_-_parallax","blocks":{"small_text_GxHfRE":{"type":"small_text","settings":{}},"heading_QJC9UW":{"type":"heading","settings":{"title":"HI 5 TO HALF PRICE"}},"text_mME3JQ":{"type":"text","settings":{"text":"<p>FLAT 50% | 5 INCHES SCULPTURES | 5 DAYS <\/p>"}}},"block_order":["small_text_GxHfRE","heading_QJC9UW","text_mME3JQ"],"disabled":true,"settings":{"background_image":"shopify:\/\/shop_images\/Plain_red_bg_c2_1.jpg","text_size":90,"text_alignment":"center","text_position":"center bottom","text_width":720,"text_color":"#ffffff","text_background_color":"","background_color":"","animation":"fade-in-down","base_width":80,"max_width":"","inner_padding":60,"outer_margin":0,"custom_css":"","mobile_custom_css":"","override_theme_font":false,"heading_font":"serif","main_font":"sans-serif"}},"main":{"type":"main-collection","settings":{"show_image_behind_heading":true,"heading_image_height":"small","overlay_style":"no_background","coll_desc_pos":"above","coll_num_per_page_int":24,"grid":3,"show_vendor":false,"show_total":false,"enable_filtering":true,"collapse_tag_sidebar_by_default":true,"collapse_filters_method":"over-12","show_filter_counts":false,"filter_two_columns":false,"enable_sticky_filter":true,"image_position":"center center"}},"design_pack_countdown_timer_with_parallax_v2_m3TdXz":{"type":"design_pack_-_countdown_timer_with_parallax-v2","blocks":{"heading_c7qJmt":{"type":"heading","settings":{"title":"SALE ENDS IN","heading_level":"h2"}},"countdown_timer_NxnP49":{"type":"countdown_timer","settings":{"timezone":"+05:30 ~ (GMT+05:30) Chennai","start_month":"November","start_day":30,"start_year":"2024","start_time":"00:00:00","end_month":"December","end_day":5,"end_year":"2024","end_time":"00:00:00"}},"text_pKBNxf":{"type":"text","settings":{"text":"<p>TIME IS TICKING! HURRY!!<\/p>"}}},"block_order":["heading_c7qJmt","countdown_timer_NxnP49","text_pKBNxf"],"settings":{"hide_timer":false,"text_alignment":"center","text_size":100,"text_color":"#ffffff","button_label_color":"#685858","button_background_color":"#ffffff","button_radius":0,"border_color":"#ffffff","background_color":"linear-gradient(180deg, rgba(221, 39, 57, 1), rgba(133, 2, 16, 1) 100%)","show_background_image":true,"enable_parallax":true,"background_image":"shopify:\/\/shop_images\/Plain_red_bg_c2_1.jpg","base_width":90,"max_width":"800","inner_padding":40,"outer_margin":0,"custom_css":"","mobile_custom_css":"","override_theme_font":false,"heading_font":"serif","main_font":"serif"}},"design_pack_divider_simple_Uyckc9":{"type":"design_pack_-_divider-simple","settings":{"alignment":"center","base_width":20,"thickness":1,"style":"solid","divider_color":"#cfcfcf","background_color":"linear-gradient(0deg, rgba(247, 247, 247, 1), rgba(255, 255, 255, 1) 100%)","outer_margin_top":20,"outer_margin_bottom":15,"outer_padding_top":25,"outer_padding_bottom":5,"custom_css":"","mobile_custom_css":""}},"cd7c6752-fdc2-4c3f-b142-24eb67ad1c9d":{"type":"image-with-text-overlay","settings":{"image":"shopify:\/\/shop_images\/5_DAys_Sale_Banner_1_1.jpg","height":"adapt","height_desktop":600,"height_mobile":460,"image_link":"","full_width":true,"text_alignment":"center center","mobile_overlay_under":false,"overlay_style":"box"}}},"order":["ff68dbf6-4223-499c-b74e-9349131ed108","design_pack_banner_image_parallax_d8rgNc","main","design_pack_countdown_timer_with_parallax_v2_m3TdXz","design_pack_divider_simple_Uyckc9","cd7c6752-fdc2-4c3f-b142-24eb67ad1c9d"]}