{"sections":{"8a08ab00-230d-42b1-8dd3-7bd039b83d2f":{"type":"slideshow","blocks":{"image_3U8zqc":{"type":"image","disabled":true,"settings":{"image":"shopify:\/\/shop_images\/Kalaignar_4ever_Banner.jpg","mobile_image":"shopify:\/\/shop_images\/Kalaignar_4ever_Mob_Banner.jpg","slide_link":"","subheading":"","title":"","title_size":84,"title_size_mobile":46,"use_h1":false,"text":"","enlarge_text":true,"button_label_1":"","button_url_1":"","button_label_2":"","button_url_2":"","text_alignment":"center center"}},"6efaf81f-7bb3-4b91-aabc-97190fe5f5be":{"type":"image","settings":{"image":"shopify:\/\/shop_images\/Kalaignar_100_Web_c4_1.jpg","slide_link":"shopify:\/\/products\/kalaignar-100-full-figure-sculpture","subheading":"","title":"","title_size":84,"title_size_mobile":46,"use_h1":false,"text":"","enlarge_text":true,"button_label_1":"","button_url_1":"","button_label_2":"","button_url_2":"","text_alignment":"center center"}},"template--14834071765077__8a08ab00-230d-42b1-8dd3-7bd039b83d2f-image-1":{"type":"image","settings":{"image":"shopify:\/\/shop_images\/Kalaignar_With_Pen_Web_Banner_c1_2_1.jpg","slide_link":"","subheading":"","title":"","title_size":84,"title_size_mobile":46,"use_h1":false,"text":"","enlarge_text":true,"button_label_1":"","button_url_1":"","button_label_2":"","button_url_2":"","text_alignment":"center center"}},"template--14834071765077__8a08ab00-230d-42b1-8dd3-7bd039b83d2f-image-2":{"type":"image","settings":{"image":"shopify:\/\/shop_images\/Kalaignar_Web_Banner_4202x1860_low-res.jpg","slide_link":"","subheading":"","title":"","title_size":84,"title_size_mobile":46,"use_h1":false,"text":"","enlarge_text":true,"button_label_1":"","button_url_1":"","button_label_2":"","button_url_2":"","text_alignment":"center center"}}},"block_order":["image_3U8zqc","6efaf81f-7bb3-4b91-aabc-97190fe5f5be","template--14834071765077__8a08ab00-230d-42b1-8dd3-7bd039b83d2f-image-1","template--14834071765077__8a08ab00-230d-42b1-8dd3-7bd039b83d2f-image-2"],"settings":{"height":"adapt","height_desktop":600,"height_mobile":460,"full_width":false,"mobile_overlay_under":false,"overlay_style":"shadow","autoplay":true,"autoplay_speed":7}},"main":{"type":"main-collection","disabled":true,"settings":{"show_image_behind_heading":true,"heading_image_height":"small","overlay_style":"no_background","coll_desc_pos":"above","coll_num_per_page_int":24,"grid":3,"show_vendor":false,"show_total":false,"enable_filtering":false,"collapse_tag_sidebar_by_default":true,"collapse_filters_method":"over-12","show_filter_counts":false,"filter_two_columns":false,"enable_sticky_filter":true,"image_position":"center center"}},"6ecc9614-af25-47b3-a787-040a49537824":{"type":"collection-list","blocks":{"801f91ae-20c2-454a-9e3d-834c1d6d189c":{"type":"collection","settings":{"collection":"kalaignar"}}},"block_order":["801f91ae-20c2-454a-9e3d-834c1d6d189c"],"disabled":true,"settings":{"title":"Collection list","enable_carousel":true,"grid":4,"full_width":false}},"113397ed-34cf-4e66-a857-7da55f51bea3":{"type":"featured-collection","settings":{"title":"","collection":"kalaignar","show_vendor":false,"enable_carousel":false,"grid":4,"rows":3,"show_view_all":false,"full_width":false}}},"order":["8a08ab00-230d-42b1-8dd3-7bd039b83d2f","main","6ecc9614-af25-47b3-a787-040a49537824","113397ed-34cf-4e66-a857-7da55f51bea3"]}