{"sections":{"main":{"type":"main-collection","settings":{"show_image_behind_heading":true,"heading_image_height":"medium","overlay_style":"shadow","coll_desc_pos":"above","coll_num_per_page_int":24,"grid":4,"show_vendor":false,"show_total":false,"enable_filtering":true,"collapse_tag_sidebar_by_default":true,"collapse_filters_method":"over-12","show_filter_counts":false,"filter_two_columns":false,"enable_sticky_filter":true,"image_position":"center center"}},"fd39516d-50ac-4ac4-8c6a-af7932e696d9":{"type":"rich-text","blocks":{"template--14763722473557__fd39516d-50ac-4ac4-8c6a-af7932e696d9-167793238692c7a618-0":{"type":"heading","settings":{"title":"Rich text","use_h1":false}},"template--14763722473557__fd39516d-50ac-4ac4-8c6a-af7932e696d9-167793238692c7a618-1":{"type":"text","settings":{"text":"<p>Use this text to share information about your store with your customers. Describe products, share announcements, or welcome customers to your store.<\/p>","enlarge_text":true}}},"block_order":["template--14763722473557__fd39516d-50ac-4ac4-8c6a-af7932e696d9-167793238692c7a618-0","template--14763722473557__fd39516d-50ac-4ac4-8c6a-af7932e696d9-167793238692c7a618-1"],"settings":{"height":"medium","text_alignment":"center","full_width":false}},"5620b239-9a51-49d3-94be-8316f2c7b8bb":{"type":"design_pack_-_banner_image_-_simple","blocks":{"template--14763722473557__5620b239-9a51-49d3-94be-8316f2c7b8bb-1677932407d06efd6a-0":{"type":"small_text","settings":{"small_text":"<p>New arrivals<\/p>"}},"template--14763722473557__5620b239-9a51-49d3-94be-8316f2c7b8bb-1677932407d06efd6a-1":{"type":"heading","settings":{"title":"Attention-grabbing headline"}},"template--14763722473557__5620b239-9a51-49d3-94be-8316f2c7b8bb-1677932407d06efd6a-2":{"type":"text","settings":{"text":"<p>This simple banner image is just what you need. Add custom images for mobile.<\/p>"}},"template--14763722473557__5620b239-9a51-49d3-94be-8316f2c7b8bb-1677932407d06efd6a-3":{"type":"buttons","settings":{"button_radius":0,"button_label_primary":"Learn more","link_primary":"","button_label_color_primary":"#FFFFFF","button_background_color_primary":"rgba(0,0,0,0)","button_label_secondary":"Shop now","link_secondary":"","button_label_color_secondary":"#283144","button_background_color_secondary":"#FAFAFA"}}},"block_order":["template--14763722473557__5620b239-9a51-49d3-94be-8316f2c7b8bb-1677932407d06efd6a-0","template--14763722473557__5620b239-9a51-49d3-94be-8316f2c7b8bb-1677932407d06efd6a-1","template--14763722473557__5620b239-9a51-49d3-94be-8316f2c7b8bb-1677932407d06efd6a-2","template--14763722473557__5620b239-9a51-49d3-94be-8316f2c7b8bb-1677932407d06efd6a-3"],"settings":{"link":"","image_crop":"1200:600","focal_point":"center center","show_content_below":false,"text_size":100,"text_alignment":"left","text_position":"left center","text_width":600,"text_color":"#FFFFFF","text_background_color":"linear-gradient(180deg, rgba(58, 58, 58, 0.5), rgba(0, 0, 0, 1) 100%)","image_overlay_color":"linear-gradient(180deg, rgba(251, 51, 166, 0), rgba(127, 72, 176, 0.4) 50%, rgba(48, 145, 211, 0.4) 71%, rgba(0, 0, 0, 0.8) 100%)","animation":"fade-in-down","max_width":"","outer_margin_top":40,"outer_margin_bottom":40,"custom_css":"","mobile_custom_css":"","override_theme_font":false,"heading_font":"serif","main_font":"sans-serif"}},"6dfb7504-f428-430e-8352-8f51e8a4f5db":{"type":"design_pack_-_banner_image_-_parallax","blocks":{"template--14763722473557__6dfb7504-f428-430e-8352-8f51e8a4f5db-167793241607071c76-0":{"type":"small_text","settings":{}},"template--14763722473557__6dfb7504-f428-430e-8352-8f51e8a4f5db-167793241607071c76-1":{"type":"heading","settings":{"title":"Parallaxify your store."}},"template--14763722473557__6dfb7504-f428-430e-8352-8f51e8a4f5db-167793241607071c76-2":{"type":"text","settings":{"text":"<p>Catch the eye of your visitors with a parallax section that will draw their interest.<\/p>"}},"template--14763722473557__6dfb7504-f428-430e-8352-8f51e8a4f5db-167793241607071c76-3":{"type":"buttons","settings":{"button_radius":0,"button_label_primary":"Learn more","link_primary":"","button_label_color_primary":"#FFFFFF","button_background_color_primary":"rgba(0,0,0,0)","button_label_secondary":"","link_secondary":"","button_label_color_secondary":"#283144","button_background_color_secondary":"#FAFAFA"}}},"block_order":["template--14763722473557__6dfb7504-f428-430e-8352-8f51e8a4f5db-167793241607071c76-0","template--14763722473557__6dfb7504-f428-430e-8352-8f51e8a4f5db-167793241607071c76-1","template--14763722473557__6dfb7504-f428-430e-8352-8f51e8a4f5db-167793241607071c76-2","template--14763722473557__6dfb7504-f428-430e-8352-8f51e8a4f5db-167793241607071c76-3"],"settings":{"text_size":100,"text_alignment":"center","text_position":"center bottom","text_width":600,"text_color":"#FFFFFF","text_background_color":"","background_color":"linear-gradient(180deg, rgba(255, 255, 255, 0.8), rgba(255, 255, 255, 0.8) 100%)","animation":"fade-in-down","base_width":80,"max_width":"","inner_padding":60,"outer_margin":0,"custom_css":"","mobile_custom_css":"","override_theme_font":false,"heading_font":"serif","main_font":"sans-serif"}},"bc622610-871e-4b7e-b0d6-6d047b4c7968":{"type":"image-with-text-overlay","settings":{"image":"shopify:\/\/shop_images\/Custom_Sculpture_web.jpg","height":"fixed","height_desktop":600,"height_mobile":460,"image_link":"","full_width":false,"text_alignment":"center center","mobile_overlay_under":false,"overlay_style":"no_background"}}},"order":["main","fd39516d-50ac-4ac4-8c6a-af7932e696d9","5620b239-9a51-49d3-94be-8316f2c7b8bb","6dfb7504-f428-430e-8352-8f51e8a4f5db","bc622610-871e-4b7e-b0d6-6d047b4c7968"]}