{"sections":{"ff68dbf6-4223-499c-b74e-9349131ed108":{"type":"background-video","disabled":true,"settings":{"text_alignment":"bottom center","height_desktop":600,"height_mobile":500,"full_width":true,"overlay_style":"shadow"}},"slideshow_w4BVDk":{"type":"slideshow","settings":{"height":"adapt","height_desktop":600,"height_mobile":460,"full_width":false,"mobile_overlay_under":false,"overlay_style":"shadow","autoplay":true,"autoplay_speed":7}},"cd7c6752-fdc2-4c3f-b142-24eb67ad1c9d":{"type":"image-with-text-overlay","disabled":true,"settings":{"image":"shopify:\/\/shop_images\/New_Year_Sale_Product_Page_Banner_afe97b41-98a7-4c7b-92fb-8cf645eae9d5.jpg","mobile_image":"shopify:\/\/shop_images\/New_Year_Sale_Product_Page_Banner_afe97b41-98a7-4c7b-92fb-8cf645eae9d5.jpg","height":"adapt","height_desktop":600,"height_mobile":460,"image_link":"","full_width":true,"text_alignment":"center center","mobile_overlay_under":false,"overlay_style":"box"}},"main":{"type":"main-collection","settings":{"show_image_behind_heading":true,"heading_image_height":"small","overlay_style":"no_background","coll_desc_pos":"above","coll_num_per_page_int":24,"grid":3,"show_vendor":false,"show_total":false,"enable_filtering":true,"collapse_tag_sidebar_by_default":true,"collapse_filters_method":"over-12","show_filter_counts":false,"filter_two_columns":false,"enable_sticky_filter":true,"image_position":"center center"}}},"order":["ff68dbf6-4223-499c-b74e-9349131ed108","slideshow_w4BVDk","cd7c6752-fdc2-4c3f-b142-24eb67ad1c9d","main"]}