{"sections":{"design_pack_richtext_DDbj9X":{"type":"design_pack_-_richtext","blocks":{"heading_Kw73hN":{"type":"heading","settings":{"title":"Introducing Car Dashboard Sculptures","block_heading_color":"","block_heading_size":"","enable_custom_font":false,"custom_font":"abel_n4","heading_level":"h2"}},"text_CiF7qm":{"type":"text","settings":{"text":"<p>Your favourite SILAII sculptures, now in the perfect size for your car dashboard.<\/p>","block_text_color":""}}},"block_order":["heading_Kw73hN","text_CiF7qm"],"name":"Richtext - simple 🎒","settings":{"text_size":100,"text_alignment":"center","text_color":"#121212","background_color":"","show_background_image":false,"animation":"none","base_width":100,"max_width":"1100px","match_padding":true,"inner_padding":35,"bottom_padding":0,"match_margin":true,"outer_margin":25,"bottom_margin":0,"custom_css":"","mobile_custom_css":"","anchor_id":"","custom_classes":"","override_theme_font":true,"heading_font":"sans_serif_n4","main_font":"sans_serif_i4"}},"design_pack_slideshow_FzQiB9":{"type":"design_pack_-_slideshow","blocks":{"slide_DiJhAW":{"type":"slide","settings":{"background_image":"shopify:\/\/shop_images\/DIVINE_BUYNOW_1.jpg","mobile_background_image":"shopify:\/\/shop_images\/DIVINE_MB_1.jpg","preheading":"","title":"","text":"","button_label":"","link":"","text_alignment":"left","text_position":"left center","text_width":500,"text_color":"#ffffff","text_background_color":"","button_label_color":"#ffffff","button_background_color":"#283144","background_color":""}},"slide_FHYRME":{"type":"slide","settings":{"background_image":"shopify:\/\/shop_images\/CARDASHBOARD_-_LEADERS_ICONS_-_BANNER_-_WITH_PRICE_TAG_1.jpg","mobile_background_image":"shopify:\/\/shop_images\/Mobile_Banner_L_I_WBN_1.jpg","preheading":"","title":"","text":"","button_label":"","link":"","text_alignment":"left","text_position":"left center","text_width":500,"text_color":"#ffffff","text_background_color":"","button_label_color":"#ffffff","button_background_color":"#283144","background_color":""}}},"block_order":["slide_DiJhAW","slide_FHYRME"],"name":"Slideshow - simple 🎒","settings":{"image_crop":"1200:600","slider_animation":"slide","show_arrows":true,"show_dots":true,"autoplay":8,"show_mobile_arrows":false,"show_mobile_dots":false,"text_size":100,"button_radius":0,"max_width":"","max_base_width":"","outer_margin_top":0,"outer_margin_bottom":0,"custom_css":"","mobile_custom_css":"","anchor_id":"","override_theme_font":false,"heading_font":"serif","main_font":"system_ui_n4"}},"rich_text_pcmKxP":{"type":"rich-text","blocks":{"heading_efFNBw":{"type":"heading","settings":{"title":"MASTER OFFICIAL MERCHANDISE","use_h1":true}},"text_kHeYQm":{"type":"text","settings":{"text":"<p>A tribute with heartfelt love to our Beloved Thalapathy, a heroic human who has redefined Commercial Cinema, eternally residing in the hearts of millions of fans with his versatile portrayal of various roles, elegant and graceful dance moves, carving a niche as one of the undisputed legend of Indian Cinema. Thalapathy is known for his humility, inexplicable charm, and incomparable talent, enthralling and putting all cinema lovers through the experience of a lifetime with his charisma and fascinating persona.<br\/><\/p>","enlarge_text":true}}},"block_order":["heading_efFNBw","text_kHeYQm"],"disabled":true,"name":"Rich text","settings":{"height":"medium","text_alignment":"center","full_width":false,"color_scheme":"default"}},"image_with_text_overlay_P864Fg":{"type":"image-with-text-overlay","blocks":{"subheading_DmPHat":{"type":"subheading","settings":{"subheading":""}},"heading_AnRFJi":{"type":"heading","settings":{"title":"","heading_max_width":15,"title_size":84,"title_size_mobile":32,"use_h1":false}},"text_CYDpBB":{"type":"text","settings":{"text":"","enlarge_text":true}}},"block_order":["subheading_DmPHat","heading_AnRFJi","text_CYDpBB"],"disabled":true,"name":"Image with text overlay","settings":{"image":"shopify:\/\/shop_images\/GIF_Sale_banner_-_All_pages.jpg","height":"adapt","height_desktop":600,"height_mobile":460,"image_link":"","full_width":true,"text_alignment":"center center","mobile_overlay_under":false,"overlay_style":"shadow"}},"main":{"type":"main-collection","disabled":true,"settings":{"show_title":true,"show_image_behind_heading":true,"heading_image_height":"small","overlay_style":"no_background","coll_desc_pos":"above","coll_num_per_page_int":24,"grid":3,"show_vendor":false,"show_total":false,"enable_filtering":true,"collapse_tag_sidebar_by_default":true,"collapse_filters_method":"over-12","show_filter_counts":false,"filter_two_columns":false,"button_grid_filter_name":"Size,Taille,Größe","auto_apply_hide_unavailable":false,"enable_sticky_filter":true,"show_sort":true,"sort_show_featured":false,"sort_show_best":true,"sort_show_alpha":true,"sort_show_price":true,"sort_show_date":true,"related_collections":[],"related_collections_style":"buttons","rel_coll_gall_aspect_ratio":"1","image_position":"center center","rel_coll_gall_enable_margin":true,"rel_coll_gall_full_width":false,"rel_coll_gall_overlay_style":"shadow","rel_coll_gall_text_alignment":"center center","rel_coll_grid_mobile":"2"}},"design_pack_featured_collection_slider_w_text_gN8Y3D":{"type":"design_pack_-_featured_collection_-_slider_w_text","blocks":{"heading_x4wMMR":{"type":"heading","settings":{"title":"New Divine Series","block_heading_color":"","block_heading_size":"","enable_custom_font":false,"custom_font":"abel_n4","heading_level":"h2"}},"text_K8LrTU":{"type":"text","settings":{"text":"<p>Begin every journey with faith and peace.<\/p>","block_text_color":""}},"collection_cAYRz8":{"type":"collection","settings":{"collection":"divine","title":"","visible_products":8,"button_label":"View all products","button_link":"","button_label_color":"#4b4949","button_background_color":"rgba(0,0,0,0)","button_radius":0}},"collection_DxrPTb":{"type":"collection","settings":{"collection":"","title":"","visible_products":8,"button_label":"View all products","button_link":"","button_label_color":"#4b4949","button_background_color":"rgba(0,0,0,0)","button_radius":0}}},"block_order":["heading_x4wMMR","text_K8LrTU","collection_cAYRz8","collection_DxrPTb"],"name":"Featured collection - slider with text 🎒","settings":{"image_position":"right","per_row":3,"gap":15,"show_arrows":true,"hide_single_collection_title":true,"image_crop":"none","show_secondary_image":true,"show_product_title":true,"show_vendor":false,"show_product_price":true,"show_buy_button":false,"add_to_cart_option":"go_to_cart","custom_theme_trigger":"","show_quantity":false,"show_product_label":true,"show_metafield_badge":true,"badge_metafield_namespace":"","badge_metafield_key":"","show_variants":false,"mobile_grid_item_width":54,"text_size":100,"text_alignment":"left","text_width":48,"text_color":"#121212","heading_color":"#121212","button_label_color":"#4b4949","button_background_color":"","button_radius":0,"badge_text_color":"#ffffff","badge_color":"#333333","badge_border_radius":0,"background_color":"","show_background_image":false,"enable_parallax":false,"animation":"none","base_width":95,"max_width":"","inner_padding":40,"outer_margin":0,"custom_css":"","mobile_custom_css":"","anchor_id":"","custom_classes":"","override_theme_font":false,"heading_font":"serif","main_font":"system_ui_n4","enable_metafield_detect":false}},"design_pack_v3_banner_video_background_p3wp3Y":{"type":"design_pack_v3_-_banner_-_video_background","blocks":{"dpb_heading_Xf9GaB":{"type":"dpb_-_heading","name":"Heading 🎒","settings":{"title":"A Forever Companion for Every Drive","block_heading_color":"","enable_custom_heading_size":false,"block_heading_size":"","mobile_block_heading_size":"","enable_custom_font":false,"custom_font":"abel_n4","enable_highlighted_text":false,"highlight_text_color":"#ffffff","highlight_background_color":"#000000","highlight_heading_size":"","highlight_enable_custom_font":false,"highlight_custom_font":"abel_n4","custom_highlight_css":"","text_alignment":"default","base_width":100,"max_width":"","horizontal_alignment":"default","hidden_on":"none","heading_level":"h2","enable_custom_css":false,"custom_css":"","mobile_css":""},"blocks":{}},"dpb_text_8Uzjf9":{"type":"dpb_-_text","name":"Text 🎒","settings":{"text":"<p>On open roads and endless highways, it brings comfort to every journey.<br\/><\/p>","text_color":"","enable_custom_text_size":false,"block_text_size":"30px","mobile_block_text_size":"","enable_custom_font":false,"custom_font":"abel_n4","enable_highlighted_text":false,"highlight_text_color":"#ffffff","highlight_background_color":"#000000","highlight_enable_custom_font":false,"highlight_custom_font":"abel_n4","custom_highlight_css":"","block_alignment":"default","truncate_text":-1,"read_more_text":"Read more","read_less_text":"Read less","base_width":100,"max_width":"","horizontal_alignment":"default","hidden_on":"none","enable_custom_css":false,"custom_css":"","mobile_css":""},"blocks":{}},"dpb_button_group_fhyf9p":{"type":"dpb_-_button-group","name":"Buttons 🎒","settings":{"gap":18,"row_gap":18,"base_width":100,"max_width":"600px","horizontal_alignment":"default","hidden_on":"none","enable_custom_css":false,"custom_css":"","mobile_css":""},"blocks":{}}},"block_order":["dpb_heading_Xf9GaB","dpb_text_8Uzjf9","dpb_button_group_fhyf9p"],"name":"Banner - video background 🎒","settings":{"video":"shopify:\/\/files\/videos\/Highway.mp4","loop":true,"image_crop":"1200:600","aspect_ratio":"16:9","link":"","mobile_aspect_ratio":"","text_size":80,"text_alignment":"center","text_position":"center center","text_width":600,"text_color":"#ffffff","text_background_solid":"","text_background_color":"","text_background_radius":0,"image_overlay_color":"radial-gradient(rgba(255, 255, 255, 0.4), rgba(0, 0, 0, 0.4) 100%)","animation":"none","base_width":100,"max_base_width":"","max_width":"","outer_margin_top":0,"outer_margin_bottom":0,"hidden_on":"none","custom_css":"","mobile_custom_css":"","anchor_id":"","custom_classes":"","custom_style":"global","style_scheme":"","override_theme_font":false,"heading_font":"serif","main_font":"system_ui_n4","enable_metafield_detect":false}},"design_pack_featured_collection_slider_w_text_8QeepY":{"type":"design_pack_-_featured_collection_-_slider_w_text","blocks":{"heading_yCAY9i":{"type":"heading","settings":{"title":"Iconic Leaders","block_heading_color":"","block_heading_size":"","enable_custom_font":false,"custom_font":"abel_n4","heading_level":"h2"}},"text_4w6LKy":{"type":"text","settings":{"text":"<p>A presence for your journey. A sculpture that stays with you, Forever.<br\/><\/p>","block_text_color":""}},"collection_4rphzw":{"type":"collection","settings":{"collection":"icons","title":"","visible_products":8,"button_label":"View all products","button_link":"","button_label_color":"#4b4949","button_background_color":"rgba(0,0,0,0)","button_radius":0}},"collection_i9RVgC":{"type":"collection","settings":{"collection":"","title":"","visible_products":8,"button_label":"View all products","button_link":"","button_label_color":"#4b4949","button_background_color":"rgba(0,0,0,0)","button_radius":0}}},"block_order":["heading_yCAY9i","text_4w6LKy","collection_4rphzw","collection_i9RVgC"],"name":"Featured collection - slider with text 🎒","settings":{"image_position":"right","per_row":3,"gap":15,"show_arrows":true,"hide_single_collection_title":true,"image_crop":"none","show_secondary_image":true,"show_product_title":true,"show_vendor":false,"show_product_price":true,"show_buy_button":false,"add_to_cart_option":"go_to_cart","custom_theme_trigger":"","show_quantity":false,"show_product_label":true,"show_metafield_badge":true,"badge_metafield_namespace":"","badge_metafield_key":"","show_variants":false,"mobile_grid_item_width":54,"text_size":100,"text_alignment":"left","text_width":48,"text_color":"#121212","heading_color":"#121212","button_label_color":"#4b4949","button_background_color":"","button_radius":0,"badge_text_color":"#ffffff","badge_color":"#333333","badge_border_radius":0,"background_color":"","show_background_image":false,"enable_parallax":false,"animation":"none","base_width":95,"max_width":"","inner_padding":40,"outer_margin":0,"custom_css":"","mobile_custom_css":"","anchor_id":"","custom_classes":"","override_theme_font":false,"heading_font":"serif","main_font":"system_ui_n4","enable_metafield_detect":false}},"design_pack_slideshow_LHR8iX":{"type":"design_pack_-_slideshow","blocks":{"slide_TaybbY":{"type":"slide","settings":{"background_image":"shopify:\/\/shop_images\/Che_Landing_page.jpg","mobile_background_image":"shopify:\/\/shop_images\/Che__Mob_Banner.jpg","preheading":"HE STAYS WITH YOU","title":"","text":"","button_label":"","link":"","text_alignment":"left","text_position":"center bottom","text_width":500,"text_color":"#ffffff","text_background_color":"","button_label_color":"#ffffff","button_background_color":"#283144","background_color":""}},"slide_ALTn4q":{"type":"slide","settings":{"background_image":"shopify:\/\/shop_images\/Gandhi_Landing_page.jpg","mobile_background_image":"shopify:\/\/shop_images\/Gandhi_Mob_Banner.jpg","preheading":"HE'S STILL BESIDE YOU","title":"","text":"","button_label":"","link":"","text_alignment":"left","text_position":"left bottom","text_width":500,"text_color":"#ffffff","text_background_color":"","button_label_color":"#ffffff","button_background_color":"#283144","background_color":""}},"slide_jQrQrr":{"type":"slide","settings":{"background_image":"shopify:\/\/shop_images\/Ambedkar_Landing_page.jpg","mobile_background_image":"shopify:\/\/shop_images\/Ambedkar_Mob_Banner.jpg","preheading":"HE GUIDES YOU","title":"","text":"","button_label":"","link":"","text_alignment":"left","text_position":"left bottom","text_width":500,"text_color":"#ffffff","text_background_color":"","button_label_color":"#ffffff","button_background_color":"#283144","background_color":""}},"slide_AUTf4R":{"type":"slide","settings":{"background_image":"shopify:\/\/shop_images\/MGR_Landing_page.jpg","mobile_background_image":"shopify:\/\/shop_images\/MGR_Mob_Banner.jpg","preheading":"HE FOLLOWS YOU","title":"","text":"","button_label":"","link":"","text_alignment":"left","text_position":"left bottom","text_width":500,"text_color":"#ffffff","text_background_color":"","button_label_color":"#ffffff","button_background_color":"#283144","background_color":""}},"slide_yFCDWb":{"type":"slide","settings":{"background_image":"shopify:\/\/shop_images\/Karl_Marx_Landing_page.jpg","mobile_background_image":"shopify:\/\/shop_images\/Karl_Marx_Mob_Banner.jpg","preheading":"HE GUIDES YOU","title":"","text":"","button_label":"","link":"","text_alignment":"left","text_position":"left bottom","text_width":500,"text_color":"#ffffff","text_background_color":"","button_label_color":"#ffffff","button_background_color":"#283144","background_color":""}}},"block_order":["slide_TaybbY","slide_ALTn4q","slide_jQrQrr","slide_AUTf4R","slide_yFCDWb"],"name":"Slideshow - simple 🎒","settings":{"image_crop":"1200:600","slider_animation":"slide","show_arrows":true,"show_dots":true,"autoplay":8,"show_mobile_arrows":false,"show_mobile_dots":false,"text_size":100,"button_radius":0,"max_width":"","max_base_width":"","outer_margin_top":0,"outer_margin_bottom":0,"custom_css":"","mobile_custom_css":"","anchor_id":"","override_theme_font":false,"heading_font":"serif","main_font":"system_ui_n4"}},"design_pack_richtext_VPKArd":{"type":"design_pack_-_richtext","blocks":{"text_7YJ97G":{"type":"text","settings":{"text":"<p> <br\/>For every drive that takes you places,<br\/>A sculpture that makes you feel like home.<br\/><br\/><\/p>","block_text_color":""}}},"block_order":["text_7YJ97G"],"name":"Richtext - simple 🎒","settings":{"text_size":100,"text_alignment":"center","text_color":"#121212","background_color":"","show_background_image":false,"animation":"none","base_width":80,"max_width":"1100px","match_padding":true,"inner_padding":40,"bottom_padding":0,"match_margin":true,"outer_margin":40,"bottom_margin":0,"custom_css":"","mobile_custom_css":"","anchor_id":"","custom_classes":"","override_theme_font":true,"heading_font":"sans_serif_n4","main_font":"sans_serif_i4"}},"design_pack_collection_grid_VNa4AF":{"type":"design_pack_-_collection_grid","blocks":{"image_34GfUz":{"type":"image","settings":{"image":"shopify:\/\/shop_images\/Artboard2_a217a819-d2b8-4038-8dde-54bb494ce1fd.jpg","focal_point":"center center","title":"","text":"","button_label":"SHOP NOW","link":"shopify:\/\/products\/a-p-j-abdul-kalam-dasboard-sculpture","text_position":"center center"}},"image_fMixk9":{"type":"image","settings":{"image":"shopify:\/\/shop_images\/Artboard2_7356f644-01ec-428d-a8b3-25b75e08e20a.jpg","focal_point":"top center","title":"","text":"","button_label":"SHOP NOW","link":"shopify:\/\/products\/ambedkar-car-dashboard-sculpture","text_position":"center bottom"}},"image_NCQykV":{"type":"image","settings":{"image":"shopify:\/\/shop_images\/Artboard2_14248a4e-b661-4687-a4e9-a846b7519978.jpg","focal_point":"center center","title":"","text":"","button_label":"SHOP NOW","link":"shopify:\/\/products\/bharathiyar-sculpture","text_position":"center bottom"}},"image_y3cHKe":{"type":"image","settings":{"image":"shopify:\/\/shop_images\/Artboard2_e7169283-62c3-4b6c-acaf-ca7008529ba2.jpg","focal_point":"center center","title":"","text":"","button_label":"SHOP NOW","link":"shopify:\/\/products\/car-dashboard-gandhi-sculpture","text_position":"center bottom"}}},"block_order":["image_34GfUz","image_fMixk9","image_NCQykV","image_y3cHKe"],"name":"Collections - grid 🎒","settings":{"heading":"","image_crop":"1:1","column_gap":30,"row_gap":60,"border_radius":10,"enable_hover":true,"show_text_below":false,"grid_number":4,"mobile_grid_number":"2","text_size":100,"heading_color":"#111b1c","text_color":"#ffffff","text_background_color":"linear-gradient(0deg, rgba(0, 0, 0, 0.8), rgba(120, 196, 245, 0) 74%)","button_label_color":"#111b1c","background_color":"","animation":"none","base_width":95,"max_width":"1000","inner_padding":20,"outer_margin":40,"custom_css":"","mobile_custom_css":"","anchor_id":"","custom_classes":"","override_theme_font":false,"heading_font":"serif","main_font":"system_ui_n4"}},"design_pack_richtext_MKNTYG":{"type":"design_pack_-_richtext","blocks":{"heading_BF3rRh":{"type":"heading","settings":{"title":"Why Sculptures on Your Dashboard?","block_heading_color":"","block_heading_size":"","enable_custom_font":false,"custom_font":"abel_n4","heading_level":"h6"}},"text_VjGAdF":{"type":"text","settings":{"text":"<p>For some people, it is emotional, a reminder that they are not driving alone. For others, it is routine, something they see every day before they begin their journey. For some, it is aesthetic, a small detail that makes the car feel complete. And for many, it is simply comfort, a presence that brings calm during traffic and long drives.<\/p><p>Whatever the reason, the meaning is always personal.<\/p>","block_text_color":""}}},"block_order":["heading_BF3rRh","text_VjGAdF"],"name":"Richtext - simple 🎒","settings":{"text_size":100,"text_alignment":"left","text_color":"#121212","background_color":"","show_background_image":false,"animation":"none","base_width":80,"max_width":"500px","match_padding":true,"inner_padding":40,"bottom_padding":0,"match_margin":true,"outer_margin":40,"bottom_margin":0,"custom_css":"","mobile_custom_css":"","anchor_id":"","custom_classes":"","override_theme_font":true,"heading_font":"system_ui_n4","main_font":"system_ui_n4"}},"design_pack_marquee_gallery_bL7hHq":{"type":"design_pack_-_marquee_-_gallery","blocks":{"image_hRYqri":{"type":"image","settings":{"image":"shopify:\/\/shop_images\/Car_Dashboard_Carousel_v4-06_1.png","link":"","external_link":false}},"image_MCAdQe":{"type":"image","settings":{"image":"shopify:\/\/shop_images\/Car_Dashboard_Carousel-02_2_1.png","link":"","external_link":false}},"image_rERiyt":{"type":"image","settings":{"image":"shopify:\/\/shop_images\/Car_Dashboard_Carousel-03_2_1.png","link":"","external_link":false}},"image_EPqQHf":{"type":"image","settings":{"image":"shopify:\/\/shop_images\/Car_Dashboard_Carousel-04_2_1.png","link":"","external_link":false}},"image_k9w7Yi":{"type":"image","settings":{"image":"shopify:\/\/shop_images\/Car_Dashboard_Carousel-05_2_1.png","link":"","external_link":false}}},"block_order":["image_hRYqri","image_MCAdQe","image_rERiyt","image_EPqQHf","image_k9w7Yi"],"name":"Marquee - gallery 🎒","settings":{"grid_item_width":46,"gap":0,"image_crop":"none","speed":0.6,"reverse_scrolling":true,"scrolling_pause":true,"mobile_grid_item_width":82,"border_radius":0,"border_color":"#121212","border_width":0,"background_color":"#f7f7f7","fade_edges":false,"base_width":100,"max_width":"","inner_padding":0,"outer_margin":0,"custom_css":"","mobile_custom_css":"","anchor_id":""}},"multi_column_eQQnKE":{"type":"multi-column","blocks":{"text_block_wAi4qy":{"type":"text_block","settings":{"enable_media":true,"image":"shopify:\/\/shop_images\/compact_size_1.png","title":"Compact 3 Inch Design","text":"<p>Perfectly sized for all car dashboards without blocking visibility.<br\/><br\/><\/p>","button_label":"","link":""}},"text_block_wgLBTe":{"type":"text_block","settings":{"enable_media":true,"image":"shopify:\/\/shop_images\/light_weight_1.png","title":"Lightweight & Durable","text":"<p>Strong composite material that is long-lasting yet easy to handle.<\/p>","button_label":"","link":""}},"text_block_4cmRJF":{"type":"text_block","settings":{"enable_media":true,"image":"shopify:\/\/shop_images\/made_in_india_1.png","title":"Home-grown Craftsmanship","text":"<p>with Indian artistry and precision.<\/p>","button_label":"","link":""}}},"block_order":["text_block_wAi4qy","text_block_wgLBTe","text_block_4cmRJF"],"name":"Multi-column","settings":{"title":"","media_aspect_ratio":"s","media_width":140,"text_alignment":"center","button_style":"primary","color_scheme":"default"}},"image_with_text_bcXnEa":{"type":"image-with-text","blocks":{"heading_J9hMbU":{"type":"heading","settings":{"title":"About the Car Dashboard Series","use_h1":false}},"text_BgRkYg":{"type":"text","settings":{"text":"<p>A collection of Leaders and Icons Sculptures, thoughtfully designed to inspire, comfort, and accompany you on every journey. Each Sculpture is made exclusively for safe placement on your car dashboard, turning your daily travel into a moment of companionship.<\/p><p>These sculptures are crafted to be your everyday companions, connecting you to the stories and inspirations that guide you, wherever you go.<\/p>","enlarge_text":false}},"button_BEwjpx":{"type":"button","settings":{"button_label":"BUY NOW","button_link":"shopify:\/\/collections\/icons","button_style":"primary"}}},"block_order":["heading_J9hMbU","text_BgRkYg","button_BEwjpx"],"name":"Image with text","settings":{"image":"shopify:\/\/shop_images\/THIRUVALLUVAR_3_634f2b9b-3cda-434d-95d0-4830f3bf05a8.jpg","image_2":"shopify:\/\/shop_images\/Artboard2_fbe37f7e-b794-4a84-8f6f-4fcee6e7f3a9.jpg","image_width":700,"image_link":"","image_position":"left","text_alignment":"left","color_scheme":"default"}},"design_pack_slideshow_L6pBgz":{"type":"design_pack_-_slideshow","blocks":{"slide_e47yXg":{"type":"slide","disabled":true,"settings":{"background_image":"shopify:\/\/shop_images\/CARDASHBOARD_GANDHI_MANIPULATION_1.jpg","preheading":"","title":"","text":"","button_label":"","link":"","text_alignment":"left","text_position":"left center","text_width":500,"text_color":"#ffffff","text_background_color":"","button_label_color":"#ffffff","button_background_color":"#283144","background_color":""}},"slide_jDajGQ":{"type":"slide","disabled":true,"settings":{"background_image":"shopify:\/\/shop_images\/CARDASHBOARD_-_DIVINE_-_BANNER_-_WITH_PRICE_TAG_1.jpg","mobile_background_image":"shopify:\/\/shop_images\/Mobile_Banner_D_WBN_1.jpg","preheading":"","title":"","text":"","button_label":"","link":"","text_alignment":"left","text_position":"left center","text_width":500,"text_color":"#ffffff","text_background_color":"","button_label_color":"#ffffff","button_background_color":"#283144","background_color":""}}},"block_order":["slide_e47yXg","slide_jDajGQ"],"name":"Slideshow - simple 🎒","settings":{"image_crop":"1200:600","slider_animation":"slide","show_arrows":true,"show_dots":true,"autoplay":8,"show_mobile_arrows":false,"show_mobile_dots":false,"text_size":100,"button_radius":0,"max_width":"","max_base_width":"","outer_margin_top":0,"outer_margin_bottom":0,"custom_css":"","mobile_custom_css":"","anchor_id":"","override_theme_font":false,"heading_font":"serif","main_font":"system_ui_n4"}}},"order":["design_pack_richtext_DDbj9X","design_pack_slideshow_FzQiB9","rich_text_pcmKxP","image_with_text_overlay_P864Fg","main","design_pack_featured_collection_slider_w_text_gN8Y3D","design_pack_v3_banner_video_background_p3wp3Y","design_pack_featured_collection_slider_w_text_8QeepY","design_pack_slideshow_LHR8iX","design_pack_richtext_VPKArd","design_pack_collection_grid_VNa4AF","design_pack_richtext_MKNTYG","design_pack_marquee_gallery_bL7hHq","multi_column_eQQnKE","image_with_text_bcXnEa","design_pack_slideshow_L6pBgz"]}