{"sections":{"ff68dbf6-4223-499c-b74e-9349131ed108":{"type":"background-video","disabled":true,"settings":{"text_alignment":"bottom center","height_desktop":600,"height_mobile":500,"full_width":true,"overlay_style":"shadow"}},"19d8d338-ceb3-433d-bbc4-ad087233ee6c":{"type":"design_pack_-_marquee_-_multitext","blocks":{"template--14783092031573__19d8d338-ceb3-433d-bbc4-ad087233ee6c-1680958923916ecc55-0":{"type":"content","settings":{"text":"14% OFF"}},"template--14783092031573__19d8d338-ceb3-433d-bbc4-ad087233ee6c-1680958923916ecc55-1":{"type":"content","settings":{"text":"CODE: BHIMJI"}},"9633eb93-34e3-4551-8c24-856985da99c0":{"type":"content","settings":{"text":"- VALID TILL 14th APRIL -"}}},"block_order":["template--14783092031573__19d8d338-ceb3-433d-bbc4-ad087233ee6c-1680958923916ecc55-0","template--14783092031573__19d8d338-ceb3-433d-bbc4-ad087233ee6c-1680958923916ecc55-1","9633eb93-34e3-4551-8c24-856985da99c0"],"disabled":true,"settings":{"speed":12,"scrolling_pause":false,"image_size":"medium","text_size":90,"text_color":"#121212","background_color":"","inner_padding":15,"outer_margin":0,"custom_css":"","mobile_custom_css":"","override_theme_font":false,"main_font":"arimo_n4"}},"main":{"type":"main-collection","settings":{"show_image_behind_heading":true,"heading_image_height":"small","overlay_style":"no_background","coll_desc_pos":"above","coll_num_per_page_int":24,"grid":3,"show_vendor":false,"show_total":false,"enable_filtering":false,"collapse_tag_sidebar_by_default":true,"collapse_filters_method":"over-12","show_filter_counts":false,"filter_two_columns":false,"enable_sticky_filter":true,"image_position":"center center"}},"ef6f0788-89ae-48ae-a486-7cf5a7704298":{"type":"image-with-text-overlay","disabled":true,"settings":{"image":"shopify:\/\/shop_images\/Ambedkar_Banner_14th_C2.jpg","height":"adapt","height_desktop":600,"height_mobile":460,"image_link":"","full_width":false,"text_alignment":"center center","mobile_overlay_under":false,"overlay_style":"no_background"}},"cd7c6752-fdc2-4c3f-b142-24eb67ad1c9d":{"type":"image-with-text-overlay","disabled":true,"settings":{"image":"shopify:\/\/shop_images\/LifeSize_Banner_Low-Res_a09533fd-d9e9-4b3f-9163-6d287dd3a931.jpg","height":"fixed","height_desktop":600,"height_mobile":460,"image_link":"","full_width":true,"text_alignment":"center center","mobile_overlay_under":false,"overlay_style":"box"}},"db5d8bca-4d4a-42d0-ad10-3402de13b5d6":{"type":"design_pack_-_banner_image_-_simple","blocks":{"template--14783092031573__db5d8bca-4d4a-42d0-ad10-3402de13b5d6-16809582292e15c167-0":{"type":"small_text","settings":{"small_text":"<p>New arrivals<\/p>"}},"template--14783092031573__db5d8bca-4d4a-42d0-ad10-3402de13b5d6-16809582292e15c167-1":{"type":"heading","settings":{"title":"Attention-grabbing headline"}},"template--14783092031573__db5d8bca-4d4a-42d0-ad10-3402de13b5d6-16809582292e15c167-2":{"type":"text","settings":{"text":"<p>This simple banner image is just what you need. Add custom images for mobile.<\/p>"}},"template--14783092031573__db5d8bca-4d4a-42d0-ad10-3402de13b5d6-16809582292e15c167-3":{"type":"buttons","settings":{"button_radius":0,"button_label_primary":"Learn more","link_primary":"","button_label_color_primary":"#ffffff","button_background_color_primary":"rgba(0,0,0,0)","button_label_secondary":"Shop now","link_secondary":"","button_label_color_secondary":"#283144","button_background_color_secondary":"#fafafa"}}},"block_order":["template--14783092031573__db5d8bca-4d4a-42d0-ad10-3402de13b5d6-16809582292e15c167-0","template--14783092031573__db5d8bca-4d4a-42d0-ad10-3402de13b5d6-16809582292e15c167-1","template--14783092031573__db5d8bca-4d4a-42d0-ad10-3402de13b5d6-16809582292e15c167-2","template--14783092031573__db5d8bca-4d4a-42d0-ad10-3402de13b5d6-16809582292e15c167-3"],"disabled":true,"settings":{"link":"","image_crop":"1200:600","focal_point":"center center","show_content_below":false,"text_size":100,"text_alignment":"left","text_position":"left center","text_width":600,"text_color":"#ffffff","text_background_color":"linear-gradient(180deg, rgba(58, 58, 58, 0.5), rgba(0, 0, 0, 1) 100%)","image_overlay_color":"linear-gradient(180deg, rgba(251, 51, 166, 0), rgba(127, 72, 176, 0.4) 50%, rgba(48, 145, 211, 0.4) 71%, rgba(0, 0, 0, 0.8) 100%)","animation":"fade-in-down","max_width":"","outer_margin_top":40,"outer_margin_bottom":40,"custom_css":"","mobile_custom_css":"","override_theme_font":false,"heading_font":"serif","main_font":"sans-serif"}},"05d9b3c9-70d4-4c44-b65e-5b5091dcdaf1":{"type":"rich-text","blocks":{"template--14783092031573__05d9b3c9-70d4-4c44-b65e-5b5091dcdaf1-168095889972e18e2c-0":{"type":"heading","settings":{"title":"Rich text","use_h1":false}},"template--14783092031573__05d9b3c9-70d4-4c44-b65e-5b5091dcdaf1-168095889972e18e2c-1":{"type":"text","settings":{"text":"<p>Use this text to share information about your store with your customers. Describe products, share announcements, or welcome customers to your store.<\/p>","enlarge_text":true}}},"block_order":["template--14783092031573__05d9b3c9-70d4-4c44-b65e-5b5091dcdaf1-168095889972e18e2c-0","template--14783092031573__05d9b3c9-70d4-4c44-b65e-5b5091dcdaf1-168095889972e18e2c-1"],"disabled":true,"settings":{"height":"medium","text_alignment":"center","full_width":false}}},"order":["ff68dbf6-4223-499c-b74e-9349131ed108","19d8d338-ceb3-433d-bbc4-ad087233ee6c","main","ef6f0788-89ae-48ae-a486-7cf5a7704298","cd7c6752-fdc2-4c3f-b142-24eb67ad1c9d","db5d8bca-4d4a-42d0-ad10-3402de13b5d6","05d9b3c9-70d4-4c44-b65e-5b5091dcdaf1"]}