{"sections":{"f83eb685-58b9-4974-9a08-3aea0daf0c6c":{"type":"slideshow","blocks":{"template--14722025160789__f83eb685-58b9-4974-9a08-3aea0daf0c6c-16718711594e8a2bb5-0":{"type":"image","disabled":true,"settings":{"image":"shopify:\/\/shop_images\/30__5inch_Valluvar_1.jpg","slide_link":"shopify:\/\/products\/buy-5-inch-thiruvalluvar-sculpture-online","subheading":"","title":"","title_size":24,"title_size_mobile":36,"use_h1":false,"text":"","enlarge_text":true,"button_label_1":"","button_url_1":"shopify:\/\/products\/buy-5-inch-thiruvalluvar-sculpture-online","button_label_2":"","button_url_2":"","text_alignment":"bottom center"}},"template--14722025160789__f83eb685-58b9-4974-9a08-3aea0daf0c6c-16718711594e8a2bb5-1":{"type":"image","disabled":true,"settings":{"image":"shopify:\/\/shop_images\/30__Olaichuvadi_Valluvar_Banner_1.jpg","slide_link":"shopify:\/\/products\/buy-6-inch-olaichuvadi-valluvar-sculpture-online","subheading":"","title":"","title_size":84,"title_size_mobile":46,"use_h1":false,"text":"","enlarge_text":true,"button_label_1":"","button_url_1":"","button_label_2":"","button_url_2":"","text_alignment":"center center"}},"b1346b67-d545-4cb4-8e0d-7882436a34c9":{"type":"image","settings":{"image":"shopify:\/\/shop_images\/Hero_Banner_Udhayanidhi_Modi_1.jpg","slide_link":"shopify:\/\/products\/buy-the-replica-of-kanyakumari-thiruvalluvar-statue-and-sculpture-as-silaii-online","subheading":"","title":"","title_size":84,"title_size_mobile":46,"use_h1":false,"text":"","enlarge_text":true,"button_label_1":"","button_url_1":"","button_label_2":"","button_url_2":"","text_alignment":"bottom right"}},"72730faa-39de-4634-9bcc-0fbcbdfe4ca9":{"type":"image","disabled":true,"settings":{"image":"shopify:\/\/shop_images\/ITV_All_Valluvar_HeroBanner2_C2.jpg","slide_link":"shopify:\/\/collections\/illamthorumvalluvar","subheading":"","title":"","title_size":84,"title_size_mobile":46,"use_h1":false,"text":"","enlarge_text":true,"button_label_1":"","button_url_1":"","button_label_2":"","button_url_2":"","text_alignment":"center center"}}},"block_order":["template--14722025160789__f83eb685-58b9-4974-9a08-3aea0daf0c6c-16718711594e8a2bb5-0","template--14722025160789__f83eb685-58b9-4974-9a08-3aea0daf0c6c-16718711594e8a2bb5-1","b1346b67-d545-4cb4-8e0d-7882436a34c9","72730faa-39de-4634-9bcc-0fbcbdfe4ca9"],"settings":{"height":"adapt","height_desktop":600,"height_mobile":640,"full_width":false,"mobile_overlay_under":false,"overlay_style":"no_background","autoplay":true,"autoplay_speed":3}},"7a1c6c9f-d202-4596-8b9f-85497feea201":{"type":"design_pack_-_marquee_-_multitext","blocks":{"template--14770511380565__7a1c6c9f-d202-4596-8b9f-85497feea201-168128531881a2e9e9-0":{"type":"content","settings":{"text":"OFFER ENDING SOON !!"}},"template--14770511380565__7a1c6c9f-d202-4596-8b9f-85497feea201-168128531881a2e9e9-1":{"type":"content","settings":{"text":"50% OFF UNTIL APRIL 14th"}}},"block_order":["template--14770511380565__7a1c6c9f-d202-4596-8b9f-85497feea201-168128531881a2e9e9-0","template--14770511380565__7a1c6c9f-d202-4596-8b9f-85497feea201-168128531881a2e9e9-1"],"disabled":true,"settings":{"speed":18,"scrolling_pause":false,"image_size":"medium","text_size":80,"text_color":"#fff9ef","background_color":"radial-gradient(rgba(221, 0, 23, 1) 46%, rgba(135, 0, 13, 0.82) 100%)","fade_edges":false,"inner_padding":25,"outer_margin":0,"custom_css":"","mobile_custom_css":"","override_theme_font":true,"main_font":"righteous_n4"}},"16a2a064-aef2-45e8-bf99-cab1c14f8a0c":{"type":"image-with-text-overlay","disabled":true,"settings":{"image":"shopify:\/\/shop_images\/ITV_All_Valluvar_HeroBanner2_C1_2.jpg","height":"adapt","height_desktop":200,"height_mobile":200,"image_link":"","full_width":false,"text_alignment":"center center","mobile_overlay_under":false,"overlay_style":"no_background"}},"f68ab104-1a49-4c65-b099-ed5b3b91821b":{"type":"product-list","settings":{"title":"இல்லம் தோறும் வள்ளுவர்","product_list":["buy-5-inch-thiruvalluvar-sculpture-online","buy-thiruvalluvar-sculpture-online","valluvar-kottam-chariot-sculpture-chennai","thirukural-thiruvalluvar-full-figure-sculpture","buy-the-replica-of-kanyakumari-thiruvalluvar-statue-and-sculpture-as-silaii-online","buy-6-inch-olaichuvadi-valluvar-sculpture-online","buy-9-inch-olaichuvadi-valluvar-sculpture-online","buy-the-life-size-sculpture-of-thiruvalluvar-online-from-silaii"],"show_vendor":false,"enable_carousel":false,"grid":4,"full_width":false}},"818b834d-c5e2-4e9c-b92b-abecf22ca398":{"type":"image-with-text-overlay","settings":{"image":"shopify:\/\/shop_images\/Text_Banner_C1.jpg","height":"adapt","height_desktop":600,"height_mobile":200,"image_link":"","full_width":false,"text_alignment":"center center","mobile_overlay_under":false,"overlay_style":"no_background"}},"32ead4de-6fe3-422f-91b5-c07eef1b2f8f":{"type":"design_pack_-_divider-simple","settings":{"alignment":"center","base_width":20,"thickness":1,"style":"double","divider_color":"#ffffff","background_color":"linear-gradient(0deg, rgba(247, 241, 240, 1), rgba(255, 255, 255, 1) 100%)","outer_margin_top":0,"outer_margin_bottom":0,"outer_padding_top":10,"outer_padding_bottom":20,"custom_css":"","mobile_custom_css":""}},"3a3e66bb-e789-4e9a-aca1-aeeab3dff657":{"type":"design_pack_-_banner_image_-_parallax","blocks":{"template--14722025160789__3a3e66bb-e789-4e9a-aca1-aeeab3dff657-16706544991953a302-0":{"type":"small_text","settings":{}},"template--14722025160789__3a3e66bb-e789-4e9a-aca1-aeeab3dff657-16706544991953a302-1":{"type":"heading","disabled":true,"settings":{"title":"சிலைகளின் மகத்துவம் தெரிந்த நம் தமிழ்ச்  சமுதாயத்தில், ஒவ்வொரு வீட்டிலும் இருக்கவேண்டிய ஒரு சிலையைப் பற்றிய விழிப்புணர்வை ஏற்படுத்தும் வகையில் நாங்கள் உருவாக்கிய ஒரு திட்டம்தான் \"இல்லம் தோறும் வள்ளுவர்\". எங்களின் இந்த முழக்கத்திற்கு முழு ஆதரவு தந்து இதை அடுத்த கட்டத்திற்கு எடுத்த செல்ல எங்களுடன் சேர்ந்து நீங்களும் பயணிப்பீர்கள் என நம்புகிறோம்."}},"template--14722025160789__3a3e66bb-e789-4e9a-aca1-aeeab3dff657-16706544991953a302-2":{"type":"text","settings":{"text":"<ul><li><\/li><\/ul>"}},"template--14722025160789__3a3e66bb-e789-4e9a-aca1-aeeab3dff657-16706544991953a302-3":{"type":"buttons","settings":{"button_radius":0,"button_label_primary":"","link_primary":"","button_label_color_primary":"#ffffff","button_background_color_primary":"rgba(0,0,0,0)","button_label_secondary":"","link_secondary":"","button_label_color_secondary":"#283144","button_background_color_secondary":"#fafafa"}}},"block_order":["template--14722025160789__3a3e66bb-e789-4e9a-aca1-aeeab3dff657-16706544991953a302-0","template--14722025160789__3a3e66bb-e789-4e9a-aca1-aeeab3dff657-16706544991953a302-1","template--14722025160789__3a3e66bb-e789-4e9a-aca1-aeeab3dff657-16706544991953a302-2","template--14722025160789__3a3e66bb-e789-4e9a-aca1-aeeab3dff657-16706544991953a302-3"],"settings":{"background_image":"shopify:\/\/shop_images\/ATS9041_Low.jpg","text_size":80,"text_alignment":"right","text_position":"right bottom","text_width":450,"text_color":"#ffffff","text_background_color":"","background_color":"","animation":"fade-in-down","base_width":60,"max_width":"","inner_padding":100,"outer_margin":0,"custom_css":"","mobile_custom_css":"","override_theme_font":false,"heading_font":"serif","main_font":"sans-serif"}},"d063ef1d-addf-487d-a74f-31c57aabd19b":{"type":"design_pack_-_text_-_expandable","settings":{"icon":"information","icon_alignment":"right","title":"முழக்கத்தின் நோக்கம்...","description":"<p> திருவள்ளுவர்<strong> <\/strong>சிலையை ஒவ்வொரு குடும்பத்தின் வரவேற்பரையிலும் கொண்டு சேர்ப்பதன் மூலம், அவரது குறள் வழி வாழ்க்கையை இன்றைய இளைய தலைமுறைக்கும் நினைவுபடுத்தி, அவரது கருத்துக்களைப் பின்பற்றவைக்க முடியும் என்று நம்புகிறோம்.<\/p><p>தமிழினம் - பல்வேறு வாழ்க்கைமுறை, வழிபாட்டு முறைகளால் வேறுபட்டிருக்கலாம். ஆனால், திருவள்ளுவர் என்று வந்துவிட்டால், அவர் அனைவருக்கும் பொதுவான ஒரு குருவாகப் பார்க்கப்படுபவர்! அவரது சிலை, ஒவ்வொரு தமிழரின் வீட்டிலும் இருப்பது நம் இனப்பெருமையை, ஒற்றுமையை இன்னும் உயிர்ப்புடன் வைத்திருக்க உதவும்.!<\/p>","text_size":70,"text_alignment":"center","text_color":"#121212","highlight_color":"#676767","background_color":"","base_width":80,"max_width":"","inner_padding":10,"outer_margin":40,"custom_css":"","mobile_custom_css":"","override_theme_font":false,"heading_font":"serif","main_font":"sans-serif"}},"d3e1f676-ae5b-4998-9519-212fdb8daf22":{"type":"gallery","settings":{"desktop_image_height":390,"mobile_image_height":230,"title_size":120,"title_size_mobile":22,"enable_margin":true,"enable_row_spacing":true,"full_width":true,"enable_carousel":true,"overlay_style":"no_background","button_style":"link"}},"dac76926-f13c-43d1-a777-40354db5017b":{"type":"rich-text","blocks":{"template--14722025160789__dac76926-f13c-43d1-a777-40354db5017b-16727410630c57870d-0":{"type":"heading","settings":{"title":"","use_h1":false}},"template--14722025160789__dac76926-f13c-43d1-a777-40354db5017b-16727410630c57870d-1":{"type":"text","settings":{"text":"<p>இந்த முழக்கத்தின் விழிப்புணர்வை அடுத்த கட்டத்திற்கு எடுத்த செல்லும் வகையில், முதல் சிலையை \"மக்கள் செல்வன் நடிகர் விஜய்சேதுபதி\" முழு ஆதரவுடனும் மகிழ்ச்சியுடனும் பெற்றுக்கொண்டார் !<\/p>","enlarge_text":false}}},"block_order":["template--14722025160789__dac76926-f13c-43d1-a777-40354db5017b-16727410630c57870d-0","template--14722025160789__dac76926-f13c-43d1-a777-40354db5017b-16727410630c57870d-1"],"settings":{"height":"small","text_alignment":"center","full_width":false}},"5ed2b0e1-5140-4b20-ae8a-4da103720e63":{"type":"design_pack_-_divider-simple","settings":{"alignment":"center","base_width":20,"thickness":1,"style":"double","divider_color":"#ffffff","background_color":"linear-gradient(0deg, rgba(247, 241, 240, 1) 100%, rgba(120, 196, 245, 1) 100%)","outer_margin_top":0,"outer_margin_bottom":0,"outer_padding_top":10,"outer_padding_bottom":20,"custom_css":"","mobile_custom_css":""}},"main":{"type":"main-collection","disabled":true,"settings":{"show_image_behind_heading":false,"heading_image_height":"medium","overlay_style":"shadow","coll_desc_pos":"above","coll_num_per_page_int":24,"grid":4,"show_vendor":false,"show_total":false,"enable_filtering":true,"collapse_tag_sidebar_by_default":true,"collapse_filters_method":"over-12","show_filter_counts":false,"filter_two_columns":false,"enable_sticky_filter":true,"image_position":"center center"}},"381eb487-4c7f-473d-a179-ab747d95edeb":{"type":"design_pack_-_image_with_text_overlap","settings":{"image":"shopify:\/\/shop_images\/ayyan_valluvar_web.jpg","image_crop":"1:1","focal_point":"center center","image_position":"right","title":"நம் வழி வள்ளுவர் வழி","text":"<p>#illamthorumvalluvar<\/p>","button_label":"ORDER NOW","button_link":"shopify:\/\/products\/buy-the-replica-of-kanyakumari-thiruvalluvar-statue-and-sculpture-as-silaii-online","text_alignment":"left","text_size":80,"text_color":"#392408","text_background_color":"linear-gradient(0deg, rgba(247, 247, 247, 1), rgba(253, 253, 253, 1) 100%)","button_label_color":"#fafafa","button_background_color":"#2d1803","background_color":"radial-gradient(rgba(202, 6, 8, 1), rgba(123, 0, 1, 1) 100%)","button_radius":0,"animation":"fade-in","base_width":75,"max_width":"","inner_padding":60,"outer_margin":0,"custom_css":"","mobile_custom_css":"","override_theme_font":false,"heading_font":"serif","main_font":"sans-serif"}},"3f6e9dd9-a9f2-42c9-800e-eb246c14a7cf":{"type":"design_pack_-_image_with_text","blocks":{"template--14722025160789__3f6e9dd9-a9f2-42c9-800e-eb246c14a7cf-1671871135e9cdc5c2-1":{"type":"small_text","settings":{"small_text":"<p>Valluvar @ Every Home<\/p>"}},"template--14722025160789__3f6e9dd9-a9f2-42c9-800e-eb246c14a7cf-1671871135e9cdc5c2-2":{"type":"heading","settings":{"title":"Rediscovering the Wisdom of Thiruvalluvar"}},"template--14722025160789__3f6e9dd9-a9f2-42c9-800e-eb246c14a7cf-1671871135e9cdc5c2-3":{"type":"text","settings":{"text":"<p>The Tamil society has a deep reverence for sculptures and we are heralding an awareness campaign called Illam Thorum Valluvar (Valluvar @ Every Home) about a philosopher and icon who deserves to be in all our homes. Thirukkural is a universal gift to all of humanity, given by the cultural icon and venerated philosopher Thiruvalluvar. The presence of Thiruvalluvar’s SILAII in every home serves as a striking inspiration for all youngsters of coming generations to embody the teachings of Thirukkural and live their lives according to his wise sayings.<\/p>"}}},"block_order":["template--14722025160789__3f6e9dd9-a9f2-42c9-800e-eb246c14a7cf-1671871135e9cdc5c2-1","template--14722025160789__3f6e9dd9-a9f2-42c9-800e-eb246c14a7cf-1671871135e9cdc5c2-2","template--14722025160789__3f6e9dd9-a9f2-42c9-800e-eb246c14a7cf-1671871135e9cdc5c2-3"],"settings":{"image":"shopify:\/\/shop_images\/ITV_ENG_PHOTO_2.jpg","image_crop":"none","focal_point":"center center","image_position":"right","text_alignment":"left","text_size":80,"text_color":"#283144","text_background_color":"linear-gradient(0deg, rgba(255, 255, 255, 1), rgba(255, 255, 255, 1) 100%)","background_color":"","animation":"fade-in","base_width":100,"max_width":"","inner_padding":0,"outer_margin":0,"custom_css":"","mobile_custom_css":"","override_theme_font":false,"heading_font":"serif","main_font":"sans-serif"}},"2255562f-763e-435f-84cd-936798999ff5":{"type":"image-with-text-overlay","disabled":true,"settings":{"image":"shopify:\/\/shop_images\/3val_Red_C1_1.jpg","mobile_image":"shopify:\/\/shop_images\/ThiruValluvar2.jpg","height":"adapt","height_desktop":480,"height_mobile":480,"image_link":"","full_width":false,"text_alignment":"bottom center","mobile_overlay_under":false,"overlay_style":"no_background"}},"f88617b6-e604-43c7-ab6c-95251e4083d0":{"type":"image-with-text-overlay","disabled":true,"settings":{"image":"shopify:\/\/shop_images\/2val_Red_C1_2.jpg","mobile_image":"shopify:\/\/shop_images\/ayyan_Valluvar2.jpg","height":"adapt","height_desktop":480,"height_mobile":480,"image_link":"","full_width":false,"text_alignment":"bottom center","mobile_overlay_under":false,"overlay_style":"no_background"}}},"order":["f83eb685-58b9-4974-9a08-3aea0daf0c6c","7a1c6c9f-d202-4596-8b9f-85497feea201","16a2a064-aef2-45e8-bf99-cab1c14f8a0c","f68ab104-1a49-4c65-b099-ed5b3b91821b","818b834d-c5e2-4e9c-b92b-abecf22ca398","32ead4de-6fe3-422f-91b5-c07eef1b2f8f","3a3e66bb-e789-4e9a-aca1-aeeab3dff657","d063ef1d-addf-487d-a74f-31c57aabd19b","d3e1f676-ae5b-4998-9519-212fdb8daf22","dac76926-f13c-43d1-a777-40354db5017b","5ed2b0e1-5140-4b20-ae8a-4da103720e63","main","381eb487-4c7f-473d-a179-ab747d95edeb","3f6e9dd9-a9f2-42c9-800e-eb246c14a7cf","2255562f-763e-435f-84cd-936798999ff5","f88617b6-e604-43c7-ab6c-95251e4083d0"]}