{"sections":{"ff68dbf6-4223-499c-b74e-9349131ed108":{"type":"background-video","disabled":true,"settings":{"text_alignment":"bottom center","height_desktop":600,"height_mobile":500,"full_width":true,"overlay_style":"shadow"}},"main":{"type":"main-collection","settings":{"show_image_behind_heading":true,"heading_image_height":"small","overlay_style":"no_background","coll_desc_pos":"above","coll_num_per_page_int":24,"grid":4,"show_vendor":false,"show_total":false,"enable_filtering":true,"collapse_tag_sidebar_by_default":true,"collapse_filters_method":"over-12","show_filter_counts":false,"filter_two_columns":false,"enable_sticky_filter":true,"image_position":"center center"}},"cd7c6752-fdc2-4c3f-b142-24eb67ad1c9d":{"type":"image-with-text-overlay","disabled":true,"settings":{"image":"shopify:\/\/shop_images\/LifeSize_Banner_Low-Res_a09533fd-d9e9-4b3f-9163-6d287dd3a931.jpg","height":"fixed","height_desktop":600,"height_mobile":460,"image_link":"","full_width":true,"text_alignment":"center center","mobile_overlay_under":false,"overlay_style":"box"}},"75e4a7c9-47dc-43fa-a246-14319fb41b43":{"type":"rich-text","blocks":{"template--14770651430997__75e4a7c9-47dc-43fa-a246-14319fb41b43-1679067013f2398fc8-0":{"type":"heading","settings":{"title":"10%-15% OFF","use_h1":false}},"template--14770651430997__75e4a7c9-47dc-43fa-a246-14319fb41b43-1679067013f2398fc8-1":{"type":"text","settings":{"text":"<p>Use this text to share information about your store with your customers. Describe products, share announcements, or welcome customers to your store.<\/p>","enlarge_text":true}}},"block_order":["template--14770651430997__75e4a7c9-47dc-43fa-a246-14319fb41b43-1679067013f2398fc8-0","template--14770651430997__75e4a7c9-47dc-43fa-a246-14319fb41b43-1679067013f2398fc8-1"],"settings":{"height":"medium","text_alignment":"center","full_width":false}}},"order":["ff68dbf6-4223-499c-b74e-9349131ed108","main","cd7c6752-fdc2-4c3f-b142-24eb67ad1c9d","75e4a7c9-47dc-43fa-a246-14319fb41b43"]}