{"sections":{"background_video_mATiaC":{"type":"background-video","settings":{"video_shopify":"shopify:\/\/files\/videos\/Float Series Website Banner C4 1440.mp4","video_external":"","video_description":"","text_alignment":"center center","height_desktop":400,"height_mobile":160,"full_width":true,"overlay_style":"no_background"}},"ff68dbf6-4223-499c-b74e-9349131ed108":{"type":"background-video","disabled":true,"settings":{"video_external":"https:\/\/www.youtube.com\/watch?v=_9VUPq3SxOc","video_description":"","text_alignment":"bottom center","height_desktop":600,"height_mobile":500,"full_width":true,"overlay_style":"shadow"}},"featured_collection_UkpwXC":{"type":"featured-collection","name":"Featured collection","settings":{"title":"The Art of Rising is Here!","collection":"float-series-levitating-sculptures","show_vendor":false,"enable_carousel":false,"grid":4,"rows":1,"color_scheme":"2","show_view_all":false,"full_width":true}},"design_pack_banner_image_parallax_P3FFNc":{"type":"design_pack_-_banner_image_-_parallax","blocks":{"text_c4AgGH":{"type":"text","settings":{"text":"<p>Just Launched<\/p>","block_text_color":"#4f3a1e"}},"heading_7FDEbP":{"type":"heading","settings":{"title":"Lord Hanuman Meditation","block_heading_color":"#4f3a1e","block_heading_size":"","enable_custom_font":false,"custom_font":"abel_n4","heading_level":"h2"}},"text_m4t9Dq":{"type":"text","settings":{"text":"<p>Levitating Sculpture<\/p>","block_text_color":"#4f3a1e"}},"buttons_U4EDnN":{"type":"buttons","settings":{"button_radius":0,"button_label_primary":"","link_primary":"","external_link_primary":false,"button_label_color_primary":"#b61d0f","button_background_color_primary":"rgba(0,0,0,0)","button_label_secondary":"Shop now","link_secondary":"shopify:\/\/products\/hanuman-meditation-levitating-sculpture","external_link_secondary":false,"button_label_color_secondary":"#ffffff","button_background_color_secondary":"#c16452"}}},"block_order":["text_c4AgGH","heading_7FDEbP","text_m4t9Dq","buttons_U4EDnN"],"name":"Banner image - parallax 🎒","settings":{"background_image":"shopify:\/\/shop_images\/Hanuman_Web_Carousels_2.jpg","image_crop":"1200:600","mobile_background_image":"shopify:\/\/shop_images\/Hanuman_Web_Carousels_1.jpg","text_size":100,"text_alignment":"center","text_position":"center bottom","text_width":400,"text_color":"#ffffff","text_background_color":"","background_color":"","animation":"none","base_width":70,"max_width":"","inner_padding":60,"outer_margin":0,"custom_css":"","mobile_custom_css":"","anchor_id":"","custom_classes":"","override_theme_font":false,"heading_font":"serif","main_font":"sans-serif","enable_metafield_detect":false}},"design_pack_video_carousel_8hDVnY":{"type":"design_pack_-_video_carousel","blocks":{"video_KVUYEM":{"type":"video","settings":{"html5_video":"shopify:\/\/files\/videos\/Budha_Final.webm","overlay_text":"","product":"","collection":""}},"video_Ac9cLF":{"type":"video","settings":{"html5_video":"shopify:\/\/files\/videos\/Art of rising_Final2.webm","overlay_text":"","product":"","collection":""}},"video_xbTfxK":{"type":"video","settings":{"html5_video":"shopify:\/\/files\/videos\/Float_Thayaal_Reaction_Reel_1 low.webm","overlay_text":"","product":"","collection":""}},"video_4Q4Y3U":{"type":"video","settings":{"html5_video":"shopify:\/\/files\/videos\/Silaii_Float_Challenge_1 low.mp4","overlay_text":"","product":"","collection":""}},"video_Y3GmjB":{"type":"video","settings":{"html5_video":"shopify:\/\/files\/videos\/Levitation-low.webm","overlay_text":"","product":"","collection":""}}},"block_order":["video_KVUYEM","video_Ac9cLF","video_xbTfxK","video_4Q4Y3U","video_Y3GmjB"],"name":"Video carousel 🎒","settings":{"slide_width":300,"image_crop":"none","aspect_ratio":"9:16","autoplay":8,"gap":10,"show_arrows":true,"show_play_buttons":false,"play_button_color":"#ffffff","text_size":100,"text_alignment":"left","text_color":"#121212","border_color":"#121212","background_color":"","border_radius":10,"base_width":100,"max_width":"","inner_padding":40,"outer_margin":0,"custom_css":"","mobile_custom_css":"","anchor_id":"","override_theme_font":false,"heading_font":"serif","main_font":"sans-serif","enable_metafield_detect":false}},"main":{"type":"main-collection","disabled":true,"settings":{"show_title":true,"show_image_behind_heading":true,"heading_image_height":"small","overlay_style":"no_background","coll_desc_pos":"above","coll_num_per_page_int":24,"grid":3,"show_vendor":false,"show_total":false,"enable_filtering":true,"collapse_tag_sidebar_by_default":true,"collapse_filters_method":"over-12","show_filter_counts":false,"filter_two_columns":false,"button_grid_filter_name":"Size,Taille,Größe","auto_apply_hide_unavailable":false,"enable_sticky_filter":true,"show_sort":true,"sort_show_featured":false,"sort_show_best":true,"sort_show_alpha":true,"sort_show_price":true,"sort_show_date":true,"related_collections":[],"related_collections_style":"buttons","rel_coll_gall_aspect_ratio":"1","image_position":"center center","rel_coll_gall_enable_margin":true,"rel_coll_gall_full_width":false,"rel_coll_gall_overlay_style":"shadow","rel_coll_gall_text_alignment":"center center","rel_coll_grid_mobile":"2"}},"design_pack_banner_image_parallax_qNpUfj":{"type":"design_pack_-_banner_image_-_parallax","blocks":{"small_text_DdGymq":{"type":"small_text","settings":{"small_text":"<p>New arrivals<\/p>"}},"heading_BTeBUw":{"type":"heading","settings":{"title":"Between Earth & Sky","block_heading_color":"","block_heading_size":"","enable_custom_font":false,"custom_font":"abel_n4","heading_level":"h2"}},"text_PYQiaw":{"type":"text","settings":{"text":"<h6>A true blend of Art, Divine and Technology. Floating effortlessly and rotating gracefully.<\/h6>","block_text_color":""}},"buttons_g7eLMn":{"type":"buttons","settings":{"button_radius":0,"button_label_primary":"","link_primary":"","external_link_primary":false,"button_label_color_primary":"#ffffff","button_background_color_primary":"rgba(0,0,0,0)","button_label_secondary":"","link_secondary":"","external_link_secondary":false,"button_label_color_secondary":"#283144","button_background_color_secondary":"#fafafa"}}},"block_order":["small_text_DdGymq","heading_BTeBUw","text_PYQiaw","buttons_g7eLMn"],"settings":{"background_image":"shopify:\/\/shop_images\/3_4_1_1.jpg","image_crop":"1200:200","text_size":95,"text_alignment":"center","text_position":"center bottom","text_width":600,"text_color":"#4f3a1e","text_background_color":"","background_color":"","animation":"fade-in-down","base_width":80,"max_width":"","inner_padding":60,"outer_margin":0,"custom_css":"","mobile_custom_css":"","anchor_id":"","custom_classes":"","override_theme_font":false,"heading_font":"serif","main_font":"sans-serif","enable_metafield_detect":false}},"design_pack_featured_products_list_d9EjTf":{"type":"design_pack_-_featured_products_list","blocks":{"product_GHVrVg":{"type":"product","settings":{"product":"lord-ganesha-levitating-sculpture","custom_description":""}},"product_LMgFLf":{"type":"product","settings":{"product":"buddha-levitating-sculpture","custom_description":""}},"product_H8UDcq":{"type":"product","settings":{"product":"mecca-sculpture","custom_description":""}},"product_fWWXbT":{"type":"product","settings":{"product":"hanuman-meditation-levitating-sculpture","custom_description":""}}},"block_order":["product_GHVrVg","product_LMgFLf","product_H8UDcq","product_fWWXbT"],"name":"Product list - featured 🎒","settings":{"image_size":"medium","show_product_price":true,"show_description":true,"view_more":"Buy Now","text_size":100,"text_color":"#3a3a3a","background_color":"","animation":"fade-in","section_width":"full","inner_padding":0,"outer_margin":0,"custom_css":"","mobile_custom_css":"","override_theme_font":false,"heading_font":"serif","main_font":"sans-serif"}},"design_pack_video_with_text_UEDTAA":{"type":"design_pack_-_video_with_text","blocks":{"inset_image_jwd9z4":{"type":"inset_image","settings":{"inset_image":"shopify:\/\/shop_images\/Vector_Smart_Object.png","image_crop":"none","inset_image_size":40,"inset_image_max_width":"","image_alignment":"default","link":"","external_link":false}},"small_text_YrV3RR":{"type":"small_text","settings":{"small_text":"<p><strong>LIMITED EDITION<\/strong><\/p>"}},"heading_xXChxM":{"type":"heading","settings":{"title":"Balancing the Floating Sculpture is a Meditative Practice","block_heading_color":"","block_heading_size":"","enable_custom_font":true,"custom_font":"futura_n4","heading_level":"h2"}},"text_ntPEmC":{"type":"text","settings":{"text":"<p>Take your time, stay focused, and let the process bring peace and calm to your mind.<\/p>","block_text_color":""}}},"block_order":["inset_image_jwd9z4","small_text_YrV3RR","heading_xXChxM","text_ntPEmC"],"settings":{"video":"shopify:\/\/files\/videos\/White Website Banner C4 1440.mp4","third_party_video":"","autoplay":true,"loop":true,"show_controls":true,"video_style":"control_bar","play_button_color":"#ffffff","image_position":"right","image_crop":"4:3","aspect_ratio":"3:2","video_link":"","show_content_below":true,"mobile_aspect_ratio":"","text_alignment":"left","text_size":100,"text_width":50,"text_color":"#121212","background_color":"","show_background_image":false,"animation":"none","base_width":100,"max_width":"","inner_padding":60,"outer_margin":0,"custom_css":"","mobile_custom_css":"","anchor_id":"","override_theme_font":false,"heading_font":"serif","main_font":"sans-serif","enable_metafield_detect":false}},"design_pack_divider_simple_bRJcV7":{"type":"design_pack_-_divider-simple","settings":{"alignment":"center","base_width":30,"thickness":1,"style":"solid","divider_color":"#f7f7f7","background_color":"","outer_margin_top":5,"outer_margin_bottom":5,"outer_padding_top":10,"outer_padding_bottom":10,"custom_css":"","mobile_custom_css":"","anchor_id":"","custom_classes":""}},"background_video_DDURyA":{"type":"background-video","disabled":true,"settings":{"video_external":"https:\/\/www.youtube.com\/watch?v=_9VUPq3SxOc","video_description":"","text_alignment":"center center","height_desktop":400,"height_mobile":160,"full_width":true,"overlay_style":"shadow"}},"video_with_text_7b3mwA":{"type":"video-with-text","settings":{"video_external":"https:\/\/www.youtube.com\/watch?v=_9VUPq3SxOc","video_description":"","autoplay":false,"placeholder_image":"shopify:\/\/shop_images\/set_up_2_1.jpg","video_position":"left","text_alignment":"left","color_scheme":"default"}},"design_pack_simple_call_to_action_v2_7nzhww":{"type":"design_pack_-_simple_call_to_action-v2","blocks":{"small_text_VUyTzt":{"type":"small_text","disabled":true,"settings":{"small_text":"<p>New arrivals<\/p>"}},"heading_PAYWXr":{"type":"heading","settings":{"title":"LIMITED EDITION","block_heading_color":"","block_heading_size":"","enable_custom_font":false,"custom_font":"abel_n4","heading_level":"h2"}},"buttons_hiEzAq":{"type":"buttons","settings":{"button_radius":0,"button_label_primary":"","link_primary":"shopify:\/\/collections\/float-series-1","external_link_primary":false,"button_label_color_primary":"#b61d0f","button_background_color_primary":"rgba(0,0,0,0)","button_label_secondary":"Shop now","link_secondary":"shopify:\/\/collections\/float-series-1","external_link_secondary":false,"button_label_color_secondary":"#f7f7f7","button_background_color_secondary":"#503d26"}},"text_wgTWFN":{"type":"text","settings":{"text":"<p>Before it runs out of stock!<\/p>","block_text_color":""}}},"block_order":["small_text_VUyTzt","heading_PAYWXr","buttons_hiEzAq","text_wgTWFN"],"name":"Call to action - simple 🎒","settings":{"link":"","text_size":100,"text_alignment":"center","text_position":"center center","text_width":600,"text_color":"#503d26","text_background_color":"","background_color":"","animation":"fade-in","max_width":"","inner_padding":40,"outer_margin":0,"custom_css":"","mobile_custom_css":"","anchor_id":"","override_theme_font":false,"heading_font":"serif","main_font":"sans-serif"}},"design_pack_gallery_thumbnails_ThqG6P":{"type":"design_pack_-_gallery_-_thumbnails","blocks":{"gallery_image_NLTUPw":{"type":"gallery_image","settings":{"gallery_image":"shopify:\/\/shop_images\/Closed_1_1.jpg"}},"gallery_image_mN9LrN":{"type":"gallery_image","settings":{"gallery_image":"shopify:\/\/shop_images\/Semi_Open_1.jpg"}},"heading_wbDtTe":{"type":"heading","settings":{"title":"Inside the Box"}},"text_8Nh6wi":{"type":"text","settings":{"text":"<p>Sculpture, Levitation base, Power adapter, Setup guide tools, Installation manual<\/p>"}},"gallery_image_6kg9cH":{"type":"gallery_image","settings":{"gallery_image":"shopify:\/\/shop_images\/Open_C2_1.jpg"}}},"block_order":["gallery_image_NLTUPw","gallery_image_mN9LrN","heading_wbDtTe","text_8Nh6wi","gallery_image_6kg9cH"],"settings":{"image_crop":"none","grid_number":3,"mobile_grid_number":"3","text_size":90,"text_alignment":"left","text_color":"#283144","text_background_color":"","background_color":"","animation":"none","base_width":75,"max_width":"","inner_padding":20,"outer_margin":0,"custom_css":"","mobile_custom_css":"","anchor_id":"","override_theme_font":false,"heading_font":"serif","main_font":"sans-serif"}},"design_pack_features_pinpoint_xpFBww":{"type":"design_pack_-_features_pinpoint","blocks":{"feature_ifDQtn":{"type":"feature","settings":{"title":"Levitation Base","link":"","horizontal":2,"vertical":22}},"feature_hxbQh7":{"type":"feature","settings":{"title":"Positioning Ring","link":"","horizontal":7,"vertical":50}},"feature_mFjmwd":{"type":"feature","settings":{"title":"Sculpture","link":"","horizontal":88,"vertical":22}},"feature_NNFYDK":{"type":"feature","settings":{"title":"Alignment Tool","link":"","horizontal":77,"vertical":81}},"feature_iqPthC":{"type":"feature","settings":{"title":"Power Adapter","link":"","horizontal":97,"vertical":50}}},"block_order":["feature_ifDQtn","feature_hxbQh7","feature_mFjmwd","feature_NNFYDK","feature_iqPthC"],"name":"Features - pinpoint 🎒","settings":{"image":"shopify:\/\/shop_images\/1_34_1.jpg","text_size":80,"pin_highlight_color":"#050505","pin_highlight_hover_color":"#ffffff","text_color":"#121212","background_color":"","inner_padding":10,"outer_margin":0,"custom_css":"","mobile_custom_css":"","anchor_id":"","custom_classes":"","override_theme_font":false,"heading_font":"serif"}},"compact_messages_piLmjX":{"type":"compact-messages","blocks":{"message_nbkcaz":{"type":"message","settings":{"heading":"Free Delivery","subheading":"All Over India","link_url":""}},"message_KAJJxE":{"type":"message","settings":{"heading":"6 Months Warranty","subheading":"On Levitating Device","link_url":""}},"message_xR647h":{"type":"message","settings":{"heading":"Limited Edition","subheading":"Exclusive Collection","link_url":""}}},"block_order":["message_nbkcaz","message_KAJJxE","message_xR647h"],"settings":{"head_not_col_bg":"#f7f7f7","head_not_col_txt1":"#171717","head_not_col_txt2":"#4c4c4b","head_not_mob_show":true,"head_not_mob_text":"LIMITED EDITION","head_not_mob_url":""}},"rich_text_qH4tx8":{"type":"rich-text","blocks":{"heading_RBeNCJ":{"type":"heading","settings":{"title":"Perfect for","use_h1":true}},"text_nt98WB":{"type":"text","settings":{"text":"<p>• Gifting • Prayer room • Living space • Modern home • Office Decor<br\/><br\/><\/p>","enlarge_text":true}}},"block_order":["heading_RBeNCJ","text_nt98WB"],"settings":{"height":"medium","text_alignment":"center","full_width":false,"color_scheme":"default"}},"design_pack_lookbook_grid_48EEpt":{"type":"design_pack_-_lookbook_grid","blocks":{"image_RqcUtq":{"type":"image","settings":{"block_size":"small","image":"shopify:\/\/shop_images\/5_10.jpg","focal_point":"top center","title":"","text":"","button_label":"","link":"shopify:\/\/products\/lord-ganesha-levitating-sculpture","text_position":"right bottom"}},"image_qb3hGg":{"type":"image","settings":{"block_size":"small","image":"shopify:\/\/shop_images\/7_10.jpg","focal_point":"top center","title":"","text":"","button_label":"","link":"shopify:\/\/products\/lord-buddha-levitating-sculpture","text_position":"left bottom"}},"image_PyzEUP":{"type":"image","settings":{"block_size":"small","image":"shopify:\/\/shop_images\/8_7.jpg","focal_point":"top center","title":"","text":"","button_label":"","link":"shopify:\/\/products\/lord-buddha-levitating-sculpture","text_position":"center center"}},"image_e6Ety8":{"type":"image","settings":{"block_size":"small","image":"shopify:\/\/shop_images\/3_19.jpg","focal_point":"top center","title":"","text":"","button_label":"","link":"shopify:\/\/products\/lord-ganesha-levitating-sculpture","text_position":"left top"}},"image_PwVNeH":{"type":"image","settings":{"block_size":"small","image":"shopify:\/\/shop_images\/4_15.jpg","focal_point":"center center","title":"","text":"","button_label":"BUY NOW","link":"shopify:\/\/products\/lord-ganesha-levitating-sculpture","text_position":"center center"}},"image_chk7pJ":{"type":"image","settings":{"block_size":"small","image":"shopify:\/\/shop_images\/6_8.jpg","focal_point":"top center","title":"","text":"","button_label":"BUY NOW","link":"shopify:\/\/products\/lord-buddha-levitating-sculpture","text_position":"right bottom"}}},"block_order":["image_RqcUtq","image_qb3hGg","image_PyzEUP","image_e6Ety8","image_PwVNeH","image_chk7pJ"],"name":"Lookbook - grid 🎒","settings":{"gap":20,"enable_hover":true,"text_size":100,"mobile_per_row":"2","text_color":"#ffffff","text_background_color":"","button_label_color":"#fafafa","button_background_color":"#283144","button_radius":0,"background_color":"","animation":"none","base_width":100,"max_width":"700","inner_padding":20,"outer_margin":40,"custom_css":"","mobile_custom_css":"","override_theme_font":false,"heading_font":"serif","main_font":"sans-serif","enable_metafield_detect":false}},"design_pack_marquee_multitext_7VnXeG":{"type":"design_pack_-_marquee_-_multitext","blocks":{"content_LhjMNh":{"type":"content","settings":{"text":"|"}},"content_RHXBTp":{"type":"content","settings":{"text":"LIMITED EDITION"}},"content_XkFViE":{"type":"content","settings":{"text":"|"}},"content_nyDBKA":{"type":"content","settings":{"text":"FLOAT SERIES"}}},"block_order":["content_LhjMNh","content_RHXBTp","content_XkFViE","content_nyDBKA"],"name":"Marquee - multi-text 🎒","settings":{"speed":10,"reverse_scrolling":false,"scrolling_pause":false,"image_size":"small","text_size":65,"text_color":"#f7f1f0","background_color":"linear-gradient(89deg, rgba(80, 61, 38, 1) 7%, rgba(80, 61, 38, 1) 94%)","fade_edges":false,"inner_padding":30,"outer_margin":0,"custom_css":"","mobile_custom_css":"","anchor_id":"","override_theme_font":false,"main_font":"sans-serif"}},"collapsible_tabs_Cy38Ke":{"type":"collapsible-tabs","blocks":{"question_aHyTmQ":{"type":"question","settings":{"title":"How long can I keep the sculpture levitating?","answer":"<p>The sculpture can levitate continuously as long as power is maintained. We recommend resting the device after 8-12 hours of running time for optimal performance and longevity.<\/p>"}},"question_bADzny":{"type":"question","settings":{"title":"Is it child-safe?","answer":"<p>We recommend adult supervision due to magnetic components. Also, Keep away from other electronics, medical devices and metal.<\/p>"}},"question_FLYcXa":{"type":"question","settings":{"title":"Can I use any power adapter?","answer":"<p>We recommend using only our certified 12V adapter to maintain warranty coverage and ensure safe operation.<\/p>"}},"question_GykPcC":{"type":"question","settings":{"title":"Can I display this outdoors?","answer":"<p>The device is designed for indoor use only to protect the electronic components.<\/p>"}},"question_rY33cH":{"type":"question","settings":{"title":"How do I clean the sculpture & levitation device?","answer":"<p>Power off the levitation device before cleaning. Use a soft, dry cloth for the base and sculpture.<\/p>"}},"question_VYiqBQ":{"type":"question","settings":{"title":"What's covered under the 6-month warranty?","answer":"<p>The warranty covers manufacturing defects, electronic components, and adapter issues from the date of purchase. The warranty applies only to the levitation device and power adapter, not the sculpture. Physical damage is not covered.<\/p>"}},"question_UkN4Jb":{"type":"question","settings":{"title":"When will the warranty process start?","answer":"<p>The warranty process begins once we receive and inspect the device at our facility.<\/p>"}}},"block_order":["question_aHyTmQ","question_bADzny","question_FLYcXa","question_GykPcC","question_rY33cH","question_VYiqBQ","question_UkN4Jb"],"settings":{"title":"Frequently Asked Questions"}},"featured_collection_6RAcU9":{"type":"featured-collection","name":"Featured collection","settings":{"title":"","collection":"float-series-levitating-sculptures","show_vendor":false,"enable_carousel":true,"grid":4,"rows":1,"color_scheme":"default","show_view_all":true,"full_width":true}}},"order":["background_video_mATiaC","ff68dbf6-4223-499c-b74e-9349131ed108","featured_collection_UkpwXC","design_pack_banner_image_parallax_P3FFNc","design_pack_video_carousel_8hDVnY","main","design_pack_banner_image_parallax_qNpUfj","design_pack_featured_products_list_d9EjTf","design_pack_video_with_text_UEDTAA","design_pack_divider_simple_bRJcV7","background_video_DDURyA","video_with_text_7b3mwA","design_pack_simple_call_to_action_v2_7nzhww","design_pack_gallery_thumbnails_ThqG6P","design_pack_features_pinpoint_xpFBww","compact_messages_piLmjX","rich_text_qH4tx8","design_pack_lookbook_grid_48EEpt","design_pack_marquee_multitext_7VnXeG","collapsible_tabs_Cy38Ke","featured_collection_6RAcU9"]}