{"sections":{"slideshow_W9dQEK":{"type":"slideshow","blocks":{"image_Ft874a":{"type":"image","disabled":true,"settings":{"image":"shopify:\/\/shop_images\/Web_Banner_9d2c76ca-09ca-4017-ae23-b06bb62562ac.jpg","slide_link":"","subheading":"","title":"","heading_max_width":15,"title_size":84,"title_size_mobile":46,"use_h1":false,"text":"","enlarge_text":true,"button_label_1":"","button_url_1":"","button_label_2":"","button_url_2":"","text_alignment":"center center"}}},"block_order":["image_Ft874a"],"name":"Slideshow","settings":{"height":"adapt","height_desktop":600,"height_mobile":460,"full_width":true,"mobile_overlay_under":false,"overlay_style":"shadow","transition":"fade","navigation":"arrows","autoplay":true,"autoplay_speed":7,"accessibility_info":""}},"rich_text_pcmKxP":{"type":"rich-text","blocks":{"heading_efFNBw":{"type":"heading","settings":{"title":"MASTER OFFICIAL MERCHANDISE","use_h1":true}},"text_kHeYQm":{"type":"text","settings":{"text":"<p>A tribute with heartfelt love to our Beloved Thalapathy, a heroic human who has redefined Commercial Cinema, eternally residing in the hearts of millions of fans with his versatile portrayal of various roles, elegant and graceful dance moves, carving a niche as one of the undisputed legend of Indian Cinema. Thalapathy is known for his humility, inexplicable charm, and incomparable talent, enthralling and putting all cinema lovers through the experience of a lifetime with his charisma and fascinating persona.<br\/><\/p>","enlarge_text":true}}},"block_order":["heading_efFNBw","text_kHeYQm"],"disabled":true,"name":"Rich text","settings":{"height":"medium","text_alignment":"center","full_width":false,"color_scheme":"default"}},"image_with_text_overlay_P864Fg":{"type":"image-with-text-overlay","blocks":{"subheading_DmPHat":{"type":"subheading","settings":{"subheading":""}},"heading_AnRFJi":{"type":"heading","settings":{"title":"","heading_max_width":15,"title_size":84,"title_size_mobile":32,"use_h1":false}},"text_CYDpBB":{"type":"text","settings":{"text":"","enlarge_text":true}}},"block_order":["subheading_DmPHat","heading_AnRFJi","text_CYDpBB"],"name":"Image with text overlay","settings":{"image":"shopify:\/\/shop_images\/Banner_2048_X_559-02.jpg","height":"adapt","height_desktop":600,"height_mobile":460,"image_link":"","full_width":true,"text_alignment":"center center","mobile_overlay_under":false,"overlay_style":"shadow"}},"main":{"type":"main-collection","settings":{"show_title":true,"show_image_behind_heading":true,"heading_image_height":"small","overlay_style":"no_background","coll_desc_pos":"above","coll_num_per_page_int":24,"grid":3,"show_vendor":false,"show_total":false,"enable_filtering":true,"collapse_tag_sidebar_by_default":true,"collapse_filters_method":"over-12","show_filter_counts":false,"filter_two_columns":false,"button_grid_filter_name":"Size,Taille,Größe","auto_apply_hide_unavailable":false,"enable_sticky_filter":true,"show_sort":true,"sort_show_featured":false,"sort_show_best":true,"sort_show_alpha":true,"sort_show_price":true,"sort_show_date":true,"related_collections":[],"related_collections_style":"buttons","rel_coll_gall_aspect_ratio":"1","image_position":"center center","rel_coll_gall_enable_margin":true,"rel_coll_gall_full_width":false,"rel_coll_gall_overlay_style":"shadow","rel_coll_gall_text_alignment":"center center","rel_coll_grid_mobile":"2"}}},"order":["slideshow_W9dQEK","rich_text_pcmKxP","image_with_text_overlay_P864Fg","main"]}