{"sections":{"image_with_text_overlay_7GBthq":{"type":"image-with-text-overlay","disabled":true,"name":"Image with text overlay","settings":{"image":"shopify:\/\/shop_images\/MOVIE_MERCHENDISE.jpg","height":"adapt","height_desktop":600,"height_mobile":460,"image_link":"","full_width":true,"text_alignment":"center center","mobile_overlay_under":false,"overlay_style":"shadow"}},"e7c95956-c5fe-4ff6-a1c1-eccf35c194de":{"type":"slideshow","blocks":{"image_7rc4Fn":{"type":"image","settings":{"image":"shopify:\/\/shop_images\/Bahubali_Epic_x_SILAII_Banner_1.jpg","mobile_image":"shopify:\/\/shop_images\/BAHUBALI_Website_Carosuel-V1_01.jpg","slide_link":"","subheading":"","title":"","heading_max_width":15,"title_size":84,"title_size_mobile":46,"use_h1":false,"text":"","enlarge_text":true,"button_label_1":"","button_url_1":"","button_label_2":"","button_url_2":"","text_alignment":"center center"}},"91f6f4cc-b04d-4649-9f85-780d127e0976":{"type":"image","settings":{"image":"shopify:\/\/shop_images\/Maaveeran_Web_Banner_c2_1_1.jpg","mobile_image":"shopify:\/\/shop_images\/Maaveeran_4x5_1.jpg","slide_link":"","subheading":"","title":"","heading_max_width":15,"title_size":84,"title_size_mobile":46,"use_h1":false,"text":"","enlarge_text":true,"button_label_1":"","button_url_1":"","button_label_2":"","button_url_2":"","text_alignment":"center center"}},"template--14832373366869__e7c95956-c5fe-4ff6-a1c1-eccf35c194de-image-1":{"type":"image","settings":{"image":"shopify:\/\/shop_images\/Kgf_Web_Banner.jpg","mobile_image":"shopify:\/\/shop_images\/Srinidhi_4X5_C1.jpg","slide_link":"","subheading":"","title":"","heading_max_width":15,"title_size":84,"title_size_mobile":46,"use_h1":false,"text":"","enlarge_text":true,"button_label_1":"","button_url_1":"","button_label_2":"","button_url_2":"","text_alignment":"center center"}},"template--14832373366869__e7c95956-c5fe-4ff6-a1c1-eccf35c194de-image-2":{"type":"image","settings":{"image":"shopify:\/\/shop_images\/Master_Bust_web.jpg","mobile_image":"shopify:\/\/shop_images\/Master_4X5_611f5601-fb0f-43e7-89a8-9572023a9fb4.jpg","slide_link":"","subheading":"","title":"","heading_max_width":15,"title_size":84,"title_size_mobile":46,"use_h1":false,"text":"","enlarge_text":true,"button_label_1":"","button_url_1":"","button_label_2":"","button_url_2":"","text_alignment":"center center"}},"image_3YhBkx":{"type":"image","settings":{"image":"shopify:\/\/shop_images\/Hanuman_Youtube_Thumbnail.jpg","mobile_image":"shopify:\/\/shop_images\/Hanu-man_4x5_8db34464-2498-456e-b8ba-7fa8554aaf95.jpg","slide_link":"","subheading":"","title":"","heading_max_width":15,"title_size":84,"title_size_mobile":46,"use_h1":false,"text":"","enlarge_text":true,"button_label_1":"","button_url_1":"","button_label_2":"","button_url_2":"","text_alignment":"center center"}}},"block_order":["image_7rc4Fn","91f6f4cc-b04d-4649-9f85-780d127e0976","template--14832373366869__e7c95956-c5fe-4ff6-a1c1-eccf35c194de-image-1","template--14832373366869__e7c95956-c5fe-4ff6-a1c1-eccf35c194de-image-2","image_3YhBkx"],"settings":{"height":"adapt","height_desktop":600,"height_mobile":460,"full_width":true,"mobile_overlay_under":false,"overlay_style":"shadow","transition":"fade","navigation":"arrows","autoplay":true,"autoplay_speed":7,"accessibility_info":""}},"176173221637ba4b7c":{"type":"_blocks","blocks":{"ai_gen_block_3b6f964_A4edrm":{"type":"ai_gen_block_3b6f964","settings":{"image_position":"center","background_color":"#f8f8f8","overlay_color":"#ffffff","overlay_opacity":80,"height_desktop":400,"height_mobile":350,"content_width":1200,"headline":"INDIA's FIRST OFFICIAL MOVIE MERCHANDISE COLLECTABLE BRAND","headline_size":36,"headline_weight":"700","headline_spacing":0,"subheading":"SILAII has collaborated with Five blockbuster movies to create official merchandise sculptures that capture the essence of each iconic character. Our collaborations include MASTER featuring Actor Vijay, KGF 2 with Hombale Films, MAAVEERAN starring Siva Karthikeyan, the Hanu-Man with PVCU and Baahubali - The Epic with ARKA Mediaworks.\n\n\nEach collection is designed to bring the magic of cinema to life, making them coveted collectibles for fans and enthusiasts.","subheading_size":18,"subheading_weight":"300","subheading_opacity":90,"text_color":"#2a2a2a","spacing":25,"button_spacing":40,"button_label":"Explore Now","button_link":"","button_size":14,"button_weight":"600","button_padding_vertical":14,"button_padding_horizontal":40,"button_radius":2,"button_bg":"#2a2a2a","button_text_color":"#ffffff","button_border":"#2a2a2a","button_bg_hover":"#1a1a1a","button_text_color_hover":"#ffffff","button_border_hover":"#1a1a1a"},"blocks":{}}},"block_order":["ai_gen_block_3b6f964_A4edrm"],"settings":{}},"a20245a1-8869-4a59-90b8-6e2bbde02de6":{"type":"rich-text","blocks":{"template--14832373366869__a20245a1-8869-4a59-90b8-6e2bbde02de6-heading-1":{"type":"heading","settings":{"title":"INDIA's FIRST OFFICIAL MOVIE MERCHANDISE COLLECTABLE BRAND","use_h1":true}},"template--14832373366869__a20245a1-8869-4a59-90b8-6e2bbde02de6-text-1":{"type":"text","settings":{"text":"<p><\/p><p>SILAII has collaborated with Five blockbuster movies to create official merchandise sculptures that capture the essence of each iconic character. Our collaborations include MASTER featuring Actor Vijay, KGF 2 with Hombale Films, MAAVEERAN starring Siva Karthikeyan, the Hanu-Man with PVCU and Baahubali - The Epic with ARKA Mediaworks.<\/p><p>Each collection is designed to bring the magic of cinema to life, making them coveted collectibles for fans and enthusiasts.<\/p>","enlarge_text":true}}},"block_order":["template--14832373366869__a20245a1-8869-4a59-90b8-6e2bbde02de6-heading-1","template--14832373366869__a20245a1-8869-4a59-90b8-6e2bbde02de6-text-1"],"disabled":true,"settings":{"height":"small","text_alignment":"center","full_width":true,"color_scheme":"2"}},"ff68dbf6-4223-499c-b74e-9349131ed108":{"type":"background-video","disabled":true,"settings":{"video_external":"https:\/\/www.youtube.com\/watch?v=_9VUPq3SxOc","video_description":"","text_alignment":"bottom center","height_desktop":600,"height_mobile":500,"full_width":true,"overlay_style":"shadow"}},"collection_list_zHnV7D":{"type":"collection-list","blocks":{"collection_rfaarJ":{"type":"collection","settings":{"collection":"baahubali-the-epic","image":"shopify:\/\/shop_images\/Bahubali_Epic_Tiittle_Banner.jpg","subheading":"","button_label":""}},"collection_GqJUCE":{"type":"collection","settings":{"collection":"kgf","image":"shopify:\/\/shop_images\/KFG.jpg","subheading":"","button_label":""}},"collection_kRGAJL":{"type":"collection","settings":{"collection":"master","image":"shopify:\/\/shop_images\/Master_1.jpg","subheading":"","button_label":""}},"collection_figHxB":{"type":"collection","settings":{"collection":"maaveeran","image":"shopify:\/\/shop_images\/Maaveeran.jpg","subheading":"","button_label":""}},"collection_r8b4KE":{"type":"collection","settings":{"collection":"hanuman-official-movie-merchandise","image":"shopify:\/\/shop_images\/Hanu-man.jpg","subheading":"","button_label":""}}},"block_order":["collection_rfaarJ","collection_GqJUCE","collection_kRGAJL","collection_figHxB","collection_r8b4KE"],"name":"Collection list","settings":{"title":"OFFICIAL MERCHANDISE MOVIES","enable_carousel":true,"grid":5,"color_scheme":"default","full_width":true,"coll_grid_image_shape":"tallest","coll_grid_image_position":"center center","coll_thumb_mob_per_row":"2","coll_grid_show_count":false,"coll_text_position":"below","coll_text_position_under_mobile":false,"coll_thumb_text_align_x":"center","coll_thumb_text_align_y":"center","coll_button_style":"primary"}},"main":{"type":"main-collection","disabled":true,"settings":{"show_title":true,"show_image_behind_heading":true,"heading_image_height":"small","overlay_style":"no_background","coll_desc_pos":"above","coll_num_per_page_int":24,"grid":3,"show_vendor":false,"show_total":false,"enable_filtering":false,"collapse_tag_sidebar_by_default":true,"collapse_filters_method":"over-12","show_filter_counts":false,"filter_two_columns":false,"button_grid_filter_name":"Size,Taille,Größe","auto_apply_hide_unavailable":false,"enable_sticky_filter":true,"show_sort":true,"sort_show_featured":false,"sort_show_best":true,"sort_show_alpha":true,"sort_show_price":true,"sort_show_date":true,"related_collections":[],"related_collections_style":"buttons","rel_coll_gall_aspect_ratio":"1","image_position":"center center","rel_coll_gall_enable_margin":true,"rel_coll_gall_full_width":false,"rel_coll_gall_overlay_style":"shadow","rel_coll_gall_text_alignment":"center center","rel_coll_grid_mobile":"2"}},"design_pack_collection_filter_drawer_YAF48d":{"type":"design_pack_collection_-_filter_drawer","name":"Collection filter - drawer 🎒","settings":{"show_filter":true,"show_sort":true,"text_size":100,"text_color":"#121212","background_color":"#ffffff","button_label_color":"#ffffff","button_background_color":"#121212","button_radius":0,"max_width":"","inner_padding":20,"outer_margin":0,"custom_css":"","mobile_custom_css":"","override_theme_font":false,"main_font":"system_ui_n4"}},"15d01918-5956-4cc4-a826-9d901a763122":{"type":"featured-collection","settings":{"title":"","collection":"official-movie-merchandises","show_vendor":false,"enable_carousel":false,"grid":3,"rows":4,"color_scheme":"default","show_view_all":false,"full_width":false}},"17617336120b226a16":{"type":"_blocks","blocks":{"ai_gen_block_2e170a2_6AAUFc":{"type":"ai_gen_block_2e170a2","settings":{"image_position":"center","background_color":"#ffffff","background_gradient":"","overlay_color":"#ebe7e3","overlay_opacity":100,"content_width":800,"text_alignment":"center","badge_text":"","heading":"Get Your Exclusive Movie Merchandise Collectables","subheading":"<p>Don't miss out on authentic collectibles from your favorite films. Shop now before they're gone!<\/p>","primary_btn_text":"Shop Collection","primary_btn_link":"shopify:\/\/collections\/official-movie-merchandises","secondary_btn_text":"","secondary_btn_link":"","show_features":true,"feature_1_text":"Authentic merchandise","feature_2_text":"Free shipping","feature_3_text":"Official licensed products","heading_color":"#000000","text_color":"#343434","badge_background":"#c16452","badge_text_color":"#ffffff","primary_button_bg":"#c16452","primary_button_bg_hover":"#b61d0f","primary_button_text":"#ffffff","secondary_button_bg":"rgba(0,0,0,0)","secondary_button_bg_hover":"#ffffff","secondary_button_text":"#ffffff","secondary_button_text_hover":"#171717","secondary_button_border":"#ffffff","secondary_button_border_hover":"#ffffff","heading_size":42,"subheading_size":18,"button_font_size":14,"badge_font_size":14,"padding_top":100,"padding_bottom":100,"padding_horizontal":20,"button_border_radius":4,"badge_border_radius":20},"blocks":{}}},"block_order":["ai_gen_block_2e170a2_6AAUFc"],"settings":{}}},"order":["image_with_text_overlay_7GBthq","e7c95956-c5fe-4ff6-a1c1-eccf35c194de","176173221637ba4b7c","a20245a1-8869-4a59-90b8-6e2bbde02de6","ff68dbf6-4223-499c-b74e-9349131ed108","collection_list_zHnV7D","main","design_pack_collection_filter_drawer_YAF48d","15d01918-5956-4cc4-a826-9d901a763122","17617336120b226a16"]}