{"sections":{"cd7c6752-fdc2-4c3f-b142-24eb67ad1c9d":{"type":"image-with-text-overlay","disabled":true,"settings":{"image":"shopify:\/\/shop_images\/LIFE_SIZE.jpg","height":"adapt","height_desktop":600,"height_mobile":460,"image_link":"","full_width":true,"text_alignment":"center center","mobile_overlay_under":false,"overlay_style":"box"}},"ff68dbf6-4223-499c-b74e-9349131ed108":{"type":"background-video","settings":{"video_shopify":"shopify:\/\/files\/videos\/MG_WEB_LOW4.mp4","video_external":"","video_description":"","text_alignment":"bottom center","height_desktop":600,"height_mobile":500,"full_width":false,"overlay_style":"shadow"}},"023b1233-1153-40a1-8aa3-4426923860de":{"type":"design_pack_-_banner_image_-_parallax","blocks":{"template--14558886658133__023b1233-1153-40a1-8aa3-4426923860de-16673655133f419d3d-0":{"type":"small_text","settings":{"small_text":"<p>New arrivals<\/p>"}},"template--14558886658133__023b1233-1153-40a1-8aa3-4426923860de-16673655133f419d3d-1":{"type":"heading","settings":{"title":"Parallaxify your store.","block_heading_color":"","block_heading_size":"","enable_custom_font":false,"custom_font":"abel_n4","heading_level":"h2"}},"template--14558886658133__023b1233-1153-40a1-8aa3-4426923860de-16673655133f419d3d-2":{"type":"text","settings":{"text":"<p>Catch the eye of your visitors with a parallax section that will draw their interest.<\/p>","block_text_color":""}},"template--14558886658133__023b1233-1153-40a1-8aa3-4426923860de-16673655133f419d3d-3":{"type":"buttons","settings":{"button_radius":0,"button_label_primary":"Learn more","link_primary":"","external_link_primary":false,"button_label_color_primary":"#ffffff","button_background_color_primary":"rgba(0,0,0,0)","button_label_secondary":"","link_secondary":"","external_link_secondary":false,"button_label_color_secondary":"#283144","button_background_color_secondary":"#fafafa"}}},"block_order":["template--14558886658133__023b1233-1153-40a1-8aa3-4426923860de-16673655133f419d3d-0","template--14558886658133__023b1233-1153-40a1-8aa3-4426923860de-16673655133f419d3d-1","template--14558886658133__023b1233-1153-40a1-8aa3-4426923860de-16673655133f419d3d-2","template--14558886658133__023b1233-1153-40a1-8aa3-4426923860de-16673655133f419d3d-3"],"disabled":true,"settings":{"background_image":"shopify:\/\/shop_images\/LargerLifeSize_4X5_546b9cc8-d4f4-48e3-aded-97994c6f8c4d.jpg","image_crop":"1200:600","text_size":100,"text_alignment":"center","text_position":"center bottom","text_width":600,"text_color":"#ffffff","text_background_color":"","background_color":"linear-gradient(180deg, rgba(255, 255, 255, 0.8), rgba(255, 255, 255, 0.8) 100%)","animation":"fade-in-down","base_width":80,"max_width":"","inner_padding":60,"outer_margin":0,"custom_css":"","mobile_custom_css":"","anchor_id":"","custom_classes":"","override_theme_font":false,"heading_font":"serif","main_font":"system_ui_n4","enable_metafield_detect":false}},"main":{"type":"main-collection","settings":{"show_title":true,"show_image_behind_heading":false,"heading_image_height":"medium","overlay_style":"shadow","coll_desc_pos":"above","coll_num_per_page_int":24,"grid":4,"show_vendor":false,"show_total":false,"enable_filtering":true,"collapse_tag_sidebar_by_default":true,"collapse_filters_method":"over-12","show_filter_counts":false,"filter_two_columns":false,"button_grid_filter_name":"Size,Taille,Größe","auto_apply_hide_unavailable":false,"enable_sticky_filter":true,"show_sort":true,"sort_show_featured":false,"sort_show_best":true,"sort_show_alpha":true,"sort_show_price":true,"sort_show_date":true,"related_collections":[],"related_collections_style":"buttons","rel_coll_gall_aspect_ratio":"1","image_position":"center center","rel_coll_gall_enable_margin":true,"rel_coll_gall_full_width":false,"rel_coll_gall_overlay_style":"shadow","rel_coll_gall_text_alignment":"center center","rel_coll_grid_mobile":"2"}},"53f8ba8b-161e-43f0-be1d-b8fc02c86f6d":{"type":"design_pack_-_about_with_parallax","disabled":true,"settings":{"image_crop":"1:1","focal_point":"center center","fancy_text":"Are you ready?","title":"Dare to ~lead.~","text":"<p>You are unique and so is your business. Make sure that you are <em>reflecting<\/em> your personality.<\/p>","text_size":120,"text_color":"#283144","text_highlight_color":"#e9e9e9","background_color":"","show_background_image":true,"animation":"fade-in","base_width":80,"max_width":"","inner_padding":60,"outer_margin":0,"custom_css":"","mobile_custom_css":"","override_theme_font":false,"heading_font":"serif","main_font":"system_ui_n4"}}},"order":["cd7c6752-fdc2-4c3f-b142-24eb67ad1c9d","ff68dbf6-4223-499c-b74e-9349131ed108","023b1233-1153-40a1-8aa3-4426923860de","main","53f8ba8b-161e-43f0-be1d-b8fc02c86f6d"]}