{"sections":{"image_with_text_overlay_AqU4nA":{"type":"image-with-text-overlay","disabled":true,"name":"Image with text overlay","settings":{"image":"shopify:\/\/shop_images\/MONUMENTS_75cb7fdb-bc54-4504-81af-d8a2ea8b172c.jpg","height":"adapt","height_desktop":600,"height_mobile":460,"image_link":"","full_width":true,"text_alignment":"center center","mobile_overlay_under":false,"overlay_style":"shadow"}},"rich_text_GLWtVP":{"type":"rich-text","blocks":{"heading_NVtKfR":{"type":"heading","settings":{"title":"MONUMENTS","use_h1":false}},"text_YDqPFt":{"type":"text","settings":{"text":"<p>Discover SILAII's Monument Collections featuring renowned iconic landmarks, rich cultural heritage, and spiritual & architectural marvels.<\/p>","enlarge_text":true}}},"block_order":["heading_NVtKfR","text_YDqPFt"],"settings":{"height":"medium","text_alignment":"center","full_width":false,"color_scheme":"default"}},"f68ab104-1a49-4c65-b099-ed5b3b91821b":{"type":"product-list","disabled":true,"settings":{"title":"","product_list":["srivilliputhur-andal-temple-monumental-sculpture","buy-brihadeeswarar-temple-thanjai-periya-kovil-sculpture-online","buy-the-replica-of-mahabalipuram-shore-temple-as-sculpture-and-silaii-online","valluvar-kottam-chariot-sculpture-chennai","buy-the-replica-of-kanyakumari-thiruvalluvar-statue-and-sculpture-as-silaii-online","famous-tiruchirappalli-monument-sculpture-rockfort-malaikottai-tamilnadu","ayodhya-ram-mandir-temple-sculpture","ashoka-pillar-sculpture-5-inches-2-feet","worlds-tallest-statue-of-unity-sardar-vallabhbhai-patel-sculpture","delhi-india-gate-sculpture","gateway-of-india","charminar-monumental-sculpture-hyderabad","mahishasura-mardini-relief-sculpture-mamallapuram","mecca-the-kaaba-sculpture-buy-now","triumph-of-labour-monumental-sculpture","central-railway-station-sculpture","chennai-light-house","napier-bridge-chennai-sculpture","replica-of-lord-shiva-tandava-from-moovar-temple","jallikattu-action-sculpture"],"show_vendor":false,"enable_carousel":false,"grid":3,"color_scheme":"default","full_width":false}},"main":{"type":"main-collection","settings":{"show_title":true,"show_image_behind_heading":false,"heading_image_height":"medium","overlay_style":"shadow","coll_desc_pos":"above","coll_num_per_page_int":24,"grid":4,"show_vendor":false,"show_total":false,"enable_filtering":true,"collapse_tag_sidebar_by_default":true,"collapse_filters_method":"over-12","show_filter_counts":false,"filter_two_columns":false,"button_grid_filter_name":"Size,Taille,Größe","auto_apply_hide_unavailable":false,"enable_sticky_filter":true,"show_sort":true,"sort_show_featured":false,"sort_show_best":true,"sort_show_alpha":true,"sort_show_price":true,"sort_show_date":true,"related_collections":[],"related_collections_style":"buttons","rel_coll_gall_aspect_ratio":"1","image_position":"center center","rel_coll_gall_enable_margin":true,"rel_coll_gall_full_width":false,"rel_coll_gall_overlay_style":"shadow","rel_coll_gall_text_alignment":"center center","rel_coll_grid_mobile":"2"}}},"order":["image_with_text_overlay_AqU4nA","rich_text_GLWtVP","f68ab104-1a49-4c65-b099-ed5b3b91821b","main"]}