{"sections":{"background_video_mATiaC":{"type":"background-video","settings":{"video_external":"https:\/\/www.youtube.com\/watch?v=_9VUPq3SxOc","video_description":"","text_alignment":"center center","height_desktop":400,"height_mobile":160,"full_width":true,"overlay_style":"no_background"}},"ff68dbf6-4223-499c-b74e-9349131ed108":{"type":"background-video","disabled":true,"settings":{"video_external":"https:\/\/www.youtube.com\/watch?v=_9VUPq3SxOc","video_description":"","text_alignment":"bottom center","height_desktop":600,"height_mobile":500,"full_width":true,"overlay_style":"shadow"}},"cd7c6752-fdc2-4c3f-b142-24eb67ad1c9d":{"type":"image-with-text-overlay","disabled":true,"settings":{"image":"shopify:\/\/shop_images\/New_Year_Sale_Product_Page_Banner_afe97b41-98a7-4c7b-92fb-8cf645eae9d5.jpg","mobile_image":"shopify:\/\/shop_images\/New_Year_Sale_Product_Page_Banner_afe97b41-98a7-4c7b-92fb-8cf645eae9d5.jpg","height":"adapt","height_desktop":600,"height_mobile":460,"image_link":"","full_width":true,"text_alignment":"center center","mobile_overlay_under":false,"overlay_style":"box"}},"main":{"type":"main-collection","disabled":true,"settings":{"show_title":true,"show_image_behind_heading":true,"heading_image_height":"small","overlay_style":"no_background","coll_desc_pos":"above","coll_num_per_page_int":24,"grid":3,"show_vendor":false,"show_total":false,"enable_filtering":true,"collapse_tag_sidebar_by_default":true,"collapse_filters_method":"over-12","show_filter_counts":false,"filter_two_columns":false,"button_grid_filter_name":"Size,Taille,Größe","auto_apply_hide_unavailable":false,"enable_sticky_filter":true,"show_sort":true,"sort_show_featured":false,"sort_show_best":true,"sort_show_alpha":true,"sort_show_price":true,"sort_show_date":true,"related_collections":[],"related_collections_style":"buttons","rel_coll_gall_aspect_ratio":"1","image_position":"center center","rel_coll_gall_enable_margin":true,"rel_coll_gall_full_width":false,"rel_coll_gall_overlay_style":"shadow","rel_coll_gall_text_alignment":"center center","rel_coll_grid_mobile":"2"}},"featured_product_JCULBp":{"type":"featured-product","blocks":{"title_axKwGN":{"type":"title","settings":{}},"text_VfdGfq":{"type":"text","settings":{"text":"LIMITED EDITION","icon":"clock","icon_size":"small","enable_box":true,"box_color":"#f33636"}},"price_r8A7R8":{"type":"price","settings":{"show_tax_and_shipping":true,"enable_product_reviews_by_price":true}},"variant_picker_Te8pQY":{"type":"variant-picker","settings":{"show_single":false,"selector_style":"listed","dynamic_availability":"show","enable_size_chart":false,"size_chart_label":"Size guide","size_chart_variant":"Size","size_chart_page":""}},"buy_buttons_AdjtpP":{"type":"buy-buttons","settings":{"show_quantity_selector":true,"enable_payment_button":true,"show_backorder_text":false,"show_gift_card_recipient":false}},"divider_J638U9":{"type":"divider","settings":{}},"text_mUjFpB":{"type":"text","disabled":true,"settings":{"text":"Limited Edition Release","icon":"","icon_size":"small","enable_box":false,"box_color":"#f33636"}},"divider_mRVtQq":{"type":"divider","settings":{}},"text_Cah3NX":{"type":"text","disabled":true,"settings":{"text":"FREE SHIPPING ACROSS INDIA","icon":"truck","icon_size":"small","enable_box":false,"box_color":"#f33636"}},"essential_trust_badges_app_block_wzrkbg":{"type":"shopify:\/\/apps\/essential-trust-badges\/blocks\/app-block\/0ff65b25-07e1-408e-950f-f54dd3d1751b","settings":{"banner_display":"all","banner_id":""}},"essential_trust_badges_app_block_Fy8Ggk":{"type":"shopify:\/\/apps\/essential-trust-badges\/blocks\/app-block\/0ff65b25-07e1-408e-950f-f54dd3d1751b","settings":{"banner_display":"single","banner_id":"b890dc1b-4b85-435c-9a5d-e20d0bcb34ef"}},"accordion_FXgRAK":{"type":"accordion","settings":{"title":"Description","icon":"","content":"<p><strong>Elevating Divinity through Art<\/strong><br\/>Experience our Lord Ganesha Floating Sculpture, a true blend of Art, Divine and Technology. Floating effortlessly and rotating gracefully in mid-air creating a mesmerising display of sacred presence. Bring this floating masterpiece home and elevate your space with peace and wonder.<br\/><br\/><strong>India's First IP-Protected Sculpture<\/strong><br\/>Design No.: 439689-001<\/p>","page":"","custom_liquid":"","open":false}},"accordion_LeeDL7":{"type":"accordion","settings":{"title":"Product Features","icon":"","content":"<p>• Floats 2-3cm above base using electromagnetic technology<br\/>• Gentle 360° rotation for every angle of artistry<br\/>• Premium sculpture quality & craftsmanship<br\/>• Durable ABS and PLA material<br\/>• Size in Inches: Sculpture - 4.5 H x 4 L x 4 W ; Levitation Base - 8 L x 1.5 H<br\/>• Weight: Sculpture - 0.14 kg ;  Levitation Base - 0.54 kg<br\/>• Perfect fusion of Art, Divine and Technology<\/p>","page":"","custom_liquid":"","open":false}},"accordion_7VAHtA":{"type":"accordion","settings":{"title":"Setup & Care","icon":"","content":"<p>• Simple 5-minute installation with setup tools<br\/>• Easy-to-clean surface<br\/>• Works with standard home power<br\/>• Use mini UPS (optional) for areas with power fluctuations<\/p>","page":"","custom_liquid":"","open":false}},"accordion_XL4zW3":{"type":"accordion","settings":{"title":"Our Guarantee","icon":"","content":"<ul><li>Free Shipping Across India <\/li><li>6-month Warranty for Device from date of purchase<\/li><li>10-days Easy Returns <\/li><li>Secure Payment<\/li><\/ul><p><strong>Perfect for:<\/strong><br\/>• Gifting • Prayer rooms • Living spaces • Modern homes<\/p>","page":"","custom_liquid":"","open":false}},"accordion_UPw7y7":{"type":"accordion","settings":{"title":"How It Works","icon":"","content":"<p>1. Place Levitation base on flat surface & power on<br\/>2. Place alignment tool on base<br\/>3. Place position ring on base center<br\/>4. Hold sculpture above base center<br\/>5. Lower until you feel resistance from the magnet<br\/>6. Remove the position ring, then alignment tool<br\/>7. Watch sculpture float gracefully<br\/><strong>Note: Keep power ON at all times.<\/strong><\/p>","page":"","custom_liquid":"","open":false}},"accordion_7dTwkb":{"type":"accordion","settings":{"title":"Safety Guidelines","icon":"","content":"<p><strong>Keep Away From:<\/strong><\/p><p>1. Humidity and extreme heat<br\/>2. Electronics and Metal objects (20 cm distance)<br\/>3. Children under 12<br\/>4. Pacemakers\/heart devices<\/p><p><strong>Keep in Mind<\/strong><\/p><p>1. Indoor use only<br\/>2. Use provided adapter only<br\/>3. After 8-12 hours of operation, give equal rest time before the next use<br\/>4. Let the base cool for 30 mins if multiple setup attempts are made<br\/><strong>Note: Balanced usage ensures optimal performance and longevity.<\/strong><\/p>","page":"","custom_liquid":"","open":false}}},"block_order":["title_axKwGN","text_VfdGfq","price_r8A7R8","variant_picker_Te8pQY","buy_buttons_AdjtpP","divider_J638U9","text_mUjFpB","divider_mRVtQq","text_Cah3NX","essential_trust_badges_app_block_wzrkbg","essential_trust_badges_app_block_Fy8Ggk","accordion_FXgRAK","accordion_LeeDL7","accordion_7VAHtA","accordion_XL4zW3","accordion_UPw7y7","accordion_7dTwkb"],"settings":{"product":"lord-ganesha-levitating-sculpture","select_first_variant":true,"inventory_transfers_enable":true,"enable_sticky_columns":false,"gallery_size":"medium","gallery_layout":"carousel-under","enable_zoom":true,"show_alt_text":false,"alt_text_icon":"","enable_video_autoplay":false,"enable_video_looping":false,"enable_media_grouping":false,"media_grouping_option":"Color,Colour,Couleur,Farbe"}},"design_pack_video_with_text_UEDTAA":{"type":"design_pack_-_video_with_text","blocks":{"inset_image_jwd9z4":{"type":"inset_image","settings":{"inset_image":"shopify:\/\/shop_images\/Vector_Smart_Object.png","image_crop":"none","inset_image_size":40,"inset_image_max_width":"","image_alignment":"default","link":"","external_link":false}},"small_text_YrV3RR":{"type":"small_text","settings":{"small_text":"<p><strong>LIMITED EDITION<\/strong><\/p>"}},"heading_xXChxM":{"type":"heading","settings":{"title":"Balancing the Floating Ganesha is a Meditative Practice","block_heading_color":"","block_heading_size":"","enable_custom_font":true,"custom_font":"futura_n4","heading_level":"h2"}},"text_ntPEmC":{"type":"text","settings":{"text":"<p>Take your time, stay focused, and let the process bring peace and calm to your mind.<\/p>","block_text_color":""}}},"block_order":["inset_image_jwd9z4","small_text_YrV3RR","heading_xXChxM","text_ntPEmC"],"settings":{"video":"shopify:\/\/files\/videos\/White Website Banner C4 1440.mp4","third_party_video":"","autoplay":true,"loop":true,"show_controls":true,"video_style":"control_bar","play_button_color":"#ffffff","image_position":"right","image_crop":"4:3","aspect_ratio":"3:2","video_link":"","show_content_below":true,"mobile_aspect_ratio":"","text_alignment":"left","text_size":100,"text_width":50,"text_color":"#121212","background_color":"","show_background_image":false,"animation":"none","base_width":100,"max_width":"","inner_padding":60,"outer_margin":0,"custom_css":"","mobile_custom_css":"","anchor_id":"","override_theme_font":false,"heading_font":"serif","main_font":"sans-serif","enable_metafield_detect":false}},"design_pack_banner_image_parallax_qNpUfj":{"type":"design_pack_-_banner_image_-_parallax","blocks":{"small_text_DdGymq":{"type":"small_text","settings":{"small_text":"<p>New arrivals<\/p>"}},"heading_BTeBUw":{"type":"heading","settings":{"title":"Between Earth & Sky","block_heading_color":"","block_heading_size":"","enable_custom_font":false,"custom_font":"abel_n4","heading_level":"h2"}},"text_PYQiaw":{"type":"text","settings":{"text":"<h6>A true blend of Art, Divine and Technology. Floating effortlessly and rotating gracefully.<\/h6>","block_text_color":""}},"buttons_g7eLMn":{"type":"buttons","settings":{"button_radius":0,"button_label_primary":"","link_primary":"","external_link_primary":false,"button_label_color_primary":"#ffffff","button_background_color_primary":"rgba(0,0,0,0)","button_label_secondary":"","link_secondary":"","external_link_secondary":false,"button_label_color_secondary":"#283144","button_background_color_secondary":"#fafafa"}}},"block_order":["small_text_DdGymq","heading_BTeBUw","text_PYQiaw","buttons_g7eLMn"],"settings":{"background_image":"shopify:\/\/shop_images\/3_4_1_1.jpg","image_crop":"1200:600","text_size":95,"text_alignment":"center","text_position":"center bottom","text_width":600,"text_color":"#4f3a1e","text_background_color":"","background_color":"","animation":"fade-in-down","base_width":80,"max_width":"","inner_padding":60,"outer_margin":0,"custom_css":"","mobile_custom_css":"","anchor_id":"","custom_classes":"","override_theme_font":false,"heading_font":"serif","main_font":"sans-serif","enable_metafield_detect":false}},"design_pack_divider_simple_bRJcV7":{"type":"design_pack_-_divider-simple","settings":{"alignment":"center","base_width":30,"thickness":1,"style":"solid","divider_color":"#f7f7f7","background_color":"","outer_margin_top":5,"outer_margin_bottom":5,"outer_padding_top":10,"outer_padding_bottom":10,"custom_css":"","mobile_custom_css":"","anchor_id":"","custom_classes":""}},"rich_text_Qq4B7K":{"type":"rich-text","blocks":{"heading_V3UJVn":{"type":"heading","settings":{"title":"AVAILABLE IN BLACK & WHITE","use_h1":false}},"text_fccy8a":{"type":"text","settings":{"text":"","enlarge_text":true}}},"block_order":["heading_V3UJVn","text_fccy8a"],"settings":{"height":"medium","text_alignment":"center","full_width":false,"color_scheme":"default"}},"background_video_DDURyA":{"type":"background-video","settings":{"video_external":"https:\/\/www.youtube.com\/watch?v=_9VUPq3SxOc","video_description":"","text_alignment":"center center","height_desktop":400,"height_mobile":160,"full_width":true,"overlay_style":"shadow"}},"background_video_UFn7Be":{"type":"background-video","disabled":true,"settings":{"video_external":"https:\/\/www.youtube.com\/watch?v=_9VUPq3SxOc","video_description":"","text_alignment":"center center","height_desktop":400,"height_mobile":180,"full_width":true,"overlay_style":"no_background"}},"video_with_text_JFDENE":{"type":"video-with-text","disabled":true,"settings":{"video_external":"https:\/\/www.youtube.com\/watch?v=_9VUPq3SxOc","video_description":"","autoplay":false,"placeholder_image":"shopify:\/\/shop_images\/vlcsnap-2025-01-30-13h45m19s408.png","video_position":"left","text_alignment":"left","color_scheme":"default"}},"image_with_text_jjqJ3k":{"type":"image-with-text","disabled":true,"settings":{"image":"shopify:\/\/shop_images\/Float_Ganesha_5.jpg","image_2":"shopify:\/\/shop_images\/Float_Ganesha_1.jpg","image_width":700,"image_link":"","image_position":"left","text_alignment":"left","color_scheme":"default"}},"video_with_text_7b3mwA":{"type":"video-with-text","settings":{"video_external":"https:\/\/www.youtube.com\/watch?v=_9VUPq3SxOc","video_description":"","autoplay":false,"placeholder_image":"shopify:\/\/shop_images\/set_up_2_1.jpg","video_position":"left","text_alignment":"left","color_scheme":"default"}},"design_pack_gallery_thumbnails_ThqG6P":{"type":"design_pack_-_gallery_-_thumbnails","blocks":{"gallery_image_NLTUPw":{"type":"gallery_image","settings":{"gallery_image":"shopify:\/\/shop_images\/Closed_1_1.jpg"}},"gallery_image_mN9LrN":{"type":"gallery_image","settings":{"gallery_image":"shopify:\/\/shop_images\/Semi_Open_1.jpg"}},"heading_wbDtTe":{"type":"heading","settings":{"title":"Inside the Box"}},"text_8Nh6wi":{"type":"text","settings":{"text":"<p>Ganesha Sculpture, Levitation base, Power adapter, Setup guide tools, Installation manual<br\/><br\/><strong>Perfect for:<\/strong><br\/>• Gifting • Prayer room • Living space • Modern home • Office Decor<\/p>"}},"gallery_image_6kg9cH":{"type":"gallery_image","settings":{"gallery_image":"shopify:\/\/shop_images\/Open_C2_1.jpg"}}},"block_order":["gallery_image_NLTUPw","gallery_image_mN9LrN","heading_wbDtTe","text_8Nh6wi","gallery_image_6kg9cH"],"settings":{"image_crop":"none","grid_number":3,"mobile_grid_number":"3","text_size":90,"text_alignment":"left","text_color":"#283144","text_background_color":"","background_color":"","animation":"none","base_width":75,"max_width":"","inner_padding":60,"outer_margin":0,"custom_css":"","mobile_custom_css":"","anchor_id":"","override_theme_font":false,"heading_font":"serif","main_font":"sans-serif"}},"collapsible_tabs_Cy38Ke":{"type":"collapsible-tabs","blocks":{"question_aHyTmQ":{"type":"question","settings":{"title":"How long can I keep the sculpture levitating?","answer":"<p>The sculpture can levitate continuously as long as power is maintained. We recommend resting the device after 8-12 hours of running time for optimal performance and longevity.<\/p>"}},"question_bADzny":{"type":"question","settings":{"title":"Is it child-safe?","answer":"<p>We recommend adult supervision due to magnetic components. Also, Keep away from other electronics, medical devices and metal.<\/p>"}},"question_FLYcXa":{"type":"question","settings":{"title":"Can I use any power adapter?","answer":"<p>We recommend using only our certified 12V adapter to maintain warranty coverage and ensure safe operation.<\/p>"}},"question_GykPcC":{"type":"question","settings":{"title":"Can I display this outdoors?","answer":"<p>The device is designed for indoor use only to protect the electronic components.<\/p>"}},"question_rY33cH":{"type":"question","settings":{"title":"How do I clean the sculpture & levitation device?","answer":"<p>Power off the levitation device before cleaning. Use a soft, dry cloth for the base and sculpture.<\/p>"}},"question_VYiqBQ":{"type":"question","settings":{"title":"What's covered under the 6-month warranty?","answer":"<p>The warranty covers manufacturing defects, electronic components, and adapter issues from the date of purchase. The warranty applies only to the levitation device and power adapter, not the sculpture. Physical damage is not covered.<\/p>"}},"question_UkN4Jb":{"type":"question","settings":{"title":"When will the warranty process start?","answer":"<p>The warranty process begins once we receive and inspect the device at our facility.<\/p>"}}},"block_order":["question_aHyTmQ","question_bADzny","question_FLYcXa","question_GykPcC","question_rY33cH","question_VYiqBQ","question_UkN4Jb"],"settings":{"title":"Frequently Asked Questions"}},"rich_text_qH4tx8":{"type":"rich-text","blocks":{"heading_RBeNCJ":{"type":"heading","settings":{"title":"As your sculpture finds its balance, so does your mind.","use_h1":true}},"text_nt98WB":{"type":"text","settings":{"text":"<p>In this suspended state, time slows. Thoughts clear. Focus sharpens. What seems impossible becomes real, reminding us that sometimes the most profound meditation comes from simply observing the extraordinary.<\/p><p>Experience the convergence of art, divinity, and technology today.<\/p>","enlarge_text":true}}},"block_order":["heading_RBeNCJ","text_nt98WB"],"settings":{"height":"medium","text_alignment":"center","full_width":false,"color_scheme":"default"}},"compact_messages_piLmjX":{"type":"compact-messages","blocks":{"message_nbkcaz":{"type":"message","settings":{"heading":"Free Delivery","subheading":"All Over India","link_url":""}},"message_KAJJxE":{"type":"message","settings":{"heading":"6 Months Warranty","subheading":"On Levitating Device","link_url":""}},"message_xR647h":{"type":"message","settings":{"heading":"Limited Edition","subheading":"Exclusive Collection","link_url":""}}},"block_order":["message_nbkcaz","message_KAJJxE","message_xR647h"],"settings":{"head_not_col_bg":"#f7f7f7","head_not_col_txt1":"#171717","head_not_col_txt2":"#4c4c4b","head_not_mob_show":true,"head_not_mob_text":"LIMITED EDITION","head_not_mob_url":""}}},"order":["background_video_mATiaC","ff68dbf6-4223-499c-b74e-9349131ed108","cd7c6752-fdc2-4c3f-b142-24eb67ad1c9d","main","featured_product_JCULBp","design_pack_video_with_text_UEDTAA","design_pack_banner_image_parallax_qNpUfj","design_pack_divider_simple_bRJcV7","rich_text_Qq4B7K","background_video_DDURyA","background_video_UFn7Be","video_with_text_JFDENE","image_with_text_jjqJ3k","video_with_text_7b3mwA","design_pack_gallery_thumbnails_ThqG6P","collapsible_tabs_Cy38Ke","rich_text_qH4tx8","compact_messages_piLmjX"]}