{"sections":{"background_video_TzCBqK":{"type":"background-video","custom_css":["h1.overlay-text__title {color: #ffC412;}"],"settings":{"text_alignment":"center center","height_desktop":600,"height_mobile":280,"full_width":true,"overlay_style":"shadow"}},"ff68dbf6-4223-499c-b74e-9349131ed108":{"type":"background-video","disabled":true,"settings":{"text_alignment":"bottom center","height_desktop":600,"height_mobile":500,"full_width":true,"overlay_style":"shadow"}},"main":{"type":"main-collection","settings":{"show_image_behind_heading":true,"heading_image_height":"small","overlay_style":"no_background","coll_desc_pos":"above","coll_num_per_page_int":24,"grid":3,"show_vendor":false,"show_total":false,"enable_filtering":true,"collapse_tag_sidebar_by_default":true,"collapse_filters_method":"over-12","show_filter_counts":false,"filter_two_columns":false,"enable_sticky_filter":true,"image_position":"center center"}},"cd7c6752-fdc2-4c3f-b142-24eb67ad1c9d":{"type":"image-with-text-overlay","disabled":true,"settings":{"image":"shopify:\/\/shop_images\/LifeSize_Banner_Low-Res_a09533fd-d9e9-4b3f-9163-6d287dd3a931.jpg","height":"fixed","height_desktop":600,"height_mobile":460,"image_link":"","full_width":true,"text_alignment":"center center","mobile_overlay_under":false,"overlay_style":"box"}}},"order":["background_video_TzCBqK","ff68dbf6-4223-499c-b74e-9349131ed108","main","cd7c6752-fdc2-4c3f-b142-24eb67ad1c9d"]}