{"sections":{"8d1115e0-6287-4233-a8c0-2a06af9926b1":{"type":"design_pack_-_slideshow","blocks":{"slide_4HJfxz":{"type":"slide","settings":{"background_image":"shopify:\/\/shop_images\/SHIVA_WEB_BANNERS.jpg","mobile_background_image":"shopify:\/\/shop_images\/SHIVA_MOBILE_BANNERS.jpg","preheading":"","title":"","text":"","button_label":"","link":"shopify:\/\/products\/lord-shiva-meditation-adiyogi-sculpture","text_alignment":"left","text_position":"left center","text_width":600,"text_color":"#ffffff","text_background_color":"","button_label_color":"#ffffff","button_background_color":"#283144","background_color":""}},"slide_qrTFxj":{"type":"slide","settings":{"background_image":"shopify:\/\/shop_images\/Web_Banner_68f4fbcd-9c46-4697-829f-53b000ab8442.jpg","mobile_background_image":"shopify:\/\/shop_images\/Mobile_Banner_3.jpg","preheading":"","title":"","text":"","button_label":"","link":"shopify:\/\/collections\/lord-ayyappan-sculptures","text_alignment":"left","text_position":"left center","text_width":600,"text_color":"#ffffff","text_background_color":"","button_label_color":"#ffffff","button_background_color":"#283144","background_color":""}},"slide_f6t3wy":{"type":"slide","settings":{"background_image":"shopify:\/\/shop_images\/DIVINE_BUYNOW.jpg","mobile_background_image":"shopify:\/\/shop_images\/DIVINE_MB.jpg","preheading":"","title":"","text":"","button_label":"","link":"shopify:\/\/collections\/car-dashboard-series","text_alignment":"left","text_position":"left center","text_width":600,"text_color":"#ffffff","text_background_color":"","button_label_color":"#ffffff","button_background_color":"#283144","background_color":""}},"slide_wiJMTe":{"type":"slide","disabled":true,"settings":{"background_image":"shopify:\/\/shop_images\/CARDASHBOARD_GANDHI_MANIPULATION_1.jpg","mobile_background_image":"shopify:\/\/shop_images\/CARDASHBOARD_MOBILE_BANNER_1.jpg","preheading":"","title":"","text":"","button_label":"","link":"shopify:\/\/collections\/car-dashboard-series","text_alignment":"left","text_position":"left center","text_width":600,"text_color":"#ffffff","text_background_color":"","button_label_color":"#ffffff","button_background_color":"#283144","background_color":""}},"slide_BqKfhQ":{"type":"slide","settings":{"background_image":"shopify:\/\/shop_images\/HAMPI_WEB_BANNER.jpg","mobile_background_image":"shopify:\/\/shop_images\/HAMPI_MOBILE_BANNER.jpg","preheading":"","title":"","text":"","button_label":"","link":"shopify:\/\/products\/stone-chariot-hampi","text_alignment":"left","text_position":"left center","text_width":600,"text_color":"#ffffff","text_background_color":"","button_label_color":"#ffffff","button_background_color":"#283144","background_color":""}}},"block_order":["slide_4HJfxz","slide_qrTFxj","slide_f6t3wy","slide_wiJMTe","slide_BqKfhQ"],"settings":{"image_crop":"none","slider_animation":"slide","show_arrows":false,"show_dots":false,"autoplay":6,"show_mobile_arrows":false,"show_mobile_dots":true,"text_size":100,"button_radius":0,"max_width":"","max_base_width":"","outer_margin_top":0,"outer_margin_bottom":0,"custom_css":"","mobile_custom_css":"","anchor_id":"","override_theme_font":false,"heading_font":"serif","main_font":"system_ui_n4"}},"compact_messages_VpQHMk":{"type":"compact-messages","blocks":{"message_jxW6Vk":{"type":"message","settings":{"heading":"Happiness Guarantee","subheading":"10 Days Easy Return & Exchange","link_url":""}},"message_q8FLNY":{"type":"message","settings":{"heading":"Free Shipping All Over India","subheading":"Standard Delivery*","link_url":""}},"message_pMg9fr":{"type":"message","settings":{"heading":"Trusted Quality","subheading":"Over 4000+ 5 Star Rating","link_url":""}}},"block_order":["message_jxW6Vk","message_q8FLNY","message_pMg9fr"],"custom_css":["h1 {font-weight: bold;}"],"name":"Store messages","settings":{"head_not_col_bg":"#ebe7e3","head_not_col_txt1":"#050505","head_not_col_txt2":"#050505","head_not_mob_show":true,"head_not_mob_text":"Free Shipping All Over India","head_not_mob_url":""}},"featured_collection_RqzUbC":{"type":"featured-collection","custom_css":[".has-paging__title {font-size: 24px; font-weight: bold;}"],"name":"Featured collection","settings":{"title":"NEW ARRIVALS","collection":"new-arrivals","show_vendor":false,"enable_carousel":true,"grid":4,"rows":1,"color_scheme":"2","show_view_all":true,"full_width":false}},"slideshow_JdJzXP":{"type":"slideshow","blocks":{"image_x6ax93":{"type":"image","disabled":true,"settings":{"image":"shopify:\/\/shop_images\/Home_Decor_320x100-15.jpg","mobile_image":"shopify:\/\/shop_images\/Home_Decor_320x100-25.jpg","slide_link":"","subheading":"","title":"","heading_max_width":15,"title_size":84,"title_size_mobile":46,"use_h1":false,"text":"","enlarge_text":false,"button_label_1":"","button_url_1":"","button_label_2":"","button_url_2":"","text_alignment":"center center"}}},"block_order":["image_x6ax93"],"name":"Slideshow","settings":{"height":"adapt","height_desktop":600,"height_mobile":460,"full_width":true,"mobile_overlay_under":false,"overlay_style":"no_background","transition":"fade","navigation":"arrows","autoplay":true,"autoplay_speed":7,"accessibility_info":""}},"featured_collection_L6pxXa":{"type":"featured-collection","custom_css":[".has-paging__title {font-size: 24px; font-weight: bold;}"],"name":"Featured collection","settings":{"title":"DIVINE SERIES","collection":"god-sculptures","show_vendor":false,"enable_carousel":true,"grid":4,"rows":1,"color_scheme":"2","show_view_all":true,"full_width":true}},"image_with_text_overlay_w3ynMM":{"type":"image-with-text-overlay","blocks":{"subheading_keBGbA":{"type":"subheading","settings":{"subheading":""}},"heading_EBeamt":{"type":"heading","settings":{"title":"","heading_max_width":15,"title_size":84,"title_size_mobile":32,"use_h1":false}},"text_GU4Vcc":{"type":"text","settings":{"text":"","enlarge_text":true}}},"block_order":["subheading_keBGbA","heading_EBeamt","text_GU4Vcc"],"disabled":true,"name":"Image with text overlay","settings":{"image":"shopify:\/\/shop_images\/Home_Decor_320x100-14.jpg","mobile_image":"shopify:\/\/shop_images\/Home_Decor_320x100-06.jpg","height":"adapt","height_desktop":600,"height_mobile":460,"image_link":"","full_width":true,"text_alignment":"center center","mobile_overlay_under":false,"overlay_style":"no_background"}},"design_pack_featured_collection_slider_wmQj4R":{"type":"design_pack_-_featured_collection_-_slider","blocks":{"collection_9QMdHj":{"type":"collection","settings":{"collection":"monuments","product_list":["ashoka-pillar-sculpture-5-inches-2-feet","buy-brihadeeswarar-temple-thanjai-periya-kovil-sculpture-online","buy-the-replica-of-mahabalipuram-shore-temple-as-sculpture-and-silaii-online","srivilliputhur-andal-temple-monumental-sculpture","valluvar-kottam-chariot-sculpture-chennai","ayodhya-ram-mandir-temple-sculpture","mecca-the-kaaba-sculpture-buy-now","delhi-india-gate-sculpture","gateway-of-india","central-railway-station-sculpture","buy-the-replica-of-kanyakumari-thiruvalluvar-statue-and-sculpture-as-silaii-online"],"title":"","visible_products":15,"button_label":"View all products","button_link":"","button_label_color":"#171717","button_background_color":"rgba(0,0,0,0)","button_radius":5}},"collection_CiaVEb":{"type":"collection","settings":{"collection":"pride-of-india","product_list":[],"title":"","visible_products":8,"button_label":"View all products","button_link":"","button_label_color":"#4b4949","button_background_color":"rgba(0,0,0,0)","button_radius":5}},"collection_TKn4hG":{"type":"collection","disabled":true,"settings":{"collection":"full-figure-sculptures","product_list":[],"title":"","visible_products":15,"button_label":"View all products","button_link":"","button_label_color":"#4b4949","button_background_color":"rgba(0,0,0,0)","button_radius":5}}},"block_order":["collection_9QMdHj","collection_CiaVEb","collection_TKn4hG"],"custom_css":[],"settings":{"heading":"","text":"","per_row":4,"gap":20,"show_arrows":true,"hide_single_collection_title":false,"image_crop":"none","show_secondary_image":true,"show_product_title":true,"show_vendor":false,"show_product_price":true,"show_buy_button":false,"add_to_cart_option":"go_to_cart","custom_theme_trigger":"","show_quantity":false,"show_product_label":true,"show_metafield_badge":true,"badge_metafield_namespace":"","badge_metafield_key":"","show_variants":false,"mobile_grid_item_width":80,"text_size":100,"heading_color":"#121212","text_color":"#121212","button_label_color":"#4b4949","button_background_color":"","button_radius":0,"badge_text_color":"#ffffff","badge_color":"#c20000","badge_border_radius":0,"background_color":"radial-gradient(rgba(247, 247, 247, 1), rgba(247, 247, 247, 1) 49%, rgba(247, 247, 247, 1) 100%)","base_width":100,"max_width":"1200px","inner_padding":40,"outer_margin":20,"custom_css":"","mobile_custom_css":"","anchor_id":"","custom_classes":"","override_theme_font":false,"heading_font":"serif","main_font":"system_ui_n4","enable_metafield_detect":false}},"image_with_text_overlay_jNVHtU":{"type":"image-with-text-overlay","blocks":{"subheading_dcb8qj":{"type":"subheading","settings":{"subheading":""}},"heading_DJfc8G":{"type":"heading","settings":{"title":"","heading_max_width":15,"title_size":84,"title_size_mobile":32,"use_h1":false}},"text_BqB7LT":{"type":"text","settings":{"text":"","enlarge_text":true}}},"block_order":["subheading_dcb8qj","heading_DJfc8G","text_BqB7LT"],"disabled":true,"name":"Image with text overlay","settings":{"image":"shopify:\/\/shop_images\/Home_Decor_320x100-27.jpg","mobile_image":"shopify:\/\/shop_images\/Home_Decor_320x100-26.jpg","height":"adapt","height_desktop":600,"height_mobile":460,"image_link":"","full_width":true,"text_alignment":"center center","mobile_overlay_under":false,"overlay_style":"no_background"}},"featured_collection_mNRXVM":{"type":"featured-collection","custom_css":[".has-paging__title {font-size: 24px; font-weight: bold;}"],"name":"Featured collection","settings":{"title":"LEADERS & ICONS","collection":"bestselling-leaders-icons-sculptures","show_vendor":false,"enable_carousel":true,"grid":4,"rows":1,"color_scheme":"2","show_view_all":true,"full_width":true}},"product_list_wLN7C4":{"type":"product-list","custom_css":[".has-paging__title {font-size: 24px; font-weight: bold;}"],"name":"Product list","settings":{"title":"SIGNATURE EDITION","product_list":["nikola-tesla-sculpture","vincent-van-gogh-statue","picasso-sculpture","nina-simone-sculpture","kalaignar-karunanidhi"],"show_vendor":false,"enable_carousel":true,"grid":4,"color_scheme":"1","full_width":true}},"image_with_text_overlay_mDm4Jt":{"type":"image-with-text-overlay","blocks":{"subheading_WqNVhK":{"type":"subheading","settings":{"subheading":""}},"heading_qTmrdH":{"type":"heading","settings":{"title":"","heading_max_width":15,"title_size":84,"title_size_mobile":32,"use_h1":false}},"text_cieJKi":{"type":"text","settings":{"text":"","enlarge_text":true}}},"block_order":["subheading_WqNVhK","heading_qTmrdH","text_cieJKi"],"disabled":true,"name":"Image with text overlay","settings":{"image":"shopify:\/\/shop_images\/Home_Decor_320x100-12.jpg","mobile_image":"shopify:\/\/shop_images\/Home_Decor_320x100-22.jpg","height":"adapt","height_desktop":600,"height_mobile":460,"image_link":"","full_width":true,"text_alignment":"center center","mobile_overlay_under":false,"overlay_style":"no_background"}},"collection_list_tUK39P":{"type":"collection-list","blocks":{"collection_BdYGaM":{"type":"collection","settings":{"collection":"baahubali-the-epic","image":"shopify:\/\/shop_images\/Bahubali_Epic_Tiittle_Banner.jpg","subheading":"","button_label":""}},"collection_GmiXKz":{"type":"collection","settings":{"collection":"kgf","image":"shopify:\/\/shop_images\/KFG.jpg","subheading":"","button_label":""}},"collection_brGzJM":{"type":"collection","settings":{"collection":"master","image":"shopify:\/\/shop_images\/Master_1.jpg","subheading":"","button_label":""}},"collection_a9Babx":{"type":"collection","settings":{"collection":"hanuman-official-movie-merchandise","image":"shopify:\/\/shop_images\/Hanu-man.jpg","subheading":"","button_label":""}},"collection_G3wTHH":{"type":"collection","settings":{"collection":"maaveeran","image":"shopify:\/\/shop_images\/Maaveeran.jpg","subheading":"","button_label":""}}},"block_order":["collection_BdYGaM","collection_GmiXKz","collection_brGzJM","collection_a9Babx","collection_G3wTHH"],"custom_css":[".has-paging__title {font-size: 24px; font-weight: bold;}"],"name":"Collection list","settings":{"title":"INDIA'S FIRST OFFICIAL MOVIE COLLECTIBLES","enable_carousel":true,"grid":4,"color_scheme":"1","full_width":true,"coll_grid_image_shape":"tallest","coll_grid_image_position":"center center","coll_thumb_mob_per_row":"2","coll_grid_show_count":false,"coll_text_position":"below","coll_text_position_under_mobile":false,"coll_thumb_text_align_x":"center","coll_thumb_text_align_y":"center","coll_button_style":"primary"}},"image_with_text_overlay_mLTtGP":{"type":"image-with-text-overlay","blocks":{"subheading_kd7Gak":{"type":"subheading","disabled":true,"settings":{"subheading":"Tell your story"}},"heading_Uzir78":{"type":"heading","disabled":true,"settings":{"title":"Image with text overlay","heading_max_width":15,"title_size":84,"title_size_mobile":32,"use_h1":false}},"text_Re4rGC":{"type":"text","disabled":true,"settings":{"text":"<p>Promote your brand or products with this feature section<\/p>","enlarge_text":true}}},"block_order":["subheading_kd7Gak","heading_Uzir78","text_Re4rGC"],"disabled":true,"name":"Image with text overlay","settings":{"image":"shopify:\/\/shop_images\/Float_Comman_Web_Banner.jpg","height":"fixed","height_desktop":440,"height_mobile":140,"image_link":"","full_width":true,"text_alignment":"center center","mobile_overlay_under":false,"overlay_style":"shadow"}},"design_pack_collection_grid_73xMkb":{"type":"design_pack_-_collection_grid","blocks":{"image_9hNdV6":{"type":"image","settings":{"image":"shopify:\/\/shop_images\/BUDDHA__Mobile_Banner_28a0d2cb-3721-4541-83cc-f6ef9779fa66.jpg","focal_point":"center center","title":"","text":"","button_label":"","link":"shopify:\/\/products\/hanuman-meditation-levitating-sculpture","text_position":"center bottom"}},"image_UFTYbk":{"type":"image","settings":{"image":"shopify:\/\/shop_images\/MECCA__Mobile_Banner_buynow.jpg","focal_point":"center center","title":"","text":"","button_label":"","link":"shopify:\/\/products\/mecca-sculpture","text_position":"center bottom"}},"image_eyMkKY":{"type":"image","settings":{"image":"shopify:\/\/shop_images\/BUDDHA__mobile_Banner.jpg","focal_point":"top center","title":"","text":"","button_label":"","link":"shopify:\/\/products\/buddha-levitating-sculpture","text_position":"center bottom"}},"image_A9AJRW":{"type":"image","settings":{"image":"shopify:\/\/shop_images\/LV_MB_-_BUY_NOW_3231930b-e342-44fa-8689-d46044e62ccd.jpg","focal_point":"center center","title":"","text":"","button_label":"","link":"shopify:\/\/products\/lord-ganesha-levitating-sculpture","text_position":"center bottom"}}},"block_order":["image_9hNdV6","image_UFTYbk","image_eyMkKY","image_A9AJRW"],"disabled":true,"settings":{"heading":"","image_crop":"none","column_gap":30,"row_gap":60,"border_radius":5,"enable_hover":false,"show_text_below":false,"grid_number":4,"mobile_grid_number":"2","text_size":80,"heading_color":"#111b1c","text_color":"#ffffff","text_background_color":"","button_label_color":"#111b1c","background_color":"radial-gradient(rgba(247, 247, 247, 1), rgba(247, 247, 247, 1) 100%)","animation":"none","base_width":90,"max_width":"1400","inner_padding":20,"outer_margin":20,"custom_css":"","mobile_custom_css":"","anchor_id":"","custom_classes":"","override_theme_font":false,"heading_font":"arial_n4","main_font":"system_ui_n4"}},"1659092145adcc0ea8":{"type":"image-with-text-overlay","disabled":true,"settings":{"image":"shopify:\/\/shop_images\/LIZE_SIZE_-_NYS_BANNER.jpg","mobile_image":"shopify:\/\/shop_images\/LIZE_SIZE_-_NYS_BANNER_2.jpg","height":"adapt","height_desktop":600,"height_mobile":460,"image_link":"shopify:\/\/collections\/larger-than-life-size-sculptures-of-icons","full_width":true,"text_alignment":"bottom center","mobile_overlay_under":false,"overlay_style":"no_background"}},"featured_collection_n4nnki":{"type":"featured-collection","custom_css":[".has-paging__title {font-size: 24px; font-weight: bold;}"],"name":"Featured collection","settings":{"title":"LARGER THAN LIFE SIZE","collection":"larger-than-life-size-sculptures-of-icons","show_vendor":false,"enable_carousel":true,"grid":4,"rows":1,"color_scheme":"default","show_view_all":true,"full_width":true}},"cddd55ab-b598-403c-940a-48e1296c77b4":{"type":"image-with-text-overlay","settings":{"image":"shopify:\/\/shop_images\/25923_Custom_Sculpture_web_c2_1_1.jpg","mobile_image":"shopify:\/\/shop_images\/26923_Custom_Sculpture_4X5_c1_1.jpg","height":"adapt","height_desktop":600,"height_mobile":460,"image_link":"https:\/\/www.silaii.com\/pages\/custom-sculpture-enquiry","full_width":false,"text_alignment":"bottom center","mobile_overlay_under":false,"overlay_style":"no_background"}},"500c2817-0235-4f23-8869-4b9aea8ddc80":{"type":"image-with-text-overlay","settings":{"image":"shopify:\/\/shop_images\/Award_Leaf_Web_Banner_1.jpg","mobile_image":"shopify:\/\/shop_images\/Award_Leaf_Mob_Banner_1.jpg","height":"adapt","height_desktop":560,"height_mobile":460,"image_link":"","full_width":false,"text_alignment":"center center","mobile_overlay_under":false,"overlay_style":"no_background"}},"bdc21adc-8396-4845-9958-eb4d42c49e5c":{"type":"testimonials","blocks":{"template--14558886690901__bdc21adc-8396-4845-9958-eb4d42c49e5c-16673816537dafa8b2-1":{"type":"testimonial","settings":{"star_rating":5,"testimonial":"Actor Kamal Haasan was impressed with our works","author":"had an  in-depth conversation about the finer details of the sculptures.","image":"shopify:\/\/shop_images\/Kamal_Meets_SILAII_519d6566-9433-4fa8-857e-8596908691ca.jpg","image_caption":"","link":""}},"template--14558886690901__bdc21adc-8396-4845-9958-eb4d42c49e5c-16673816537dafa8b2-0":{"type":"testimonial","settings":{"star_rating":5,"testimonial":"Actor Vijay applauded SILAII for the MASTER Movie Merchandise Campaign","author":"He loved the precision, artistic nuance of the strikingly well-made sculpture","image":"shopify:\/\/shop_images\/MASTER_MEETS_VIJAY.jpg","image_caption":"","link":""}}},"block_order":["template--14558886690901__bdc21adc-8396-4845-9958-eb4d42c49e5c-16673816537dafa8b2-1","template--14558886690901__bdc21adc-8396-4845-9958-eb4d42c49e5c-16673816537dafa8b2-0"],"settings":{"title":"Celebrity Reviews","layout":"image-left","text_caps":false,"quote_text_size":31,"quote_text_size_mobile":22,"image_shape":"square","color_scheme":"default","use_custom_star_rating_color":false,"star_rating_color":"#e9a80a","autoplay":true,"autoplay_speed":10}},"167213996586ec7cd9":{"type":"apps","settings":{"full_width":false,"show_space":true}},"49c48b6d-c70f-4bcf-b0da-d350ef4464c9":{"type":"image-with-text-overlay","custom_css":["{background: #fff; padding-top: 20px;}"],"settings":{"image":"shopify:\/\/shop_images\/sILAII_partners_1_1.jpg","mobile_image":"shopify:\/\/shop_images\/Silaii_partners_Mob_1.jpg","height":"adapt","height_desktop":600,"height_mobile":460,"image_link":"","full_width":true,"text_alignment":"center center","mobile_overlay_under":false,"overlay_style":"no_background"}},"featured_blog_xX6YUK":{"type":"featured-blog","disabled":true,"custom_css":[".has-paging__title {font-size: 32px; font-weight: bold;}"],"name":"Blog posts","settings":{"title":"BLOG POST","blog":"news","post_limit":3,"show_author":false,"show_date":true,"show_excerpts":true,"crop_ratio":"","color_scheme":"1"}},"multi_column_LG4XF7":{"type":"multi-column","blocks":{"text_block_fEPUfr":{"type":"text_block","settings":{"enable_media":true,"image":"shopify:\/\/shop_images\/support.png","title":"Reach out to us","text":"<p>+91 9884688804  <\/p>","button_label":"","link":"tel:+919884688804"}},"text_block_x6nQYD":{"type":"text_block","settings":{"enable_media":true,"image":"shopify:\/\/shop_images\/return-box.png","title":"Easy Exchanges & Returns","text":"<p>Hassle free 10 days return.<\/p>","button_label":"","link":"https:\/\/www.silaii.com\/apps\/return_prime"}},"text_block_VeXCEf":{"type":"text_block","settings":{"enable_media":true,"image":"shopify:\/\/shop_images\/gift-box.png","title":"Gifting & Corporate orders","text":"<p>WhatsApp us at +91 9962488802<\/p>","button_label":"","link":"tel:+919962488802"}}},"block_order":["text_block_fEPUfr","text_block_x6nQYD","text_block_VeXCEf"],"settings":{"title":"","media_aspect_ratio":"1","media_width":60,"text_alignment":"center","button_style":"primary","color_scheme":"default"}},"judgeme_carousel_section_VbtQmj":{"type":"judgeme_carousel_section","disabled":true,"name":"Featured Review Carousel","settings":{"maxwidth":1080}},"slideshow_gePyd4":{"type":"slideshow","blocks":{"image_eEHiBm":{"type":"image","disabled":true,"settings":{"image":"shopify:\/\/shop_images\/Home_Decor_320x100-17.jpg","mobile_image":"shopify:\/\/shop_images\/Home_Decor_320x100-04.jpg","slide_link":"","subheading":"","title":"","heading_max_width":15,"title_size":84,"title_size_mobile":46,"use_h1":false,"text":"","enlarge_text":true,"button_label_1":"","button_url_1":"","button_label_2":"","button_url_2":"","text_alignment":"center center"}}},"block_order":["image_eEHiBm"],"name":"Slideshow","settings":{"height":"adapt","height_desktop":600,"height_mobile":460,"full_width":true,"mobile_overlay_under":false,"overlay_style":"shadow","transition":"fade","navigation":"arrows","autoplay":true,"autoplay_speed":7,"accessibility_info":""}}},"order":["8d1115e0-6287-4233-a8c0-2a06af9926b1","compact_messages_VpQHMk","featured_collection_RqzUbC","slideshow_JdJzXP","featured_collection_L6pxXa","image_with_text_overlay_w3ynMM","design_pack_featured_collection_slider_wmQj4R","image_with_text_overlay_jNVHtU","featured_collection_mNRXVM","product_list_wLN7C4","image_with_text_overlay_mDm4Jt","collection_list_tUK39P","image_with_text_overlay_mLTtGP","design_pack_collection_grid_73xMkb","1659092145adcc0ea8","featured_collection_n4nnki","cddd55ab-b598-403c-940a-48e1296c77b4","500c2817-0235-4f23-8869-4b9aea8ddc80","bdc21adc-8396-4845-9958-eb4d42c49e5c","167213996586ec7cd9","49c48b6d-c70f-4bcf-b0da-d350ef4464c9","featured_blog_xX6YUK","multi_column_LG4XF7","judgeme_carousel_section_VbtQmj","slideshow_gePyd4"]}