{"sections":{"8d1115e0-6287-4233-a8c0-2a06af9926b1":{"type":"design_pack_-_slideshow","blocks":{"slide_AkmGYm":{"type":"slide","settings":{"preheading":"","title":"","text":"","button_label":"","link":"shopify:\/\/products\/shrinathji-sculpture","text_alignment":"left","text_position":"left center","text_width":600,"background_image":"shopify:\/\/shop_images\/SHRINATHJI_Desktop_Banner.jpg","focal_point":"center center","mobile_background_image":"shopify:\/\/shop_images\/SHRINATHJI_Mobile_Banner.jpg","text_color":"#ffffff","text_background_color":"","button_label_color":"#ffffff","button_background_color":"#283144","background_color":""}},"slide_34x39X":{"type":"slide","settings":{"preheading":"","title":"","text":"","button_label":"","link":"shopify:\/\/collections\/float-series-levitating-sculptures","text_alignment":"left","text_position":"left center","text_width":600,"background_image":"shopify:\/\/shop_images\/BUDDHA_Desktop_Banner.jpg","focal_point":"center center","mobile_background_image":"shopify:\/\/shop_images\/BUDDHA__mobile_Banner.jpg","text_color":"#ffffff","text_background_color":"","button_label_color":"#ffffff","button_background_color":"#283144","background_color":""}},"slide_CAG7KU":{"type":"slide","settings":{"preheading":"","title":"","text":"","button_label":"","link":"shopify:\/\/products\/kalaignar-karunanidhi","text_alignment":"left","text_position":"left center","text_width":600,"background_image":"shopify:\/\/shop_images\/Kalaignar_Web_Banner_c1.jpg","focal_point":"center center","mobile_background_image":"shopify:\/\/shop_images\/Kalaignar_Mobile_Banner_c1.jpg","text_color":"#ffffff","text_background_color":"","button_label_color":"#ffffff","button_background_color":"#283144","background_color":""}},"slide_FUQQnB":{"type":"slide","settings":{"preheading":"","title":"","text":"","button_label":"","link":"shopify:\/\/products\/kanagayam-kaalai","text_alignment":"left","text_position":"left center","text_width":600,"background_image":"shopify:\/\/shop_images\/KAALAI_Web_Banner.jpg","focal_point":"center center","mobile_background_image":"shopify:\/\/shop_images\/KAALAI_MOBILE_BANNER__2480_X_3100.jpg","text_color":"#ffffff","text_background_color":"","button_label_color":"#ffffff","button_background_color":"#283144","background_color":""}},"slide_xxBDmL":{"type":"slide","settings":{"preheading":"","title":"","text":"","button_label":"","link":"shopify:\/\/products\/nikola-tesla-sculpture","text_alignment":"left","text_position":"left center","text_width":600,"background_image":"shopify:\/\/shop_images\/Tesla_Web_Banner.jpg","focal_point":"center center","mobile_background_image":"shopify:\/\/shop_images\/MOBILE_BANNER__2480_X_3100_2.jpg","text_color":"#ffffff","text_background_color":"","button_label_color":"#ffffff","button_background_color":"#283144","background_color":""}},"slide_Gr3aza":{"type":"slide","settings":{"preheading":"","title":"","text":"","button_label":"","link":"shopify:\/\/collections\/float-series","text_alignment":"left","text_position":"left center","text_width":600,"background_image":"shopify:\/\/shop_images\/LV_WB_-_BUY_NOW.jpg","focal_point":"center center","mobile_background_image":"shopify:\/\/shop_images\/LV_MB_-_BUY_NOW.jpg","text_color":"#ffffff","text_background_color":"","button_label_color":"#ffffff","button_background_color":"#283144","background_color":""}},"slide_3F6k9U":{"type":"slide","settings":{"preheading":"","title":"","text":"","button_label":"","link":"shopify:\/\/products\/nandhi-sculpture","text_alignment":"left","text_position":"left center","text_width":600,"background_image":"shopify:\/\/shop_images\/Nandhi_Web_Banner.jpg","focal_point":"center center","mobile_background_image":"shopify:\/\/shop_images\/WEBINAR_MOBILE__2480_X_3100_WBN.jpg","text_color":"#ffffff","text_background_color":"","button_label_color":"#ffffff","button_background_color":"#283144","background_color":""}},"slide_z9jxba":{"type":"slide","settings":{"preheading":"","title":"","text":"","button_label":"","link":"shopify:\/\/products\/tiruvannamalai-annamalaiyar-sculpture","text_alignment":"left","text_position":"left center","text_width":600,"background_image":"shopify:\/\/shop_images\/Annamalaiyar_Desktop_Banner_v1_bb4c82c1-4500-4025-9af2-904a6f5db812.jpg","focal_point":"center center","mobile_background_image":"shopify:\/\/shop_images\/Annamalaiyar__mobile_Banner_V1_d88e2430-584b-4c28-933b-fad17cea3c8c.jpg","text_color":"#ffffff","text_background_color":"","button_label_color":"#ffffff","button_background_color":"#283144","background_color":""}},"slide_Gpctcz":{"type":"slide","disabled":true,"settings":{"preheading":"","title":"","text":"","button_label":"","link":"shopify:\/\/products\/karpaga-vinayagar","text_alignment":"left","text_position":"left center","text_width":600,"background_image":"shopify:\/\/shop_images\/Pillayarpatti_Karpaga_Vinayagar_website_banner_84334a84-967e-4a85-8373-d949ac60b47f.jpg","focal_point":"center center","mobile_background_image":"shopify:\/\/shop_images\/Pillayarpatti_Karpaga_Vinayagar_Mobile_banner_Final.jpg","text_color":"#ffffff","text_background_color":"","button_label_color":"#ffffff","button_background_color":"#283144","background_color":""}},"slide_rpW9ri":{"type":"slide","disabled":true,"settings":{"preheading":"","title":"","text":"","button_label":"","link":"shopify:\/\/collections\/lord-murugan","text_alignment":"left","text_position":"left center","text_width":600,"background_image":"shopify:\/\/shop_images\/Murugan_1ft_WB.jpg","focal_point":"center center","mobile_background_image":"shopify:\/\/shop_images\/Murugan_1feet_MB.jpg","text_color":"#ffffff","text_background_color":"","button_label_color":"#ffffff","button_background_color":"#283144","background_color":""}},"slide_hmecnw":{"type":"slide","disabled":true,"settings":{"preheading":"","title":"","text":"","button_label":"","link":"shopify:\/\/products\/1008-shiva-lingam","text_alignment":"left","text_position":"left center","text_width":600,"background_image":"shopify:\/\/shop_images\/siva_Lingam_Banner.jpg","focal_point":"center center","mobile_background_image":"shopify:\/\/shop_images\/siva_Lingam_mobile_Banner.jpg","text_color":"#ffffff","text_background_color":"","button_label_color":"#ffffff","button_background_color":"#283144","background_color":""}},"slide_K8Umyd":{"type":"slide","disabled":true,"settings":{"preheading":"","title":"","text":"","button_label":"","link":"shopify:\/\/products\/vincent-van-gogh-statue","text_alignment":"left","text_position":"left center","text_width":600,"background_image":"shopify:\/\/shop_images\/Van_gogh_website_banner.jpg","focal_point":"center center","mobile_background_image":"shopify:\/\/shop_images\/Van_gogh_Mobile_banner.jpg","text_color":"#ffffff","text_background_color":"","button_label_color":"#ffffff","button_background_color":"#283144","background_color":""}},"slide_e4Q3jA":{"type":"slide","disabled":true,"settings":{"preheading":"","title":"","text":"","button_label":"","link":"shopify:\/\/products\/1008-shiva-lingam-with-naga-sculpture","text_alignment":"left","text_position":"left center","text_width":600,"background_image":"shopify:\/\/shop_images\/Siva_Lingam_with_naga_Banner.jpg","focal_point":"center center","mobile_background_image":"shopify:\/\/shop_images\/Siva_Lingam_with_naga_Mobile_Banner.jpg","text_color":"#ffffff","text_background_color":"","button_label_color":"#ffffff","button_background_color":"#283144","background_color":""}},"slide_qeaNPt":{"type":"slide","disabled":true,"settings":{"preheading":"","title":"","text":"","button_label":"","link":"shopify:\/\/products\/nina-simone-sculpture","text_alignment":"left","text_position":"left center","text_width":600,"background_image":"shopify:\/\/shop_images\/Nina_Simone_Web_Banner_HRES_2_1.jpg","focal_point":"center center","mobile_background_image":"shopify:\/\/shop_images\/Nina_Simone_Mobile_Banner_Buy_Now_Button.jpg","text_color":"#ffffff","text_background_color":"","button_label_color":"#ffffff","button_background_color":"#283144","background_color":""}}},"block_order":["slide_AkmGYm","slide_34x39X","slide_CAG7KU","slide_FUQQnB","slide_xxBDmL","slide_Gr3aza","slide_3F6k9U","slide_z9jxba","slide_Gpctcz","slide_rpW9ri","slide_hmecnw","slide_K8Umyd","slide_e4Q3jA","slide_qeaNPt"],"settings":{"image_crop":"none","slider_animation":"slide","show_arrows":true,"show_dots":true,"autoplay":6,"text_size":100,"button_radius":0,"max_width":"","outer_margin_top":0,"outer_margin_bottom":0,"custom_css":"","mobile_custom_css":"","override_theme_font":false,"heading_font":"serif","main_font":"sans-serif"}},"188cabe4-c5f2-40cf-bb67-d417945c2036":{"type":"design_pack_-_collection_grid","blocks":{"template--14558886690901__188cabe4-c5f2-40cf-bb67-d417945c2036-16673765685e68e44e-1":{"type":"image","disabled":true,"settings":{"image":"shopify:\/\/shop_images\/Lord_Ganesha_1_8a4c4995-4728-4a80-9225-e1b85a0e6779.jpg","focal_point":"top center","title":"","text":"","button_label":"","link":"shopify:\/\/products\/ganesh-sculpture","text_position":"center bottom"}},"template--14558886690901__188cabe4-c5f2-40cf-bb67-d417945c2036-16673765685e68e44e-0":{"type":"image","disabled":true,"settings":{"image":"shopify:\/\/shop_images\/Ratan_Tata_4x5_3_1_fb2c3f10-5775-469f-b1c4-0b97175da8cd.jpg","focal_point":"top center","title":"","text":"","button_label":"","link":"shopify:\/\/products\/ratan-tata-idol","text_position":"center bottom"}},"template--14558886690901__188cabe4-c5f2-40cf-bb67-d417945c2036-16673765685e68e44e-2":{"type":"image","settings":{"image":"shopify:\/\/shop_images\/Srivilliputhur_1.jpg","focal_point":"top center","title":"","text":"","button_label":"","link":"shopify:\/\/products\/srivilliputhur-andal-temple-monumental-sculpture","text_position":"center bottom"}},"d5f1dcad-8b2c-4049-a844-1744735da396":{"type":"image","settings":{"image":"shopify:\/\/shop_images\/Vaarahiamman_Mobile_Banner_Archana_1.jpg","focal_point":"center center","title":"","text":"","button_label":"","link":"shopify:\/\/products\/varahi-amman-sculpture","text_position":"center center"}},"image_3Y3F3D":{"type":"image","settings":{"image":"shopify:\/\/shop_images\/Pillayarpatti_Karpaga_Vinayagar_Mobile_banner_Final.jpg","focal_point":"center center","title":"","text":"","button_label":"","link":"shopify:\/\/products\/karpaga-vinayagar","text_position":"center bottom"}},"image_fiQMFR":{"type":"image","settings":{"image":"shopify:\/\/shop_images\/Mobile_Banner_Design_with_buy_now.jpg","focal_point":"center center","title":"","text":"","button_label":"","link":"shopify:\/\/products\/lord-venkateswara-swamy-tirupati-divine-sculpture","text_position":"center bottom"}},"image_7MBxpW":{"type":"image","disabled":true,"settings":{"image":"shopify:\/\/shop_images\/AD_Anniversary_Sale_Mobile_Banner_1.jpg","focal_point":"center center","title":"","text":"","button_label":"","link":"https:\/\/www.silaii.com\/collections\/official-movie-merchandises","text_position":"center bottom"}}},"block_order":["template--14558886690901__188cabe4-c5f2-40cf-bb67-d417945c2036-16673765685e68e44e-1","template--14558886690901__188cabe4-c5f2-40cf-bb67-d417945c2036-16673765685e68e44e-0","template--14558886690901__188cabe4-c5f2-40cf-bb67-d417945c2036-16673765685e68e44e-2","d5f1dcad-8b2c-4049-a844-1744735da396","image_3Y3F3D","image_fiQMFR","image_7MBxpW"],"settings":{"heading":"New Launches","image_crop":"none","border_radius":5,"enable_hover":false,"grid_number":4,"mobile_grid_number":"2","text_size":90,"heading_color":"#111b1c","text_color":"#ffffff","text_background_color":"","button_label_color":"#111b1c","background_color":"","animation":"none","base_width":95,"max_width":"1400","inner_padding":20,"outer_margin":40,"custom_css":"","mobile_custom_css":"","override_theme_font":false,"heading_font":"serif","main_font":"sans-serif"}},"background_video_JAgRBn":{"type":"background-video","disabled":true,"settings":{"placeholder_image":"shopify:\/\/shop_images\/All_Products_Nov_web.jpg","text_alignment":"bottom center","height_desktop":600,"height_mobile":500,"full_width":false,"overlay_style":"no_background"}},"rich_text_FJPfnU":{"type":"rich-text","blocks":{"heading_x6n6gd":{"type":"heading","settings":{"title":"Our Most Loved","use_h1":true}},"text_rGFzkA":{"type":"text","settings":{"text":"<p>Where Details Make the Difference<\/p>","enlarge_text":true}}},"block_order":["heading_x6n6gd","text_rGFzkA"],"custom_css":["h1 {font-size: 32px;}"," {padding-top: 20px; background: #ffffff;}"],"settings":{"height":"medium","text_alignment":"center","full_width":true}},"fc278358-37a2-4c52-a918-d939621b1a6b":{"type":"gallery","custom_css":["{background: #fff; padding-top: 20px;}"],"settings":{"desktop_image_height":450,"mobile_image_height":440,"title_size":30,"title_size_mobile":22,"enable_margin":true,"enable_row_spacing":false,"full_width":false,"enable_carousel":true,"overlay_style":"no_background","button_style":"primary"}},"image_with_text_overlay_XEKe9p":{"type":"image-with-text-overlay","settings":{"image":"shopify:\/\/shop_images\/Che_Guevara_Desktop_Wallpaper_1_1.jpg","mobile_image":"shopify:\/\/shop_images\/4X5_1_1.jpg","height":"adapt","height_desktop":600,"height_mobile":460,"image_link":"","full_width":true,"text_alignment":"bottom center","mobile_overlay_under":false,"overlay_style":"shadow"}},"design_pack_featured_collection_slider_wmQj4R":{"type":"design_pack_-_featured_collection_-_slider","blocks":{"collection_9QMdHj":{"type":"collection","settings":{"collection":"monuments","title":"","visible_products":15,"button_label":"View all products","button_label_color":"#171717","button_background_color":"rgba(0,0,0,0)","button_radius":5}},"collection_CiaVEb":{"type":"collection","settings":{"collection":"god-sculptures","title":"","visible_products":8,"button_label":"View all products","button_label_color":"#4b4949","button_background_color":"rgba(0,0,0,0)","button_radius":0}},"collection_TKn4hG":{"type":"collection","disabled":true,"settings":{"collection":"full-figure-sculptures","title":"","visible_products":15,"button_label":"View all products","button_label_color":"#4b4949","button_background_color":"rgba(0,0,0,0)","button_radius":5}}},"block_order":["collection_9QMdHj","collection_CiaVEb","collection_TKn4hG"],"settings":{"per_row":4,"show_arrows":true,"show_product_title":true,"show_product_price":true,"show_product_label":false,"text_size":100,"heading_color":"#121212","text_color":"#121212","background_color":"radial-gradient(rgba(235, 231, 227, 1), rgba(235, 231, 227, 1) 49%, rgba(235, 231, 227, 1) 100%)","base_width":100,"max_width":"1200px","inner_padding":40,"outer_margin":20,"custom_css":"","mobile_custom_css":"","override_theme_font":false,"heading_font":"serif","main_font":"sans-serif"}},"product_list_BBKDgd":{"type":"product-list","settings":{"title":"GREATEST ICONS","product_list":["buy-the-bust-sculpture-of-the-missile-man-of-india-dr-apj-abdul-kalam-online","buy-the-bust-sculpture-of-chhatrapati-shivaji-maharaj-online","buy-mahatma-gandhi-sculpture-and-statue-online","buy-dr-babasaheb-b-r-ambedkar-statue-and-bust-sculpture-online","buy-5-inch-thiruvalluvar-sculpture-online","mahakavi-bharathiyar-sculpture-5","buy-che-guevara-sculpture-and-statue-online","buy-the-bust-sculpture-of-thanthai-periyar-online","buy-the-bust-sculpture-of-arignar-anna","former-tamilnadu-chief-minister-kalaignar-karunanidhi-bust-sculpture","former-chief-minister-of-tamilnadu-j-jayalalithaa-bust-sculpture","buy-the-bust-sculpture-of-karmaveerar-kamarajar-online","buy-the-bust-sculpture-of-puratchi-thalaivar-m-g-r","buy-thiruvalluvar-sculpture-online","buy-the-bust-sculpture-of-kappalottiya-tamizhan-v-o-chidambaram-pillai-online","buy-pasumpon-muthuramalinga-thevar-statue-and-bust-sculpture-online","former-andhra-pradesh-chief-minister-ys-rajasekhara-cm-ysr","buy-karl-marx-sculpture-and-statue-online","buy-the-sculpture-and-statue-of-power-star-puneeth-rajkumar-aka-appu-online"],"show_vendor":false,"enable_carousel":true,"grid":4,"full_width":false}},"design_pack_collection_grid_73xMkb":{"type":"design_pack_-_collection_grid","blocks":{"image_9hNdV6":{"type":"image","settings":{"image":"shopify:\/\/shop_images\/Jesus_mob_Banner_c1_1.jpg","focal_point":"center center","title":"","text":"","button_label":"","link":"shopify:\/\/products\/the-sacred-heart-of-jesus-christ-sculpture","text_position":"center bottom"}},"image_UFTYbk":{"type":"image","settings":{"image":"shopify:\/\/shop_images\/Mecca_Mob_Web_1.jpg","focal_point":"center center","title":"","text":"","button_label":"","link":"shopify:\/\/products\/mecca-the-kaaba-sculpture-buy-now","text_position":"center bottom"}},"image_eyMkKY":{"type":"image","settings":{"image":"shopify:\/\/shop_images\/Thiruvalluvar_Standing_Mob_Web.jpg","focal_point":"top center","title":"","text":"","button_label":"","link":"shopify:\/\/products\/thirukural-thiruvalluvar-full-figure-sculpture","text_position":"center bottom"}},"image_A9AJRW":{"type":"image","settings":{"image":"shopify:\/\/shop_images\/Vivekananda_Mob_Banner_1.jpg","focal_point":"center center","title":"","text":"","button_label":"","link":"shopify:\/\/products\/swami-vivekananda-idol-statue-full-figure-sculpture","text_position":"center bottom"}}},"block_order":["image_9hNdV6","image_UFTYbk","image_eyMkKY","image_A9AJRW"],"disabled":true,"settings":{"heading":"POPULAR COLLECTIONS","image_crop":"none","border_radius":10,"enable_hover":false,"grid_number":4,"mobile_grid_number":"2","text_size":80,"heading_color":"#111b1c","text_color":"#ffffff","text_background_color":"","button_label_color":"#111b1c","background_color":"radial-gradient(rgba(255, 255, 255, 1), rgba(255, 255, 255, 1) 100%)","animation":"none","base_width":90,"max_width":"1400","inner_padding":20,"outer_margin":20,"custom_css":"","mobile_custom_css":"","override_theme_font":false,"heading_font":"serif","main_font":"sans-serif"}},"slideshow_JBP8Cq":{"type":"slideshow","blocks":{"image_6Rnwtf":{"type":"image","settings":{"image":"shopify:\/\/shop_images\/Madras_Web_Banner_1.jpg","mobile_image":"shopify:\/\/shop_images\/Madras_Mobile_Banner_1_1.jpg","slide_link":"shopify:\/\/collections\/landmarks-of-madras","subheading":"","title":"","title_size":84,"title_size_mobile":46,"use_h1":false,"text":"","enlarge_text":true,"button_label_1":"","button_url_1":"","button_label_2":"","button_url_2":"","text_alignment":"center center"}}},"block_order":["image_6Rnwtf"],"settings":{"height":"adapt","height_desktop":540,"height_mobile":460,"full_width":false,"mobile_overlay_under":false,"overlay_style":"no_background","autoplay":true,"autoplay_speed":7}},"16958849392a6a9633":{"type":"apps","blocks":{"deef5fe9-5976-4561-89c7-f7c7e8100a44":{"type":"shopify:\/\/apps\/loox-reviews\/blocks\/loox-testimonial-carousel-section\/5c3b337f-fd14-4df5-b1d6-80ec13e6e28e","disabled":true,"settings":{"maxWidth":1100,"desktopFontSize":24,"mobileFontSize":18,"maxNumberOfCharacters":240,"quoteMarkIcon":"style-1","reviewerNameColor":"#000000","textColor":"#414141","starsColor":"","quotesIconColor":"#eaeaea","arrows_iconColor":"#000000","arrows_hideOnMobile":true,"pagination_active":true,"pagination_selectedDotColor":"#000000","pagination_dotColor":"#000000","autoplay_active":false,"autoplay_duration":2,"productIds":""}}},"block_order":["deef5fe9-5976-4561-89c7-f7c7e8100a44"],"settings":{"full_width":false}},"featured_collection_7NHeTh":{"type":"featured-collection","settings":{"title":"SHOP OUR EXCLUSIVE OFFICIAL MOVIE MERCHANDISE COLLECTIONS","collection":"official-movie-merchandises","show_vendor":false,"enable_carousel":true,"grid":4,"rows":1,"show_view_all":true,"full_width":false}},"cddd55ab-b598-403c-940a-48e1296c77b4":{"type":"image-with-text-overlay","settings":{"image":"shopify:\/\/shop_images\/25923_Custom_Sculpture_web_c2_1_1.jpg","mobile_image":"shopify:\/\/shop_images\/26923_Custom_Sculpture_4X5_c1_1.jpg","height":"adapt","height_desktop":600,"height_mobile":460,"image_link":"https:\/\/www.silaii.com\/pages\/custom-sculpture-enquiry","full_width":false,"text_alignment":"bottom center","mobile_overlay_under":false,"overlay_style":"no_background"}},"1659092145adcc0ea8":{"type":"image-with-text-overlay","settings":{"image":"shopify:\/\/shop_images\/LargerLifeSize_web_1.jpg","mobile_image":"shopify:\/\/shop_images\/LargerLifeSize_4x5_fc041c1c-441f-46b3-9688-3ef94cfa29da.jpg","height":"adapt","height_desktop":600,"height_mobile":460,"image_link":"shopify:\/\/collections\/larger-than-life-size-sculptures-of-icons","full_width":false,"text_alignment":"bottom center","mobile_overlay_under":false,"overlay_style":"no_background"}},"500c2817-0235-4f23-8869-4b9aea8ddc80":{"type":"image-with-text-overlay","settings":{"image":"shopify:\/\/shop_images\/Web_Leaf_Banner_2_1.jpg","mobile_image":"shopify:\/\/shop_images\/Web_Leaf_Banner_4x5_2_1.jpg","height":"adapt","height_desktop":600,"height_mobile":460,"image_link":"","full_width":false,"text_alignment":"center center","mobile_overlay_under":false,"overlay_style":"no_background"}},"bdc21adc-8396-4845-9958-eb4d42c49e5c":{"type":"testimonials","blocks":{"template--14558886690901__bdc21adc-8396-4845-9958-eb4d42c49e5c-16673816537dafa8b2-1":{"type":"testimonial","settings":{"star_rating":5,"testimonial":"Actor Kamal Haasan was impressed with our works","author":"had an  in-depth conversation about the finer details of the sculptures.","image":"shopify:\/\/shop_images\/Kamal_Meets_SILAII_519d6566-9433-4fa8-857e-8596908691ca.jpg","image_caption":"","link":""}},"template--14558886690901__bdc21adc-8396-4845-9958-eb4d42c49e5c-16673816537dafa8b2-0":{"type":"testimonial","settings":{"star_rating":5,"testimonial":"Actor Vijay applauded SILAII for the MASTER Movie Merchandise Campaign","author":"He loved the precision, artistic nuance of the strikingly well-made sculpture","image":"shopify:\/\/shop_images\/MASTER_MEETS_VIJAY.jpg","image_caption":"","link":""}}},"block_order":["template--14558886690901__bdc21adc-8396-4845-9958-eb4d42c49e5c-16673816537dafa8b2-1","template--14558886690901__bdc21adc-8396-4845-9958-eb4d42c49e5c-16673816537dafa8b2-0"],"settings":{"title":"Celebrity Reviews","layout":"image-left","text_caps":false,"quote_text_size":31,"quote_text_size_mobile":22,"image_shape":"square","autoplay":true,"autoplay_speed":10}},"167213996586ec7cd9":{"type":"apps","settings":{"full_width":false}},"49c48b6d-c70f-4bcf-b0da-d350ef4464c9":{"type":"image-with-text-overlay","custom_css":["{background: #fff; padding-top: 20px;}"],"settings":{"image":"shopify:\/\/shop_images\/sILAII_partners_1_1.jpg","mobile_image":"shopify:\/\/shop_images\/Silaii_partners_Mob_1.jpg","height":"adapt","height_desktop":600,"height_mobile":460,"image_link":"","full_width":true,"text_alignment":"center center","mobile_overlay_under":false,"overlay_style":"no_background"}},"rich_text_VctqPe":{"type":"rich-text","blocks":{"text_EhXWRA":{"type":"text","settings":{"text":"<p><strong>ANY UNAUTHORIZED USE OF THE IMAGES OR DUPLICATION OF THE DESIGN IS STRICTLY PROHIBITED. ALL PRODUCTS ARE SUBJECT TO COPYRIGHT  PROTECTION.<\/strong><\/p><p><a href=\"https:\/\/www.silaii.com\/pages\/empowering-innovation-creativity\" title=\"https:\/\/www.silaii.com\/pages\/empowering-innovation-creativity\"><strong>READ MORE<\/strong><\/a><\/p>","enlarge_text":true}}},"block_order":["text_EhXWRA"],"settings":{"height":"small","text_alignment":"center","full_width":true}},"multi_column_LG4XF7":{"type":"multi-column","blocks":{"text_block_fEPUfr":{"type":"text_block","settings":{"image":"shopify:\/\/shop_images\/support.png","title":"Reach out to us","text":"<p><strong>+91 9884688804<\/strong> on Mon to Sat from 9:00 AM to 7:00 PM.<\/p>","button_label":"","link":"tel:+919884688804"}},"text_block_x6nQYD":{"type":"text_block","settings":{"image":"shopify:\/\/shop_images\/return-box.png","title":"Easy Exchanges & Returns","text":"<p><strong>Hassle free 10 days return.<\/strong><\/p>","button_label":"","link":"https:\/\/www.silaii.com\/apps\/return_prime"}},"text_block_VeXCEf":{"type":"text_block","settings":{"image":"shopify:\/\/shop_images\/gift-box.png","title":"Gifting & Corporate orders","text":"<p>WhatsApp us at <strong>+91 9962488802<\/strong><\/p>","button_label":"","link":"tel:+919962488802"}}},"block_order":["text_block_fEPUfr","text_block_x6nQYD","text_block_VeXCEf"],"settings":{"title":"","text_alignment":"center","button_style":"primary"}}},"order":["8d1115e0-6287-4233-a8c0-2a06af9926b1","188cabe4-c5f2-40cf-bb67-d417945c2036","background_video_JAgRBn","rich_text_FJPfnU","fc278358-37a2-4c52-a918-d939621b1a6b","image_with_text_overlay_XEKe9p","design_pack_featured_collection_slider_wmQj4R","product_list_BBKDgd","design_pack_collection_grid_73xMkb","slideshow_JBP8Cq","16958849392a6a9633","featured_collection_7NHeTh","cddd55ab-b598-403c-940a-48e1296c77b4","1659092145adcc0ea8","500c2817-0235-4f23-8869-4b9aea8ddc80","bdc21adc-8396-4845-9958-eb4d42c49e5c","167213996586ec7cd9","49c48b6d-c70f-4bcf-b0da-d350ef4464c9","rich_text_VctqPe","multi_column_LG4XF7"]}