{"sections":{"main":{"type":"main-page","disabled":true,"settings":{"show_page_title":false,"full_width":true}},"background_video_8zt4U4":{"type":"background-video","blocks":{"subheading_wMbrwJ":{"type":"subheading","settings":{"subheading":""}},"heading_qrejJK":{"type":"heading","settings":{"title":"","heading_max_width":12,"title_size":84,"title_size_mobile":32,"use_h1":false}},"text_dRdLrH":{"type":"text","settings":{"text":"","enlarge_text":true}}},"block_order":["subheading_wMbrwJ","heading_qrejJK","text_dRdLrH"],"name":"Background video","settings":{"video_shopify":"shopify:\/\/files\/videos\/SILAII Kovaii Hero Banner.mp4","video_external":"","video_description":"","text_alignment":"center center","height_desktop":540,"height_mobile":200,"full_width":true,"overlay_style":"no_background"}},"rich_text_gePjDK":{"type":"rich-text","blocks":{"heading_n8PVUN":{"type":"heading","settings":{"title":"INDIA'S FINEST SCULPTURE BRAND","use_h1":true}},"text_wP7XUG":{"type":"text","settings":{"text":"<p><strong>NOW IN COIMBATORE<\/strong><\/p>","enlarge_text":true}}},"block_order":["heading_n8PVUN","text_wP7XUG"],"custom_css":[".majortitle {font-size: 42px; font-weight: bolder;}"],"name":"Rich text","settings":{"height":"small","text_alignment":"center","full_width":false,"color_scheme":"default"}},"design_pack_richtext_HYRDWw":{"type":"design_pack_-_richtext","blocks":{"text_D8gKin":{"type":"text","settings":{"text":"<p><strong>The Visionaries of Kovai, <br\/>Visiting SILAII<br\/><br\/><\/strong><\/p>","block_text_color":""}}},"block_order":["text_D8gKin"],"custom_css":[".majortitle {font-size: 42px; font-weight: bolder;}"],"name":"Richtext - simple 🎒","settings":{"text_size":100,"text_alignment":"center","text_color":"#121212","background_color":"","show_background_image":false,"animation":"none","base_width":60,"max_width":"1100px","match_padding":false,"inner_padding":25,"bottom_padding":0,"match_margin":false,"outer_margin":0,"bottom_margin":0,"custom_css":"","mobile_custom_css":"","anchor_id":"","custom_classes":"","override_theme_font":true,"heading_font":"sans_serif_n4","main_font":"system_ui_n4"}},"background_video_WxYykb":{"type":"background-video","blocks":{"subheading_TxAkxD":{"type":"subheading","settings":{"subheading":""}},"heading_C6D6hD":{"type":"heading","settings":{"title":"","heading_max_width":12,"title_size":84,"title_size_mobile":32,"use_h1":false}},"text_iqhqiz":{"type":"text","settings":{"text":"","enlarge_text":true}}},"block_order":["subheading_TxAkxD","heading_C6D6hD","text_iqhqiz"],"name":"Background video","settings":{"video_shopify":"shopify:\/\/files\/videos\/SILAII Kovaii HNI Banner.mp4","video_external":"","video_description":"","text_alignment":"bottom center","height_desktop":600,"height_mobile":200,"full_width":true,"overlay_style":"no_background"}},"design_pack_marquee_gallery_Fkbh4X":{"type":"design_pack_-_marquee_-_gallery","blocks":{"image_LVBfxU":{"type":"image","settings":{"image":"shopify:\/\/shop_images\/Vanitha_Mohan004_1.jpg","link":"","external_link":false}},"image_yxDHpB":{"type":"image","settings":{"image":"shopify:\/\/shop_images\/002_5_1.jpg","link":"","external_link":false}},"image_D9wwVj":{"type":"image","settings":{"image":"shopify:\/\/shop_images\/004_1.jpg","link":"","external_link":false}},"image_th9iCC":{"type":"image","settings":{"image":"shopify:\/\/shop_images\/ckk002_1.jpg","link":"","external_link":false}},"image_9kVF6N":{"type":"image","settings":{"image":"shopify:\/\/shop_images\/002_6_1.jpg","link":"","external_link":false}},"image_TyHhj4":{"type":"image","settings":{"image":"shopify:\/\/shop_images\/002_4_1.jpg","link":"","external_link":false}},"image_J9a4p9":{"type":"image","settings":{"image":"shopify:\/\/shop_images\/Silaii_CBE_2025_-_-1804_1_1.jpg","link":"","external_link":false}}},"block_order":["image_LVBfxU","image_yxDHpB","image_D9wwVj","image_th9iCC","image_9kVF6N","image_TyHhj4","image_J9a4p9"],"name":"Marquee - gallery 🎒","settings":{"grid_item_width":40,"gap":10,"image_crop":"4:3","speed":0.5,"reverse_scrolling":true,"scrolling_pause":true,"mobile_grid_item_width":56,"border_radius":0,"border_color":"#ffffff","border_width":0,"background_color":"#f7f7f7","fade_edges":true,"base_width":100,"max_width":"","inner_padding":40,"outer_margin":0,"custom_css":"","mobile_custom_css":"","anchor_id":""}},"design_pack_simple_call_to_action_v2_CF9KPV":{"type":"design_pack_-_simple_call_to_action-v2","blocks":{"buttons_PHRrGr":{"type":"buttons","settings":{"button_radius":0,"button_label_primary":"","link_primary":"","external_link_primary":false,"button_label_color_primary":"#c20000","button_background_color_primary":"rgba(0,0,0,0)","button_label_secondary":"VISIT NOW","link_secondary":"https:\/\/maps.app.goo.gl\/Ci4MYjJr9Dw51v7n8?g_st=ipc","external_link_secondary":false,"button_label_color_secondary":"#ffffff","button_background_color_secondary":"#c16452"}}},"block_order":["buttons_PHRrGr"],"name":"Call to action - simple 🎒","settings":{"link":"","text_size":115,"text_alignment":"center","text_position":"center center","text_width":600,"text_color":"#ffffff","text_background_color":"","background_color":"","animation":"none","max_width":"","inner_padding":0,"outer_margin":0,"custom_css":"","mobile_custom_css":"","anchor_id":"","override_theme_font":true,"heading_font":"serif","main_font":"system_ui_n4"}},"rich_text_DcicBL":{"type":"rich-text","blocks":{"text_QFtbLW":{"type":"text","settings":{"text":"<p><strong>A MASSIVE SCULPTURE STORE FEATURING 12 FEET DIVINE SCULPTURES<\/strong><\/p>","enlarge_text":true}}},"block_order":["text_QFtbLW"],"name":"Rich text","settings":{"height":"small","text_alignment":"center","full_width":false,"color_scheme":"default"}},"slideshow_K7yxLV":{"type":"slideshow","blocks":{"image_AkgzWB":{"type":"image","settings":{"image":"shopify:\/\/shop_images\/cbe001.jpg","slide_link":"","subheading":"","title":"","heading_max_width":15,"title_size":84,"title_size_mobile":46,"use_h1":false,"text":"","enlarge_text":true,"button_label_1":"","button_url_1":"","button_label_2":"","button_url_2":"","text_alignment":"center center"}},"image_Nya7mJ":{"type":"image","settings":{"image":"shopify:\/\/shop_images\/cbe003.jpg","slide_link":"","subheading":"","title":"","heading_max_width":15,"title_size":84,"title_size_mobile":46,"use_h1":false,"text":"","enlarge_text":true,"button_label_1":"","button_url_1":"","button_label_2":"","button_url_2":"","text_alignment":"center center"}}},"block_order":["image_AkgzWB","image_Nya7mJ"],"name":"Slideshow","settings":{"height":"adapt","height_desktop":600,"height_mobile":460,"full_width":true,"mobile_overlay_under":false,"overlay_style":"shadow","transition":"fade","navigation":"arrows","autoplay":true,"autoplay_speed":7,"accessibility_info":""}},"map_fRFQf4":{"type":"map","name":"Map","settings":{"full_width":true,"color_scheme":"1","heading":"SILAII STORE","address":"<p><strong>Coimbatore <\/strong><br\/>1108, Vadakovai, R.S. Puram,<br\/>Mettupalayam Road, Coimbatore – 641002<br\/>(Next to Croma – R.S. Puram)<br\/>📞 +91 98846 88830<br\/>🕤 Hours: 9:00 AM – 10:00 PM (All Days)<\/p>","button":"Directions","show_pin":true,"show_feature_image":true,"feature_image":"shopify:\/\/shop_images\/41_1.jpg","map_address":"SILAII Store | Coimbatore, 1108, Mettupalayam Rd, Vadakovai, R.S. Puram, Coimbatore","api_key":"","map_type":"embed","map_style":"silver","background_image":"shopify:\/\/shop_images\/Screenshot_2025-11-20_113605_copy_1.jpg"}},"design_pack_richtext_V6XTaG":{"type":"design_pack_-_richtext","blocks":{"text_RxzXA8":{"type":"text","settings":{"text":"<p>REVIEWS FROM STORE VISITORS<\/p>","block_text_color":""}}},"block_order":["text_RxzXA8"],"name":"Richtext - simple 🎒","settings":{"text_size":100,"text_alignment":"center","text_color":"#121212","background_color":"","show_background_image":false,"animation":"none","base_width":80,"max_width":"1100px","match_padding":true,"inner_padding":0,"bottom_padding":0,"match_margin":true,"outer_margin":40,"bottom_margin":0,"custom_css":"","mobile_custom_css":"","anchor_id":"","custom_classes":"","override_theme_font":true,"heading_font":"serif","main_font":"system_ui_n4"}},"design_pack_video_carousel_wXnjrT":{"type":"design_pack_-_video_carousel","blocks":{"video_wL8mpL":{"type":"video","settings":{"html5_video":"shopify:\/\/files\/videos\/Amar-1.mp4","overlay_text":"","product":"","collection":""}},"video_diaxyb":{"type":"video","settings":{"html5_video":"shopify:\/\/files\/videos\/Kiru Final-1.mp4","overlay_text":"","product":"","collection":""}},"video_fePAkc":{"type":"video","settings":{"html5_video":"shopify:\/\/files\/videos\/Veejya-1.mp4","overlay_text":"","product":"","collection":""}},"video_jphLcd":{"type":"video","settings":{"html5_video":"shopify:\/\/files\/videos\/Kumar Final-1.mp4","overlay_text":"","product":"","collection":""}},"video_arURRX":{"type":"video","settings":{"html5_video":"shopify:\/\/files\/videos\/Oorla Final-1.mp4","overlay_text":"","product":"","collection":""}},"video_ifYKfX":{"type":"video","settings":{"html5_video":"shopify:\/\/files\/videos\/Swetha Final-1.mp4","overlay_text":"","product":"","collection":""}}},"block_order":["video_wL8mpL","video_diaxyb","video_fePAkc","video_jphLcd","video_arURRX","video_ifYKfX"],"name":"Video carousel 🎒","settings":{"slide_width":320,"image_crop":"none","aspect_ratio":"9:16","autoplay":8,"gap":10,"show_arrows":true,"show_play_buttons":false,"play_button_color":"#ffffff","text_size":100,"text_alignment":"left","text_color":"#121212","border_color":"#121212","background_color":"","border_radius":10,"base_width":100,"max_width":"","inner_padding":0,"outer_margin":0,"custom_css":"","mobile_custom_css":"","anchor_id":"","override_theme_font":false,"heading_font":"serif","main_font":"system_ui_n4","enable_metafield_detect":false}},"design_pack_value_proposition_numbers_3LwTpa":{"type":"design_pack_-_value_proposition_numbers","blocks":{"icon_rye76y":{"type":"icon","settings":{"icon_size":40,"currency_symbol":"","count_end":100000,"number_append":"","heading":"","text":"<p>Trusted by 1 Lakh+ Happy Customers <\/p>","link":""}},"icon_BMVbFw":{"type":"icon","settings":{"icon_size":40,"currency_symbol":"","count_end":160000,"number_append":"","heading":"","text":"<p>Products Delivered Across Globe<\/p>","link":""}},"icon_6eLaAV":{"type":"icon","settings":{"icon_size":40,"currency_symbol":"","count_end":50,"number_append":"","heading":"","text":"<p>Countries Shipped<\/p>","link":""}}},"block_order":["icon_rye76y","icon_BMVbFw","icon_6eLaAV"],"custom_css":[".dsgn-pck__number dsgn-pck__number--icon_rye76y {font-size: 40px;}"],"name":"Value icons - numbers 🎒","settings":{"counter_speed":3,"per_row":3,"thousands_separator":"none","text_size":150,"heading_color":"#121212","text_color":"#666666","background_color":"linear-gradient(180deg, rgba(255, 255, 255, 1), rgba(255, 255, 255, 1) 100%)","base_width":95,"max_width":"","inner_padding":75,"outer_margin":0,"custom_css":"","mobile_custom_css":"","anchor_id":"","override_theme_font":false,"heading_font":"serif","main_font":"system_ui_n4"}},"background_video_wKeF9V":{"type":"background-video","blocks":{"subheading_nzaVqf":{"type":"subheading","settings":{"subheading":""}},"heading_eMaNzm":{"type":"heading","settings":{"title":"","heading_max_width":12,"title_size":84,"title_size_mobile":32,"use_h1":false}},"text_RiC3Ux":{"type":"text","settings":{"text":"","enlarge_text":true}},"button_jLWeEK":{"type":"button","settings":{"button_label":"Visit Our Coimbatore Store","button_link":"https:\/\/maps.app.goo.gl\/Ci4MYjJr9Dw51v7n8?g_st=ipc","button_style":"secondary"}}},"block_order":["subheading_nzaVqf","heading_eMaNzm","text_RiC3Ux","button_jLWeEK"],"name":"Background video","settings":{"video_shopify":"shopify:\/\/files\/videos\/Customer Experience Low Render.mp4","video_external":"","video_description":"","text_alignment":"center center","height_desktop":540,"height_mobile":480,"full_width":true,"overlay_style":"no_background"}},"design_pack_video_carousel_FaxmbL":{"type":"design_pack_-_video_carousel","blocks":{"video_7gNipj":{"type":"video","settings":{"html5_video":"shopify:\/\/files\/videos\/Coimbatore_Final.mp4","overlay_text":"","product":"","collection":""}},"video_bktT3M":{"type":"video","settings":{"html5_video":"shopify:\/\/files\/videos\/cbe cinematic_V4.mp4","overlay_text":"","product":"","collection":""}},"video_6LrwFX":{"type":"video","settings":{"html5_video":"shopify:\/\/files\/videos\/CBE_V8_beat.mp4","overlay_text":"","product":"","collection":""}}},"block_order":["video_7gNipj","video_bktT3M","video_6LrwFX"],"name":"Video carousel 🎒","settings":{"slide_width":320,"image_crop":"none","aspect_ratio":"9:16","autoplay":8,"gap":10,"show_arrows":true,"show_play_buttons":false,"play_button_color":"#ffffff","text_size":100,"text_alignment":"left","text_color":"#121212","border_color":"#121212","background_color":"","border_radius":10,"base_width":100,"max_width":"","inner_padding":40,"outer_margin":0,"custom_css":"","mobile_custom_css":"","anchor_id":"","override_theme_font":false,"heading_font":"serif","main_font":"system_ui_n4","enable_metafield_detect":false}},"collection_list_TNJLHe":{"type":"collection-list","blocks":{"collection_9wanGz":{"type":"collection","settings":{"collection":"bestselling-leaders-icons-sculptures","subheading":"","button_label":"VIEW ALL"}},"collection_hCnr4d":{"type":"collection","settings":{"collection":"god-sculptures","subheading":"","button_label":"VIEW ALL"}},"collection_p8ttcV":{"type":"collection","settings":{"collection":"float-series","subheading":"","button_label":"VIEW ALL"}},"collection_EGQbA3":{"type":"collection","settings":{"collection":"monuments","subheading":"","button_label":"VIEW ALL"}},"collection_MdkkM9":{"type":"collection","settings":{"collection":"official-movie-merchandises","subheading":"","button_label":"VIEW ALL"}},"collection_N7DM9F":{"type":"collection","settings":{"collection":"larger-than-life-size-sculptures-of-icons","subheading":"","button_label":"VIEW ALL"}}},"block_order":["collection_9wanGz","collection_hCnr4d","collection_p8ttcV","collection_EGQbA3","collection_MdkkM9","collection_N7DM9F"],"name":"Collection list","settings":{"title":"Categories","enable_carousel":true,"grid":4,"color_scheme":"default","full_width":true,"coll_grid_image_shape":"square","coll_grid_image_position":"center center","coll_thumb_mob_per_row":"2","coll_grid_show_count":false,"coll_text_position":"below","coll_text_position_under_mobile":false,"coll_thumb_text_align_x":"center","coll_thumb_text_align_y":"center","coll_button_style":"primary"}},"slideshow_NAVAqD":{"type":"slideshow","blocks":{"image_Lt3LWL":{"type":"image","settings":{"image":"shopify:\/\/shop_images\/Award_Leaf_Web_Banner_1.jpg","mobile_image":"shopify:\/\/shop_images\/Award_Leaf_Mob_Banner_1.jpg","slide_link":"","subheading":"","title":"","heading_max_width":15,"title_size":84,"title_size_mobile":46,"use_h1":false,"text":"","enlarge_text":true,"button_label_1":"","button_url_1":"","button_label_2":"","button_url_2":"","text_alignment":"center center"}}},"block_order":["image_Lt3LWL"],"name":"Slideshow","settings":{"height":"adapt","height_desktop":600,"height_mobile":460,"full_width":true,"mobile_overlay_under":false,"overlay_style":"shadow","transition":"fade","navigation":"arrows","autoplay":true,"autoplay_speed":7,"accessibility_info":""}},"slideshow_pydDNR":{"type":"slideshow","name":"Slideshow","settings":{"height":"adapt","height_desktop":600,"height_mobile":460,"full_width":true,"mobile_overlay_under":false,"overlay_style":"shadow","transition":"fade","navigation":"arrows","autoplay":true,"autoplay_speed":7,"accessibility_info":""}}},"order":["main","background_video_8zt4U4","rich_text_gePjDK","design_pack_richtext_HYRDWw","background_video_WxYykb","design_pack_marquee_gallery_Fkbh4X","design_pack_simple_call_to_action_v2_CF9KPV","rich_text_DcicBL","slideshow_K7yxLV","map_fRFQf4","design_pack_richtext_V6XTaG","design_pack_video_carousel_wXnjrT","design_pack_value_proposition_numbers_3LwTpa","background_video_wKeF9V","design_pack_video_carousel_FaxmbL","collection_list_TNJLHe","slideshow_NAVAqD","slideshow_pydDNR"]}