{"sections":{"main":{"type":"main-page","disabled":true,"settings":{"full_width":false}},"13868c15-d09e-4c1f-abfd-3631a244b31d":{"type":"product-list","disabled":true,"settings":{"title":"Product list","product_list":["buy-the-sculpture-of-ashoka-pillar-online","buy-the-replica-of-kanyakumari-thiruvalluvar-statue-and-sculpture-as-silaii-online","buy-the-bust-sculpture-of-arignar-anna","buy-the-action-figure-sculpture-of-rocky-bhai-from-kgf-universe"],"show_vendor":false,"enable_carousel":true,"grid":4,"full_width":true}},"a2cac059-3308-4cc6-9bf4-c5948399f250":{"type":"contact-form","blocks":{"template--14903914561621__a2cac059-3308-4cc6-9bf4-c5948399f250-name_input-1":{"type":"name_input","settings":{"half_width":true}},"template--14903914561621__a2cac059-3308-4cc6-9bf4-c5948399f250-email_input-1":{"type":"email_input","settings":{"half_width":true}},"template--14903914561621__a2cac059-3308-4cc6-9bf4-c5948399f250-message_input-1":{"type":"message_input","settings":{"half_width":false}}},"block_order":["template--14903914561621__a2cac059-3308-4cc6-9bf4-c5948399f250-name_input-1","template--14903914561621__a2cac059-3308-4cc6-9bf4-c5948399f250-email_input-1","template--14903914561621__a2cac059-3308-4cc6-9bf4-c5948399f250-message_input-1"],"settings":{"contact_title":"Contact us","contact_text":""}},"2760e439-5172-40d5-a1a1-0943b4b17eb8":{"type":"design_pack_-_contact_form_with_text","blocks":{"template--14903914561621__2760e439-5172-40d5-a1a1-0943b4b17eb8-textfield-1":{"type":"textfield","settings":{"title":"First name","placeholder":"","required":false,"width":"half"}},"2507eea4-4cd4-4dde-88ed-60631533c360":{"type":"phone_number","settings":{"title":"Phone number","placeholder":"","required":true,"width":"full"}},"template--14903914561621__2760e439-5172-40d5-a1a1-0943b4b17eb8-email-1":{"type":"email","settings":{"title":"Email address","placeholder":"","width":"full"}},"template--14903914561621__2760e439-5172-40d5-a1a1-0943b4b17eb8-textarea-1":{"type":"textarea","settings":{"title":"Your Requirement","placeholder":"Tell us why you are contacting us.","required":false,"width":"full"}}},"block_order":["template--14903914561621__2760e439-5172-40d5-a1a1-0943b4b17eb8-textfield-1","2507eea4-4cd4-4dde-88ed-60631533c360","template--14903914561621__2760e439-5172-40d5-a1a1-0943b4b17eb8-email-1","template--14903914561621__2760e439-5172-40d5-a1a1-0943b4b17eb8-textarea-1"],"settings":{"form_position":"right","heading":"Drop us a line.","text":"<p>Get more details from your customers by using custom fields in your contact form with text. The more data you know about your audience, the more you can tailor the shopping experience to their liking!<\/p><p>If you have a retail space, this is the ideal area to add your location and store hours.<\/p>","text_position":"left center","text_size":100,"text_color":"#666666","button_label_color":"#ffffff","button_background_color":"#283144","background_color":"","button_radius":0,"base_width":90,"max_width":"","inner_padding":40,"outer_margin":0,"custom_css":"","mobile_custom_css":"","override_theme_font":false,"heading_font":"serif","main_font":"sans-serif"}}},"order":["main","13868c15-d09e-4c1f-abfd-3631a244b31d","a2cac059-3308-4cc6-9bf4-c5948399f250","2760e439-5172-40d5-a1a1-0943b4b17eb8"]}