{"sections":{"design_pack_video_with_text_9EiXMP":{"type":"design_pack_-_video_with_text","blocks":{"heading_DVg6Cz":{"type":"heading","settings":{"title":"Love blooms here.","block_heading_color":"","block_heading_size":"","heading_level":"h2"}},"text_nm8K9W":{"type":"text","settings":{"text":"<p>Explore our curated collection of beautiful plants to find the gift that keeps on giving.<\/p>"}},"buttons_TeJe3L":{"type":"buttons","settings":{"button_radius":0,"button_label_primary":"Shop all plants","link_primary":"shopify:\/\/collections\/plants","external_link_primary":false,"button_label_color_primary":"#fbf9e4","button_background_color_primary":"rgba(0,0,0,0)","button_label_secondary":"","link_secondary":"","external_link_secondary":false,"button_label_color_secondary":"#ffffff","button_background_color_secondary":"#121212"}}},"block_order":["heading_DVg6Cz","text_nm8K9W","buttons_TeJe3L"],"settings":{"autoplay":true,"loop":true,"show_controls":false,"image_position":"right","image_crop":"1:1","aspect_ratio":"3:2","mobile_aspect_ratio":"","text_alignment":"left","text_size":105,"text_width":50,"text_color":"#fbf9e4","background_color":"","show_background_image":false,"animation":"none","base_width":100,"max_width":"","inner_padding":0,"outer_margin":0,"custom_css":"","mobile_custom_css":"","override_theme_font":true,"heading_font":"chong_modern_n7","main_font":"harmonia_sans_n3"}},"design_pack_collection_grid_cKYCkP":{"type":"design_pack_-_collection_grid","blocks":{"image_rxDCpH":{"type":"image","settings":{"image":"shopify:\/\/shop_images\/Pet-Lovers-2.jpg","focal_point":"top center","title":"","text":"","button_label":"Gifts for pet-lovers","link":"shopify:\/\/collections\/plants","text_position":"center bottom"}},"image_LJ4PLn":{"type":"image","settings":{"image":"shopify:\/\/shop_images\/BFFs-2.jpg","focal_point":"top center","title":"","text":"","button_label":"Gifts for BFFs","link":"shopify:\/\/collections\/plants","text_position":"center bottom"}},"image_MRWNTE":{"type":"image","settings":{"image":"shopify:\/\/shop_images\/Family.jpg","focal_point":"top center","title":"","text":"","button_label":"Gifts for family","link":"shopify:\/\/collections\/plants","text_position":"center bottom"}}},"block_order":["image_rxDCpH","image_LJ4PLn","image_MRWNTE"],"settings":{"heading":"","image_crop":"1:1","border_radius":10,"enable_hover":false,"grid_number":3,"mobile_grid_number":"2","text_size":120,"heading_color":"#111b1c","text_color":"#ffffff","text_background_color":"linear-gradient(0deg, rgba(0, 0, 0, 0), rgba(120, 196, 245, 0) 74%)","button_label_color":"#111b1c","background_color":"#E8C8B0","animation":"none","base_width":95,"max_width":"1000","inner_padding":50,"outer_margin":0,"custom_css":"","mobile_custom_css":"","override_theme_font":true,"heading_font":"chong_modern_n7","main_font":"harmonia_sans_n3"}},"design_pack_richtext_8i4eTP":{"type":"design_pack_-_richtext","blocks":{"fancy_heading_BdtCem":{"type":"fancy_heading","settings":{"title":"[Hand-picked] for your special someone.","highlight_text_color":"#272727","highlight_background_color":"rgba(0,0,0,0)","highlight_heading_size":"","highlight_enable_custom_font":true,"highlight_custom_font":"chong_modern_i7","heading_level":"h2","custom_css":""}}},"block_order":["fancy_heading_BdtCem"],"settings":{"text_size":100,"text_alignment":"center","text_color":"#272727","text_background_color":"","background_color":"linear-gradient(180deg, rgba(251, 249, 228, 1), rgba(251, 249, 228, 1) 100%)","animation":"none","base_width":100,"max_width":"","match_padding":false,"inner_padding":50,"bottom_padding":25,"match_margin":true,"outer_margin":0,"bottom_margin":0,"custom_css":"","mobile_custom_css":"","override_theme_font":true,"heading_font":"chong_modern_n7","main_font":"sans-serif"}},"design_pack_featured_collection_blocks_cXnanf":{"type":"design_pack_-_featured-collection_-_blocks","blocks":{"image_GDWNyx":{"type":"image","settings":{"image_crop":"1:1","show_secondary_image":true}},"title_yzjjVk":{"type":"title","settings":{}},"price_BcccXK":{"type":"price","settings":{"show_price_savings":false}},"vendor_F3wjDk":{"type":"vendor","disabled":true,"settings":{}}},"block_order":["image_GDWNyx","title_yzjjVk","price_BcccXK","vendor_F3wjDk"],"settings":{"collection":"plants","per_row":4,"per_page":8,"gap":30,"mobile_per_row":"2","text_size":70,"text_alignment":"center","text_color":"#272727","border_color":"#272727","product_background_color":"#FFFFFF","product_background_hover_color":"","background_color":"#FBF9E4","base_width":90,"max_width":"1000px","inner_padding":40,"custom_css":"","mobile_custom_css":"","override_theme_font":true,"heading_font":"chong_modern_n7","main_font":"harmonia_sans_n3"}},"design_pack_marquee_multitext_7R9kCW":{"type":"design_pack_-_marquee_-_multitext","blocks":{"content_XzRyPY":{"type":"content","settings":{"text":"<em>Give the gift of choice.<\/em>"}},"content_Yd3G83":{"type":"content","settings":{"text":"Shop our gift cards online or in-store."}}},"block_order":["content_XzRyPY","content_Yd3G83"],"settings":{"speed":36,"scrolling_pause":false,"image_size":"medium","text_size":80,"text_color":"#272727","background_color":"#E8C8B0","inner_padding":40,"outer_margin":0,"custom_css":"","mobile_custom_css":"","override_theme_font":true,"main_font":"chong_modern_i4"}},"design_pack_artistic_arches_4aiQjr":{"type":"design_pack_-_artistic_arches","blocks":{"block_bYqHYN":{"type":"block","settings":{"title":"","text":"","image":"shopify:\/\/shop_images\/Accessories.jpg","button_label":"Accessories","link":"shopify:\/\/collections\/plants"}},"block_8B97Bm":{"type":"block","settings":{"title":"","text":"","image":"shopify:\/\/shop_images\/Gardening-Supplies-3.jpg","button_label":"Tools","link":""}},"block_qwwTiX":{"type":"block","settings":{"title":"","text":"","image":"shopify:\/\/shop_images\/Plant_Decor.jpg","button_label":"Decor","link":"shopify:\/\/collections\/plants"}}},"block_order":["block_bYqHYN","block_8B97Bm","block_qwwTiX"],"settings":{"image_crop":"2:3","text_alignment":"center","text_size":100,"header_text_color":"#ffffff","header_background_color":"linear-gradient(180deg, rgba(243, 166, 131, 1), rgba(226, 140, 100, 1) 100%)","text_color":"#272727","button_label_color":"#272727","button_background_color":"#fbf9e4","button_radius":50,"background_color":"linear-gradient(0deg, rgba(156, 193, 134, 1), rgba(156, 193, 134, 1) 100%)","animation":"none","base_width":70,"max_width":"1000px","inner_padding":70,"outer_margin":0,"custom_css":"","mobile_custom_css":"","override_theme_font":true,"heading_font":"chong_modern_n4","main_font":"chong_modern_n7"}},"design_pack_richtext_C63A4h":{"type":"design_pack_-_richtext","blocks":{"heading_dc6hwm":{"type":"heading","settings":{"title":"Tips from the greenhouse.","block_heading_color":"","block_heading_size":"","enable_custom_font":true,"custom_font":"chong_modern_n7","heading_level":"h2"}}},"block_order":["heading_dc6hwm"],"settings":{"text_size":100,"text_alignment":"center","text_color":"#272727","text_background_color":"","background_color":"#FBF9E4","animation":"none","base_width":100,"max_width":"","match_padding":false,"inner_padding":50,"bottom_padding":0,"match_margin":true,"outer_margin":0,"bottom_margin":0,"custom_css":"","mobile_custom_css":"","override_theme_font":false,"heading_font":"serif","main_font":"sans-serif"}},"design_pack_blog_simple_QRaLeR":{"type":"design_pack_-_blog_-_simple","settings":{"blog":"blog-featured-grid","per_row":3,"per_page":3,"show_image":true,"image_crop":"1:1","show_author":false,"show_date":false,"show_excerpt":false,"show_read_more":false,"text_size":100,"text_color":"#272727","article_background_color":"#fff","text_background_border_radius":10,"background_color":"#FBF9E4","animation":"none","base_width":95,"max_width":"1000px","inner_padding":40,"custom_css":"","mobile_custom_css":"","override_theme_font":true,"heading_font":"chong_modern_n7","main_font":"sans-serif"}},"main":{"type":"main-page","settings":{"full_width":false}}},"order":["main","design_pack_video_with_text_9EiXMP","design_pack_collection_grid_cKYCkP","design_pack_richtext_8i4eTP","design_pack_featured_collection_blocks_cXnanf","design_pack_marquee_multitext_7R9kCW","design_pack_artistic_arches_4aiQjr","design_pack_richtext_C63A4h","design_pack_blog_simple_QRaLeR"]}