{"sections":{"main":{"type":"main-page","disabled":true,"settings":{"full_width":false}},"dae7fb21-a1eb-443c-ad19-9e3f90010b97":{"type":"slideshow","blocks":{"template--14807473422421__dae7fb21-a1eb-443c-ad19-9e3f90010b97-168536137760c58d43-0":{"type":"image","disabled":true,"settings":{"image":"shopify:\/\/shop_images\/22739-Slide0006.jpg","slide_link":"","subheading":"","title":"","title_size":84,"title_size_mobile":46,"use_h1":false,"text":"","enlarge_text":true,"button_label_1":"","button_url_1":"","button_label_2":"","button_url_2":"","text_alignment":"center center"}},"template--14807473422421__dae7fb21-a1eb-443c-ad19-9e3f90010b97-168536137760c58d43-1":{"type":"image","settings":{"image":"shopify:\/\/shop_images\/WhatsApp_Image_2024-05-24_at_7.07.54_PM_1.jpg","mobile_image":"shopify:\/\/shop_images\/WhatsApp_Image_2024-05-24_at_5.49.35_PM.jpg","slide_link":"","subheading":"","title":"","title_size":84,"title_size_mobile":46,"use_h1":false,"text":"","enlarge_text":true,"button_label_1":"","button_url_1":"","button_label_2":"","button_url_2":"","text_alignment":"center right"}}},"block_order":["template--14807473422421__dae7fb21-a1eb-443c-ad19-9e3f90010b97-168536137760c58d43-0","template--14807473422421__dae7fb21-a1eb-443c-ad19-9e3f90010b97-168536137760c58d43-1"],"settings":{"height":"adapt","height_desktop":600,"height_mobile":460,"full_width":true,"mobile_overlay_under":false,"overlay_style":"no_background","autoplay":true,"autoplay_speed":7}},"rich_text_qPgWep":{"type":"rich-text","blocks":{"heading_dNY8n8":{"type":"heading","settings":{"title":"A NEW ERA OF TANGIBLE MEMORIES","use_h1":true}},"text_CdVxUF":{"type":"text","settings":{"text":"<p>Preserve your family tree for future generations<\/p>","enlarge_text":true}}},"block_order":["heading_dNY8n8","text_CdVxUF"],"custom_css":["h1 {font-size: 46px;}",".cc-animate-enabled [data-cc-animate].-in {background-color: #000;}"],"settings":{"height":"small","text_alignment":"center","full_width":true}},"image_with_text_ngniUA":{"type":"image-with-text","custom_css":[],"settings":{"image":"shopify:\/\/shop_images\/Face_Scane_Banner_2_copy.png","image_width":700,"image_position":"left","text_alignment":"left"}},"design_pack_slideshow_UFnJm6":{"type":"design_pack_-_slideshow","blocks":{"slide_hCDr83":{"type":"slide","settings":{"preheading":"Hold your loved one close, forever","title":"TOUCH AND FEEL YOUR MEMORIES","text":"<p>Introducing 'The Face by SILAIl'-where innovation meets immortality. Our groundbreaking technology utilizes Hyper-Realistic 3D Scan to capture every intricate detail of your loved one's face with an astounding 99% accuracy. Powered by advanced, safe scanning technology, this swift process yields life like 3D data, preserving the essence of your cherished memories. Whether it's preserving your own face, reviving the spirit of a beloved grandparent, or gifting a treasure to your family, this Face Scan offers a timeless way to treasure, protect, and share those irreplaceable moments. Step into eternity with us, where memories never fade, and faces remain forever etched in time.<\/p>","button_label":"","link":"","text_alignment":"justify","text_position":"left center","text_width":620,"background_image":"shopify:\/\/shop_images\/Face_Scane_Banner_21.png","focal_point":"center center","text_color":"#ffffff","text_background_color":"","button_label_color":"#ffffff","button_background_color":"#283144","background_color":""}},"slide_9LkiUF":{"type":"slide","disabled":true,"settings":{"preheading":"Fully responsive","title":"Use different images on desktop vs mobile","text":"<p>Switch things up depending on the device!<\/p>","button_label":"Learn more","link":"","text_alignment":"center","text_position":"right center","text_width":600,"focal_point":"center center","text_color":"#000000","text_background_color":"","button_label_color":"#ffffff","button_background_color":"#283144","background_color":"radial-gradient(rgba(255, 255, 255, 0.4) 100%, rgba(255, 255, 255, 0.4) 100%)"}},"slide_L7YGjK":{"type":"slide","disabled":true,"settings":{"preheading":"Small Text","title":"New Slide","text":"","button_label":"Learn more","link":"","text_alignment":"left","text_position":"left center","text_width":600,"focal_point":"center center","text_color":"#ffffff","text_background_color":"","button_label_color":"#ffffff","button_background_color":"#283144","background_color":"radial-gradient(rgba(0, 0, 0, 0.4) 100%, rgba(0, 0, 0, 0.4) 100%)"}}},"block_order":["slide_hCDr83","slide_9LkiUF","slide_L7YGjK"],"disabled":true,"settings":{"image_crop":"1200:600","slider_animation":"slide","show_arrows":false,"show_dots":false,"autoplay":8,"text_size":100,"button_radius":0,"max_width":"","outer_margin_top":0,"outer_margin_bottom":0,"custom_css":"","mobile_custom_css":"","override_theme_font":false,"heading_font":"serif","main_font":"sans-serif"}},"8e21f847-e90d-434a-9ba9-dee703143355":{"type":"design_pack_-_marquee_-_multitext","blocks":{"template--14807473422421__8e21f847-e90d-434a-9ba9-dee703143355-1686831693a51231a0-0":{"type":"content","settings":{"image":"shopify:\/\/shop_images\/4DOTS.png","text":"100 Years Durability"}},"template--14807473422421__8e21f847-e90d-434a-9ba9-dee703143355-1686831693a51231a0-1":{"type":"content","settings":{"image":"shopify:\/\/shop_images\/4DOTS.png","text":"Finest Details"}},"2c9c9b67-bcb7-4595-aba6-93ef0868c2ca":{"type":"content","settings":{"image":"shopify:\/\/shop_images\/4DOTS.png","text":"Realistic Finish"}}},"block_order":["template--14807473422421__8e21f847-e90d-434a-9ba9-dee703143355-1686831693a51231a0-0","template--14807473422421__8e21f847-e90d-434a-9ba9-dee703143355-1686831693a51231a0-1","2c9c9b67-bcb7-4595-aba6-93ef0868c2ca"],"disabled":true,"settings":{"speed":20,"scrolling_pause":false,"image_size":"extralarge","text_size":100,"text_color":"#000000","background_color":"","fade_edges":false,"inner_padding":0,"outer_margin":0,"custom_css":"","mobile_custom_css":"","override_theme_font":false,"main_font":"sans-serif"}},"slideshow_7rD3yG":{"type":"slideshow","blocks":{"image_dJaGGH":{"type":"image","settings":{"image":"shopify:\/\/shop_images\/WhatsApp_Image_2024-05-24_at_7.07.54_PM_2.jpg","mobile_image":"shopify:\/\/shop_images\/WhatsApp_Image_2024-05-24_at_5.49.35_PM_2_6170d795-5798-4f04-9d53-225961e0e367.jpg","slide_link":"","subheading":"","title":"","title_size":84,"title_size_mobile":46,"use_h1":false,"text":"","enlarge_text":true,"button_label_1":"","button_url_1":"","button_label_2":"","button_url_2":"","text_alignment":"center center"}}},"block_order":["image_dJaGGH"],"settings":{"height":"adapt","height_desktop":600,"height_mobile":460,"full_width":true,"mobile_overlay_under":false,"overlay_style":"shadow","autoplay":true,"autoplay_speed":7}},"multi_column_p3AhMG":{"type":"multi-column","blocks":{"text_block_yaebMR":{"type":"text_block","settings":{"image":"shopify:\/\/shop_images\/book_your_slot_11acc804-f702-412f-9161-480cebbd2cfe.png","title":"Book Your Slot","text":"<p>To book a slot for a face scan you can book through the silaii website, phone or email.<\/p>","button_label":"","link":""}},"text_block_YxEwiW":{"type":"text_block","settings":{"image":"shopify:\/\/shop_images\/face_scan.png","title":"Face Scan","text":"<p>Once your booking is confirmed, you will receive a notification via email or SMS with the date and time for your face scan appointment.<\/p>","button_label":"","link":""}},"text_block_e9TdGU":{"type":"text_block","settings":{"image":"shopify:\/\/shop_images\/data_processing.png","title":"Data Processing","text":"<p>Our team will begin processing the scanned data. Securely storing the data in our system for future reference or use.<\/p>","button_label":"","link":""}},"text_block_q7dqFB":{"type":"text_block","settings":{"image":"shopify:\/\/shop_images\/sculpture_54057e6b-4afa-402f-82d9-b135c321c412.png","title":"Hyper Realistic Sculpture","text":"<p>Upon receiving your confirmation, our skilled artists and technicians will start working on the hyper-realistic sculpture. <\/p>","button_label":"","link":""}},"text_block_fDqRth":{"type":"text_block","settings":{"image":"shopify:\/\/shop_images\/delivery.png","title":"Delivery","text":"<p>Once the sculpture is complete, we will notify you and arrange for the delivery or pickup of your hyper-realistic sculpture.<\/p>","button_label":"","link":""}}},"block_order":["text_block_yaebMR","text_block_YxEwiW","text_block_e9TdGU","text_block_q7dqFB","text_block_fDqRth"],"custom_css":["h1 {font-size: 48px;}"],"settings":{"title":"How It Works","text_alignment":"center","button_style":"primary"}},"logo_list_68Dm3z":{"type":"logo-list","blocks":{"logo_tckfpX":{"type":"logo","settings":{"image":"shopify:\/\/shop_images\/book_your_slot_11acc804-f702-412f-9161-480cebbd2cfe.png","image_width":160,"link":"","title":"Book Your Slot"}},"logo_6EGgAq":{"type":"logo","settings":{"image":"shopify:\/\/shop_images\/face_scan.png","image_width":160,"link":"","title":"Face Scan"}},"logo_RWcFy3":{"type":"logo","settings":{"image":"shopify:\/\/shop_images\/data_processing.png","image_width":160,"link":"","title":"Data Processing"}},"logo_MRYjh9":{"type":"logo","settings":{"image":"shopify:\/\/shop_images\/sculpture_54057e6b-4afa-402f-82d9-b135c321c412.png","image_width":160,"link":"","title":"Hyper Realistic Sculpture"}},"logo_Lr8jCR":{"type":"logo","settings":{"image":"shopify:\/\/shop_images\/delivery.png","image_width":160,"link":"","title":"Delivery"}}},"block_order":["logo_tckfpX","logo_6EGgAq","logo_RWcFy3","logo_MRYjh9","logo_Lr8jCR"],"disabled":true,"custom_css":[],"settings":{"title":"How It Works","image_opacity":80}},"slideshow_YpEJfb":{"type":"slideshow","blocks":{"image_PLKz3J":{"type":"image","settings":{"image":"shopify:\/\/shop_images\/WhatsApp_Image_2024-05-24_at_7.07.54_PM.jpg","mobile_image":"shopify:\/\/shop_images\/WhatsApp_Image_2024-05-24_at_5.49.35_PM_1.jpg","slide_link":"","subheading":"","title":"","title_size":84,"title_size_mobile":46,"use_h1":false,"text":"","enlarge_text":true,"button_label_1":"","button_url_1":"","button_label_2":"","button_url_2":"","text_alignment":"center center"}}},"block_order":["image_PLKz3J"],"settings":{"height":"adapt","height_desktop":600,"height_mobile":460,"full_width":true,"mobile_overlay_under":false,"overlay_style":"shadow","autoplay":true,"autoplay_speed":7}},"9da4bc44-51c0-4eae-a055-cb9e065d5bb4":{"type":"multi-column","blocks":{"template--14807473422421__9da4bc44-51c0-4eae-a055-cb9e065d5bb4-1686730508b60724bd-0":{"type":"text_block","settings":{"image":"shopify:\/\/shop_images\/talk.png","title":"Step 1: Initial Consultation","text":"<p>The journey begins with an intimate consultation where we get to know about the person you wish to memorialize. We encourage you to share stories, memories, and any specific attributes or characteristics that would help us in creating a meaningful tribute.<\/p>","button_label":"","link":""}},"template--14807473422421__9da4bc44-51c0-4eae-a055-cb9e065d5bb4-1686730508b60724bd-1":{"type":"text_block","settings":{"image":"shopify:\/\/shop_images\/digital-art.png","title":"Step 2: Starting Design","text":"<p>Using the insights gained during the first conversation, our artists develop a design that encompasses the essence of your loved one. This design process involves profound respect and consideration for the individual and their legacy.<\/p>","button_label":"","link":""}},"template--14807473422421__9da4bc44-51c0-4eae-a055-cb9e065d5bb4-1686730508b60724bd-2":{"type":"text_block","settings":{"image":"shopify:\/\/shop_images\/approve.png","title":"Step 3: Review & Approval","text":"<p>We share the design with you and incorporate any feedback or changes you might have. Our goal is to ensure that the sculpture genuinely reflects your loved one's spirit.<\/p>","button_label":"","link":""}},"2c28cdab-4e90-4259-bb05-41161bb50ff1":{"type":"text_block","settings":{"image":"shopify:\/\/shop_images\/sculpture_de72b583-8d22-46ae-b4f8-305a6ab78b5a.png","title":"Step 4: Sculpture Creation","text":"<p>Once we receive your approval, the sculpting process begins. Our artists meticulously craft the memorial sculpture, infusing it with love, honor, and remembrance in every detail.<\/p>","button_label":"","link":""}},"5d6e89f9-e248-4b97-b02e-fee8f0f7a328":{"type":"text_block","settings":{"image":"shopify:\/\/shop_images\/service.png","title":"Step 5: Quality Assurance & Finishing","text":"<p>The created sculpture undergoes a thorough quality check to ensure it meets our highest standards. Final touches are added to enhance its <br\/>beauty and longevity.<\/p>","button_label":"","link":""}},"1236cb93-a016-4c44-95e6-6e6cb70acb78":{"type":"text_block","settings":{"image":"shopify:\/\/shop_images\/shipped.png","title":"Step 6: Delivery","text":"<p>We carefully pack and deliver the memorial sculpture to you, ensuring its safe arrival at your chosen location.<\/p>","button_label":"","link":""}},"38ffcc3f-2015-4978-b4ae-4ee55362d889":{"type":"text_block","settings":{"image":"shopify:\/\/shop_images\/labour-day.png","title":"Step 7: Installation & Care Guidance","text":"<p>If needed, we offer professional installation services. We also guide you on how to maintain the sculpture to preserve its beauty and longevity, so that it continues to serve as a lasting tribute to your loved one.<\/p><p>With SILAII, honor your loved one's memory with a piece of art that carries their spirit and continues their legacy.<\/p>","button_label":"","link":""}}},"block_order":["template--14807473422421__9da4bc44-51c0-4eae-a055-cb9e065d5bb4-1686730508b60724bd-0","template--14807473422421__9da4bc44-51c0-4eae-a055-cb9e065d5bb4-1686730508b60724bd-1","template--14807473422421__9da4bc44-51c0-4eae-a055-cb9e065d5bb4-1686730508b60724bd-2","2c28cdab-4e90-4259-bb05-41161bb50ff1","5d6e89f9-e248-4b97-b02e-fee8f0f7a328","1236cb93-a016-4c44-95e6-6e6cb70acb78","38ffcc3f-2015-4978-b4ae-4ee55362d889"],"disabled":true,"custom_css":["h1 {font-size: 32px;}"],"settings":{"title":"","text_alignment":"center","button_style":"primary"}},"d3e84a95-90c0-4361-bfba-4bba84ca9064":{"type":"image-with-text","disabled":true,"custom_css":["h1 {font-size: 30px;}"],"settings":{"image":"shopify:\/\/shop_images\/S1.jpg","image_width":700,"image_position":"right","text_alignment":"center"}},"beb589da-1e7f-4f45-af99-96cc470c4000":{"type":"image-with-text","disabled":true,"settings":{"image":"shopify:\/\/shop_images\/KHM_002.jpg","image_width":700,"image_position":"right","text_alignment":"center"}},"1a0ec908-534b-4006-a926-bdd765126bbc":{"type":"image-with-text","disabled":true,"settings":{"image":"shopify:\/\/shop_images\/s2.jpg","image_width":700,"image_position":"left","text_alignment":"center"}},"b27481b1-2715-4e21-9fb3-2830b11aba7b":{"type":"logo-list","blocks":{"642f674d-de11-4882-87c5-1b3b3aa8cd9f":{"type":"logo","settings":{"image":"shopify:\/\/shop_images\/anniversary.png","image_width":120,"link":"","title":"100 Years Durability"}},"7b345df0-0954-4967-ba28-926f4432193b":{"type":"logo","settings":{"image":"shopify:\/\/shop_images\/customize.png","image_width":120,"link":"","title":"Easy Customization"}},"4da21ff5-f602-4938-9f17-5b75dde290b4":{"type":"logo","settings":{"image":"shopify:\/\/shop_images\/sculpture.png","image_width":150,"link":"","title":"Finest Details"}},"27328ece-a32f-4a88-b25a-ae65189395e9":{"type":"logo","settings":{"image":"shopify:\/\/shop_images\/high-quality.png","image_width":150,"link":"","title":"Realistic Finish"}},"43a3e348-307d-4dea-8918-d21f330505c5":{"type":"logo","settings":{"image":"shopify:\/\/shop_images\/worldwide-shipping.png","image_width":160,"link":"","title":"Worldwide Shipping"}},"42e20c90-e8ef-425e-b686-70c94fda8973":{"type":"logo","settings":{"image":"shopify:\/\/shop_images\/reliability.png","image_width":150,"link":"","title":"100+ Satisfied Customers"}}},"block_order":["642f674d-de11-4882-87c5-1b3b3aa8cd9f","7b345df0-0954-4967-ba28-926f4432193b","4da21ff5-f602-4938-9f17-5b75dde290b4","27328ece-a32f-4a88-b25a-ae65189395e9","43a3e348-307d-4dea-8918-d21f330505c5","42e20c90-e8ef-425e-b686-70c94fda8973"],"disabled":true,"settings":{"title":"Why SILAII?","image_opacity":100}},"design_pack_pricing_table_aEENHW":{"type":"design_pack_-_pricing_table","blocks":{"heading_JA86iz":{"type":"heading","settings":{"title_1":"Face Scan","title_2":"Full Figure Scan","title_3":"","title_4":"","block_heading_color":"#050505","heading_level":"h1","block_heading_size":""}},"text_bgCtcn":{"type":"text","settings":{"text_1":"<p><\/p><h5>29,900 INR<\/h5>","text_2":"<p><\/p><h5>39,900 INR<\/h5>","text_3":"","text_4":"","text_alignment":"center"}},"collapsible_content_FTa7NU":{"type":"collapsible_content","settings":{"title_1":"FACE SCAN + 6 INCH FACE SCULPTURE","text_1":"<p>Available in Antique Bronze Color or Marble White Color<\/p>","title_2":"FACE SCAN + 6 INCH FACE SCULPTURE","text_2":"<p>Available in Antique Bronze Color or Marble White Color<\/p>","title_3":"","text_3":"","title_4":"","text_4":"","icon_style":"plus_minus_square","show_open":true}},"collapsible_content_AkGEyW":{"type":"collapsible_content","settings":{"title_1":"SCAN DATA ON A USB PENDRIVE","text_1":"<p>Secure and Portable Storage For Your Files<\/p>","title_2":"SCAN DATA ON A USB PENDRIVE","text_2":"<p>Secure and Portable Storage For Your Files<\/p>","title_3":"","text_3":"","title_4":"","text_4":"","icon_style":"plus_minus_square","show_open":true}},"collapsible_content_dyCChR":{"type":"collapsible_content","settings":{"title_1":"360° Video & Photos of Scan","text_1":"<p>Perfect for sharing with friends and family<\/p>","title_2":"360° Video & Photos of Scan","text_2":"<p>Perfect for sharing with friends and family<\/p>","title_3":"","text_3":"","title_4":"","text_4":"","icon_style":"plus_minus_square","show_open":true}},"collapsible_content_qXhKXQ":{"type":"collapsible_content","settings":{"title_1":"1 Year Cloud Storage","text_1":"<p>Protecting your data in a secure cloud repository<\/p>","title_2":"1 Year Cloud Storage","text_2":"<p>Protecting your data in a secure cloud repository<\/p>","title_3":"","text_3":"","title_4":"","text_4":"","icon_style":"plus_minus_square","show_open":true}},"collapsible_content_PG3QHd":{"type":"collapsible_content","settings":{"title_1":"Delivery in 10 Days","text_1":"<p>Quick and reliable shipping<\/p>","title_2":"Delivery in 10 Days","text_2":"<p>Quick and reliable shipping<\/p>","title_3":"","text_3":"","title_4":"","text_4":"","icon_style":"plus_minus_square","show_open":true}}},"block_order":["heading_JA86iz","text_bgCtcn","collapsible_content_FTa7NU","collapsible_content_AkGEyW","collapsible_content_dyCChR","collapsible_content_qXhKXQ","collapsible_content_PG3QHd"],"settings":{"columns":2,"grid_gap":100,"text_size":90,"text_alignment":"center","text_color":"#2F2E30","text_background_color":"linear-gradient(54deg, rgba(255, 255, 255, 1) 14%, rgba(255, 255, 255, 1) 85%)","background_color":"linear-gradient(54deg, rgba(37, 37, 37, 1) 14%, rgba(0, 0, 0, 1) 85%)","border_radius":8,"box_shadow":"--box-shadow-2","animation":"none","base_width":75,"max_width":"","inner_padding":40,"outer_margin":0,"custom_css":"","mobile_custom_css":"","override_theme_font":false,"heading_font":"serif","main_font":"sans-serif"}},"design_pack_about_with_parallax_iXn4xp":{"type":"design_pack_-_about_with_parallax","settings":{"image":"shopify:\/\/shop_images\/Face_Scane_Banner_2_copy.png","image_crop":"1:1","focal_point":"center center","fancy_text":"Touch and Feel Your Memories","title":"Preserve Your Beloved Ones","text":"<h2>We are here to make sure <\/h2><h2>They will be here, <em>Forever!!<\/em><\/h2>","text_size":105,"text_color":"#ffffff","text_highlight_color":"#f5d067","background_color":"linear-gradient(180deg, rgba(0, 0, 0, 1), rgba(35, 29, 30, 1) 100%)","show_background_image":false,"background_image":"shopify:\/\/shop_images\/Face_Scane_Banner_s.png","animation":"none","base_width":80,"max_width":"","inner_padding":60,"outer_margin":0,"custom_css":"","mobile_custom_css":"","override_theme_font":false,"heading_font":"serif","main_font":"sans-serif"}},"bcbf85bc-a7a5-4ed6-960f-9d66c203dc2f":{"type":"collapsible-tabs","blocks":{"template--14807473422421__bcbf85bc-a7a5-4ed6-960f-9d66c203dc2f-16860608703473a201-0":{"type":"question","settings":{"title":"1. How long does it take to create a custom sculpture at SILAII?","answer":"<p>The process of creating a custom sculpture typically takes between 45-60 days from the date of confirmation.<\/p>"}},"544a482a-f71d-41cd-bee8-514011786550":{"type":"question","settings":{"title":"2. What are the starting prices for custom sculptures at SILAII?","answer":"<p>At SILAII, the starting cost is 1,19,999 INR for an 1-foot custom sculpture, and 2,99,999 INR for a 2.5-foot sculpture. The prices increase depending on the size and volume of the sculpture.<\/p>"}},"template--14807473422421__bcbf85bc-a7a5-4ed6-960f-9d66c203dc2f-16860608703473a201-1":{"type":"question","settings":{"title":"3. What is the minimum size for a sculpture at SILAII?","answer":"<p>At SILAII, we create custom sculptures starting from a minimum size of 1 Feet.<\/p>"}},"352a3445-3573-4605-bacd-2d49aac88a65":{"type":"question","settings":{"title":"4. How many reference images are required to create a custom sculpture?","answer":"<p>For creating a custom sculpture, we would need at least 20-30 reference images showing all sides of the subject. One key reference Photo in High-Resolution format.<\/p>"}},"2e8efe38-a21a-43a8-8b34-45eb7eb8d973":{"type":"question","settings":{"title":"5. What is the process of creating a custom sculpture at SILAII?","answer":"<p>The process begins with gathering all necessary information about the person including their personality traits and behavior. We will then require 20-30 images of all sides of the person for reference. Once you paid the advance amount for the sculpture, Our Team will ensure the phases and the process involved through the custom sculpture.<\/p>"}},"00f4ec6b-02c2-473b-b9fa-0819981f15e6":{"type":"question","settings":{"title":"6. What materials does SILAII use for their sculptures?","answer":"<p>Our sculptures are primarily made from Stone Powder with Resin. For sculptures above 2.5 feet, we can also use Metal.<\/p>"}},"6f61cf53-7e57-4266-ab65-c323e8617a69":{"type":"question","settings":{"title":"7. What is the durability of a SILAII sculpture?","answer":"<p>The sculptures created by SILAII are crafted to last, with durability extending beyond 100 years.<\/p>"}},"0e56996c-8cc0-4fc8-ba45-536c46cabd5f":{"type":"question","settings":{"title":"8. What are the payment terms and modes accepted at SILAII?","answer":"<p>At SILAII, we require 70% of the payment in advance. The modes of payment we accept are Cash, UPI, and NEFT transfers.<\/p>"}},"a0a97997-974b-4e05-bd27-17fc61993eee":{"type":"question","settings":{"title":"9. What is the advance amount required to begin the process?","answer":"<p>To commence the process of creating your custom sculpture, we require an advance payment of 70% of the total cost.<\/p>"}},"ef8b3e7a-e864-4e86-9f14-ae941f1474b3":{"type":"question","settings":{"title":"10. How can I get in touch with SILAII for a custom sculpture?","answer":"<p>For all your custom sculpture needs, you can reach out to us via Whatsapp or Phone call at +91 98840 88804 or contact@silaii.com<\/p>"}}},"block_order":["template--14807473422421__bcbf85bc-a7a5-4ed6-960f-9d66c203dc2f-16860608703473a201-0","544a482a-f71d-41cd-bee8-514011786550","template--14807473422421__bcbf85bc-a7a5-4ed6-960f-9d66c203dc2f-16860608703473a201-1","352a3445-3573-4605-bacd-2d49aac88a65","2e8efe38-a21a-43a8-8b34-45eb7eb8d973","00f4ec6b-02c2-473b-b9fa-0819981f15e6","6f61cf53-7e57-4266-ab65-c323e8617a69","0e56996c-8cc0-4fc8-ba45-536c46cabd5f","a0a97997-974b-4e05-bd27-17fc61993eee","ef8b3e7a-e864-4e86-9f14-ae941f1474b3"],"disabled":true,"settings":{"title":"Frequently Asked Questions"}},"cbdc1274-42df-409e-9d16-60885a2a32be":{"type":"design_pack_-_divider-simple","disabled":true,"settings":{"alignment":"center","base_width":45,"thickness":1,"style":"solid","divider_color":"#c6c6c6","background_color":"","outer_margin_top":40,"outer_margin_bottom":40,"outer_padding_top":10,"outer_padding_bottom":10,"custom_css":"","mobile_custom_css":""}},"ceaa9bf3-5eee-4e3e-99a9-a477e1401eaf":{"type":"contact-form","blocks":{"template--14807473422421__ceaa9bf3-5eee-4e3e-99a9-a477e1401eaf-16869863341eac9646-0":{"type":"name_input","settings":{"half_width":true}},"template--14807473422421__ceaa9bf3-5eee-4e3e-99a9-a477e1401eaf-16869863341eac9646-1":{"type":"email_input","settings":{"half_width":true}},"a2e24e35-e29e-44c8-a2b9-1a462a4289e0":{"type":"phone_input","settings":{"required":true,"half_width":false}},"template--14807473422421__ceaa9bf3-5eee-4e3e-99a9-a477e1401eaf-16869863341eac9646-2":{"type":"message_input","settings":{"half_width":false}}},"block_order":["template--14807473422421__ceaa9bf3-5eee-4e3e-99a9-a477e1401eaf-16869863341eac9646-0","template--14807473422421__ceaa9bf3-5eee-4e3e-99a9-a477e1401eaf-16869863341eac9646-1","a2e24e35-e29e-44c8-a2b9-1a462a4289e0","template--14807473422421__ceaa9bf3-5eee-4e3e-99a9-a477e1401eaf-16869863341eac9646-2"],"settings":{"contact_title":"Contact Us","contact_text":"<p>Please Complete the Form to Know more about THE FACE.<\/p>"}},"bf47a4b8-e9d3-4124-b898-8f8c488893f5":{"type":"design_pack_-_marquee_-_multitext","blocks":{"template--14807473422421__bf47a4b8-e9d3-4124-b898-8f8c488893f5-168699850089b0945b-1":{"type":"content","settings":{"image":"shopify:\/\/shop_images\/4DOTS.png","text":"Call  +91 90875 88802"}},"template--14807473422421__bf47a4b8-e9d3-4124-b898-8f8c488893f5-168699850089b0945b-0":{"type":"content","settings":{"image":"shopify:\/\/shop_images\/4DOTS.png","text":"Call  +91 98846 88804"}},"16912135-9108-4654-91ab-78f5c63b44d2":{"type":"content","settings":{"image":"shopify:\/\/shop_images\/4DOTS.png","text":"To Book a Face Scan Slot"}}},"block_order":["template--14807473422421__bf47a4b8-e9d3-4124-b898-8f8c488893f5-168699850089b0945b-1","template--14807473422421__bf47a4b8-e9d3-4124-b898-8f8c488893f5-168699850089b0945b-0","16912135-9108-4654-91ab-78f5c63b44d2"],"settings":{"speed":20,"scrolling_pause":false,"image_size":"medium","text_size":100,"text_color":"#121212","background_color":"","fade_edges":false,"inner_padding":40,"outer_margin":0,"custom_css":"","mobile_custom_css":"","override_theme_font":false,"main_font":"sans-serif"}},"168664415144cbbbff":{"type":"apps","settings":{"full_width":false}}},"order":["main","dae7fb21-a1eb-443c-ad19-9e3f90010b97","rich_text_qPgWep","image_with_text_ngniUA","design_pack_slideshow_UFnJm6","8e21f847-e90d-434a-9ba9-dee703143355","slideshow_7rD3yG","multi_column_p3AhMG","logo_list_68Dm3z","slideshow_YpEJfb","9da4bc44-51c0-4eae-a055-cb9e065d5bb4","d3e84a95-90c0-4361-bfba-4bba84ca9064","beb589da-1e7f-4f45-af99-96cc470c4000","1a0ec908-534b-4006-a926-bdd765126bbc","b27481b1-2715-4e21-9fb3-2830b11aba7b","design_pack_pricing_table_aEENHW","design_pack_about_with_parallax_iXn4xp","bcbf85bc-a7a5-4ed6-960f-9d66c203dc2f","cbdc1274-42df-409e-9d16-60885a2a32be","ceaa9bf3-5eee-4e3e-99a9-a477e1401eaf","bf47a4b8-e9d3-4124-b898-8f8c488893f5","168664415144cbbbff"]}