{"sections":{"325276ed-6857-4646-a02f-da79d63a75df":{"type":"main-page","disabled":true,"settings":{"show_page_title":true,"full_width":false}},"forms":{"type":"apps","blocks":{"5353bf40-4591-4214-9627-6f9bf82844d4":{"type":"shopify:\/\/apps\/forms\/blocks\/inline\/8744a304-fcb1-4347-b211-bb6b4759a76a","settings":{"form_id":"816758","text_color":"#202020","button_background_color":"#202020","button_label_color":"#ffffff","links_color":"#1878b9","errors_color":"#e02229","text_alignment":"center","form_alignment":"center","padding_top":0,"padding_bottom":0,"padding_right":0,"padding_left":0}}},"block_order":["5353bf40-4591-4214-9627-6f9bf82844d4"],"settings":{"full_width":false,"show_space":true}}},"order":["325276ed-6857-4646-a02f-da79d63a75df","forms"]}