{"sections":{"design_pack_snow_bDiK6T":{"type":"design_pack_-_snow","settings":{"snowfall_amount":"50","snowfall_speed":"10000","hide_on_mobile":false,"custom_css":"","mobile_custom_css":""}},"design_pack_video_carousel_FaMCr6":{"type":"design_pack_-_video_carousel","blocks":{"video_hHckYa":{"type":"video","settings":{"product":"ageless-serum","collection":""}},"video_xA4YWr":{"type":"video","settings":{"product":"beauty-balm","collection":""}},"video_grNUpC":{"type":"video","settings":{"product":"bath-body-oil","collection":""}},"video_A3EakL":{"type":"video","settings":{"product":"chamois-butt-r","collection":""}},"video_Abq3BV":{"type":"video","settings":{"product":"zz-plant","collection":""}}},"block_order":["video_hHckYa","video_xA4YWr","video_grNUpC","video_A3EakL","video_Abq3BV"],"settings":{"autoplay":8,"gap":10,"show_arrows":false,"text_size":100,"text_alignment":"left","text_color":"#121212","border_color":"#121212","background_color":"","border_radius":10,"base_width":100,"max_width":"","inner_padding":40,"outer_margin":0,"custom_css":"","mobile_custom_css":"","anchor_id":"","override_theme_font":false,"heading_font":"serif","main_font":"sans-serif"}},"design_pack_link_menu_icons_aqXPrm":{"type":"design_pack_-_link_menu_icons","blocks":{"menu_item_xqN8QP":{"type":"menu_item","settings":{"image":"shopify:\/\/shop_images\/Minimal_Modern_Christmas_Party_Xmas_Tree_Invitation_Poster_11_91908cff-02ec-4aa1-9363-d09164ebe43a.png","title":"Sale","link":"","external_link":false,"image_border_color":"#fa3c28","text_color":"#121212"}},"menu_item_ayFKmg":{"type":"menu_item","settings":{"image":"shopify:\/\/shop_images\/Minimal_Modern_Christmas_Party_Xmas_Tree_Invitation_Poster_2_fd838964-c02c-499c-8542-63a84ea09303.png","title":"Best Sellers","link":"","external_link":false,"image_border_color":"#9b7373","text_color":"#121212"}},"menu_item_VB4Wfb":{"type":"menu_item","settings":{"image":"shopify:\/\/shop_images\/Minimal_Modern_Christmas_Party_Xmas_Tree_Invitation_Poster_15_bf8df110-a0aa-4d93-b68a-1fbf1b5f83da.png","title":"Shop all","link":"","external_link":false,"image_border_color":"#296936","text_color":"#121212"}},"menu_item_gryzHC":{"type":"menu_item","settings":{"image":"shopify:\/\/shop_images\/Minimal_Modern_Christmas_Party_Xmas_Tree_Invitation_Poster_10_83c80db0-60d3-46da-b3a9-34456efada03.png","title":"New Releases","link":"","external_link":false,"image_border_color":"#9b7373","text_color":"#121212"}},"menu_item_qBriRR":{"type":"menu_item","settings":{"image":"shopify:\/\/shop_images\/Minimal_Modern_Christmas_Party_Xmas_Tree_Invitation_Poster_16_67b3c306-9085-4239-bcf7-8048fd2c89ed.png","title":"Best sellers","link":"","external_link":false,"image_border_color":"#121212","text_color":"#121212"}}},"block_order":["menu_item_xqN8QP","menu_item_ayFKmg","menu_item_VB4Wfb","menu_item_gryzHC","menu_item_qBriRR"],"settings":{"image_size":66,"image_crop":"circle","text_alignment":"center","text_size":100,"background_color":"linear-gradient(46deg, rgba(244, 244, 244, 1) 6%, rgba(244, 244, 244, 1) 100%)","inner_padding":60,"outer_margin":15,"custom_css":"","mobile_custom_css":"","override_theme_font":false,"main_font":"sans-serif"}},"design_pack_marquee_gallery_FX3btY":{"type":"design_pack_-_marquee_-_gallery","blocks":{"image_Hrfefw":{"type":"image","settings":{"image":"shopify:\/\/shop_images\/pexels-anna-nekrashevich-7552730_1_578fb5df-214a-41c5-952c-aaf118a1c954.jpg","link":"","external_link":false}},"image_g7jPPt":{"type":"image","settings":{"image":"shopify:\/\/shop_images\/pexels-shvets-production-7525120_da2e4f63-6721-42b0-8fb1-368ed58b87a3.jpg","link":"","external_link":false}},"image_b8izUT":{"type":"image","settings":{"image":"shopify:\/\/shop_images\/lore-schodts-FIxdY7jOBus-unsplash.jpg","link":"","external_link":false}},"image_tTMxek":{"type":"image","settings":{"image":"shopify:\/\/shop_images\/pexels-polina-tankilevitch-4109791.jpg","link":"","external_link":false}},"image_xApgmh":{"type":"image","settings":{"image":"shopify:\/\/shop_images\/sara-cervera-zEwgRzJJIvk-unsplash.jpg","link":"","external_link":false}}},"block_order":["image_Hrfefw","image_g7jPPt","image_b8izUT","image_tTMxek","image_xApgmh"],"settings":{"grid_item_width":32,"gap":16,"image_crop":"1:1","speed":0.5,"reverse_scrolling":false,"scrolling_pause":true,"mobile_grid_item_width":38,"border_radius":10,"border_color":"#121212","border_width":1,"background_color":"#ffffff","fade_edges":true,"base_width":100,"max_width":"","inner_padding":40,"outer_margin":0,"custom_css":"","mobile_custom_css":"","anchor_id":""}},"design_pack_daily_promotions_JDhzga":{"type":"design_pack_-_daily_promotions","blocks":{"scheduled_promotion_43fAcB":{"type":"scheduled_promotion","settings":{"block_size":"small","title":"<h3>Day 1<\/h3>","front_text_color":"#ffffff","front_text_background_color":"radial-gradient(rgba(0, 0, 0, 1), rgba(0, 0, 0, 1) 100%)","inset_image_size":10,"text":"<p>Lorem ipsum dolor sit amet, consectetur adipiscing elit. Mauris nibh enim, ornare at consequat sed, placerat quis libero.<\/p>","liquid":"","back_text_color":"#000000","back_text_background_color":"#FFFFFF","date":""}},"scheduled_promotion_dARNGx":{"type":"scheduled_promotion","settings":{"block_size":"vertical","title":"<h3>Day 2<\/h3>","front_text_color":"#ffffff","front_text_background_color":"radial-gradient(rgba(0, 0, 0, 1), rgba(0, 0, 0, 1) 100%)","inset_image_size":10,"text":"<p>Curabitur id nulla ut nunc aliquam sodales.<\/p>","liquid":"","back_text_color":"#000000","back_text_background_color":"#FFFFFF","date":""}},"scheduled_promotion_h6YrJF":{"type":"scheduled_promotion","settings":{"block_size":"small","title":"<h3>Day 3<\/h3>","front_text_color":"#ffffff","front_text_background_color":"radial-gradient(rgba(0, 0, 0, 1), rgba(0, 0, 0, 1) 100%)","inset_image_size":10,"text":"<p>Mauris nibh enim, ornare at consequat sed, placerat quis libero. Curabitur id nulla ut nunc aliquam sodales.<\/p>","liquid":"","back_text_color":"#000000","back_text_background_color":"#FFFFFF","date":""}},"scheduled_promotion_aNK3wC":{"type":"scheduled_promotion","settings":{"block_size":"small","title":"<h3>Day 4<\/h3>","front_text_color":"#ffffff","front_text_background_color":"radial-gradient(rgba(0, 0, 0, 1), rgba(0, 0, 0, 1) 100%)","inset_image_size":10,"text":"<p>Lorem ipsum dolor sit amet, consectetur adipiscing elit. Curabitur id nulla ut nunc aliquam sodales.<\/p>","liquid":"","back_text_color":"#000000","back_text_background_color":"#FFFFFF","date":""}},"scheduled_promotion_3GiVHw":{"type":"scheduled_promotion","settings":{"block_size":"small","title":"<h3>Day 5<\/h3>","front_text_color":"#ffffff","front_text_background_color":"radial-gradient(rgba(0, 0, 0, 1), rgba(0, 0, 0, 1) 100%)","inset_image_size":10,"text":"<p>Lorem ipsum dolor sit amet, consectetur adipiscing elit. Mauris nibh enim, ornare at consequat sed, placerat quis libero.<\/p>","liquid":"","back_text_color":"#000000","back_text_background_color":"#FFFFFF","date":""}}},"block_order":["scheduled_promotion_43fAcB","scheduled_promotion_dARNGx","scheduled_promotion_h6YrJF","scheduled_promotion_aNK3wC","scheduled_promotion_3GiVHw"],"settings":{"per_row":3,"gap":20,"timezone":"-05:00 ~ (GMT-05:00) Eastern Time (US & Canada)","present":"Today's Deal!","past":"Deal Expired","future":"Coming Soon","text_size":100,"mobile_per_row":"1","badge_text_color":"","badge_background_color":"","background_color":"","border_radius":0,"border_width":2,"animation":"none","base_width":95,"max_width":"1000","inner_padding":20,"outer_margin":40,"custom_css":"","mobile_custom_css":"","override_theme_font":false,"heading_font":"serif","main_font":"sans-serif"}},"design_pack_shop_the_look_filter_RGqG7x":{"type":"design_pack_-_shop_the_look_-_filter","blocks":{"inset_image_UYanpE":{"type":"inset_image","settings":{"inset_image_size":10,"image_alignment":"default"}},"heading_FDDG4p":{"type":"heading","settings":{"title":"Find the perfect gift","block_heading_color":"","block_heading_size":"","enable_custom_font":false,"custom_font":"abel_n4","heading_level":"h2"}},"text_mR8YPq":{"type":"text","settings":{"text":"<p>Click on the category filters to see new product combos.<\/p>"}},"slide_Mjgnk3":{"type":"slide","settings":{"background_image":"shopify:\/\/shop_images\/1_2affdc31-49b2-4e21-9398-c036e74c1306.png","title":"Casual","product_list":["brush-set-firm","lip-gloss","liquid-eyeliner","makeup-brush-set-bundle","makeup-sponges","mascara"],"alternate_title":"","text":"","text_color":"#212121","background_color":""}},"slide_UMb8By":{"type":"slide","settings":{"background_image":"shopify:\/\/shop_images\/2_e849981b-aa52-4dc0-8a14-641bac820080.png","title":"Formal","product_list":["white-collapsible-headphones","peach-headphones","grey-headphones","black-noise-cancelling-headphones","black-headphones"],"alternate_title":"","text":"","text_color":"#212121","background_color":""}},"slide_Q4GKfq":{"type":"slide","settings":{"background_image":"shopify:\/\/shop_images\/3_3e1a3067-4ec5-4593-9dd5-0deee661f754.png","title":"Sporty","product_list":["aqua-wash-jean","black-distressed-jean","blue-distressed-jean","blue-wash-jean","bold-black-jean","dark-wash-jean"],"alternate_title":"","text":"","text_color":"#212121","background_color":""}}},"block_order":["inset_image_UYanpE","heading_FDDG4p","text_mR8YPq","slide_Mjgnk3","slide_UMb8By","slide_Q4GKfq"],"settings":{"image_crop":"none","grid_item_width":33,"text_below_image":true,"image_position":"right","show_bar":false,"arrow_display":"none","per_row":3,"image_crop_product":"1:1","show_secondary_image":true,"show_product_title":true,"show_vendor":false,"show_product_price":true,"show_buy_button":false,"add_to_cart_option":"go_to_cart","show_product_label":true,"mobile_grid_item_width":65,"per_row_mobile":"2","text_size":100,"text_alignment":"center","text_width":35,"text_color":"#212121","text_background_color":"","background_color":"","button_label_color":"#4B4949","button_background_color":"rgba(0,0,0,0)","button_radius":0,"show_background_image":false,"enable_parallax":false,"animation":"none","base_width":95,"max_width":"","inner_padding":60,"outer_margin":0,"custom_css":"","mobile_custom_css":"","anchor_id":"","override_theme_font":false,"heading_font":"serif","main_font":"sans-serif"}},"main":{"type":"main-page","settings":{"full_width":false}}},"order":["main","design_pack_snow_bDiK6T","design_pack_video_carousel_FaMCr6","design_pack_link_menu_icons_aqXPrm","design_pack_marquee_gallery_FX3btY","design_pack_daily_promotions_JDhzga","design_pack_shop_the_look_filter_RGqG7x"]}