{"sections":{"main":{"type":"main-page","disabled":true,"settings":{"show_page_title":true,"full_width":false}},"13868c15-d09e-4c1f-abfd-3631a244b31d":{"type":"product-list","disabled":true,"settings":{"title":"Product list","product_list":["buy-the-sculpture-of-ashoka-pillar-online","buy-the-replica-of-kanyakumari-thiruvalluvar-statue-and-sculpture-as-silaii-online","buy-the-bust-sculpture-of-arignar-anna","buy-the-action-figure-sculpture-of-rocky-bhai-from-kgf-universe"],"show_vendor":false,"enable_carousel":true,"grid":4,"color_scheme":"default","full_width":true}},"dae7fb21-a1eb-443c-ad19-9e3f90010b97":{"type":"slideshow","blocks":{"template--14807473422421__dae7fb21-a1eb-443c-ad19-9e3f90010b97-168536137760c58d43-0":{"type":"image","disabled":true,"settings":{"image":"shopify:\/\/shop_images\/22739-Slide0006.jpg","slide_link":"","subheading":"","title":"","heading_max_width":15,"title_size":84,"title_size_mobile":46,"use_h1":false,"text":"","enlarge_text":true,"button_label_1":"","button_url_1":"","button_label_2":"","button_url_2":"","text_alignment":"center center"}},"template--14807473422421__dae7fb21-a1eb-443c-ad19-9e3f90010b97-168536137760c58d43-1":{"type":"image","settings":{"image":"shopify:\/\/shop_images\/25923_Custom_Sculpture_web_c2_1_1.jpg","mobile_image":"shopify:\/\/shop_images\/26923_Custom_Sculpture_4X5_c1_1.jpg","slide_link":"","subheading":"","title":"","heading_max_width":15,"title_size":84,"title_size_mobile":46,"use_h1":false,"text":"","enlarge_text":true,"button_label_1":"","button_url_1":"","button_label_2":"","button_url_2":"","text_alignment":"center center"}}},"block_order":["template--14807473422421__dae7fb21-a1eb-443c-ad19-9e3f90010b97-168536137760c58d43-0","template--14807473422421__dae7fb21-a1eb-443c-ad19-9e3f90010b97-168536137760c58d43-1"],"settings":{"height":"adapt","height_desktop":600,"height_mobile":460,"full_width":true,"mobile_overlay_under":false,"overlay_style":"no_background","transition":"fade","navigation":"arrows","autoplay":true,"autoplay_speed":7,"accessibility_info":""}},"8e21f847-e90d-434a-9ba9-dee703143355":{"type":"design_pack_-_marquee_-_multitext","blocks":{"template--14807473422421__8e21f847-e90d-434a-9ba9-dee703143355-1686831693a51231a0-0":{"type":"content","settings":{"image":"shopify:\/\/shop_images\/4DOTS.png","text":"100 Years Durability"}},"template--14807473422421__8e21f847-e90d-434a-9ba9-dee703143355-1686831693a51231a0-1":{"type":"content","settings":{"image":"shopify:\/\/shop_images\/4DOTS.png","text":"Finest Details"}},"2c9c9b67-bcb7-4595-aba6-93ef0868c2ca":{"type":"content","settings":{"image":"shopify:\/\/shop_images\/4DOTS.png","text":"Realistic Finish"}}},"block_order":["template--14807473422421__8e21f847-e90d-434a-9ba9-dee703143355-1686831693a51231a0-0","template--14807473422421__8e21f847-e90d-434a-9ba9-dee703143355-1686831693a51231a0-1","2c9c9b67-bcb7-4595-aba6-93ef0868c2ca"],"settings":{"speed":20,"reverse_scrolling":false,"scrolling_pause":false,"image_size":"extralarge","text_size":100,"text_color":"#000000","background_color":"","fade_edges":false,"inner_padding":0,"outer_margin":0,"custom_css":"","mobile_custom_css":"","anchor_id":"","override_theme_font":false,"main_font":"system_ui_n4"}},"03fca032-101d-48f4-b199-bdc02daf1678":{"type":"rich-text","blocks":{"template--14807473422421__03fca032-101d-48f4-b199-bdc02daf1678-168604272627399308-0":{"type":"heading","settings":{"title":"\"SCULPTING MEMORIES INTO AN EXPERIENCE\"","use_h1":true}},"template--14807473422421__03fca032-101d-48f4-b199-bdc02daf1678-168604272627399308-1":{"type":"text","settings":{"text":"<p>Memories are meant to be experienced and shared, not just remembered. That's why we offer custom sculpture services that allow you to turn your treasured memories into a tangible, touch and feel experience.<\/p><p>Custom Sculpture is a one-of-a-kind work of art to memorialize a loved one, capture a special memory and turn them into something that can be physically experienced and shared with others.<\/p><p>A custom sculpture from SILAIl is a way to bring your loved one back to life from a two dimension photograph into a three dimension sculpture. It's a special way to honor their memory and keep them close.<\/p>","enlarge_text":true}}},"block_order":["template--14807473422421__03fca032-101d-48f4-b199-bdc02daf1678-168604272627399308-0","template--14807473422421__03fca032-101d-48f4-b199-bdc02daf1678-168604272627399308-1"],"custom_css":["h1 {font-size: 30px; text-align: center;}"],"settings":{"height":"medium","text_alignment":"left","full_width":false,"color_scheme":"1"}},"9a64fab0-ae32-43df-af59-2fba700393e3":{"type":"rich-text","blocks":{"938eb864-393f-4598-96ad-e228f4cb2c74":{"type":"subheading","settings":{"subheading":"How we work"}},"template--14807473422421__9a64fab0-ae32-43df-af59-2fba700393e3-168665497000ed3218-0":{"type":"heading","settings":{"title":"Creating a tribute sculpture to honor the memory of a loved one is a delicate process","use_h1":true}},"template--14807473422421__9a64fab0-ae32-43df-af59-2fba700393e3-168665497000ed3218-1":{"type":"text","disabled":true,"settings":{"text":"<p><\/p><p><strong>Step 7: Installation & Care Guidance<\/strong><br\/>If needed, we offer professional installation services. We also guide you on how to maintain the sculpture to preserve its beauty and longevity, so that it continues to serve as a lasting tribute to your loved one.<\/p><p>With Silaii, honor your loved one's memory with a piece of art that carries their spirit and continues their legacy.<\/p>","enlarge_text":true}}},"block_order":["938eb864-393f-4598-96ad-e228f4cb2c74","template--14807473422421__9a64fab0-ae32-43df-af59-2fba700393e3-168665497000ed3218-0","template--14807473422421__9a64fab0-ae32-43df-af59-2fba700393e3-168665497000ed3218-1"],"custom_css":["h1 {font-size: 36px;}"],"settings":{"height":"small","text_alignment":"center","full_width":false,"color_scheme":"default"}},"9da4bc44-51c0-4eae-a055-cb9e065d5bb4":{"type":"multi-column","blocks":{"template--14807473422421__9da4bc44-51c0-4eae-a055-cb9e065d5bb4-1686730508b60724bd-0":{"type":"text_block","settings":{"enable_media":true,"image":"shopify:\/\/shop_images\/talk.png","title":"Step 1: Initial Consultation","text":"<p>The journey begins with an intimate consultation where we get to know about the person you wish to memorialize. We encourage you to share stories, memories, and any specific attributes or characteristics that would help us in creating a meaningful tribute.<\/p>","button_label":"","link":""}},"template--14807473422421__9da4bc44-51c0-4eae-a055-cb9e065d5bb4-1686730508b60724bd-1":{"type":"text_block","settings":{"enable_media":true,"image":"shopify:\/\/shop_images\/digital-art.png","title":"Step 2: Starting Design","text":"<p>Using the insights gained during the first conversation, our artists develop a design that encompasses the essence of your loved one. This design process involves profound respect and consideration for the individual and their legacy.<\/p>","button_label":"","link":""}},"template--14807473422421__9da4bc44-51c0-4eae-a055-cb9e065d5bb4-1686730508b60724bd-2":{"type":"text_block","settings":{"enable_media":true,"image":"shopify:\/\/shop_images\/approve.png","title":"Step 3: Review & Approval","text":"<p>We share the design with you and incorporate any feedback or changes you might have. Our goal is to ensure that the sculpture genuinely reflects your loved one's spirit.<\/p>","button_label":"","link":""}},"2c28cdab-4e90-4259-bb05-41161bb50ff1":{"type":"text_block","settings":{"enable_media":true,"image":"shopify:\/\/shop_images\/sculpture_de72b583-8d22-46ae-b4f8-305a6ab78b5a.png","title":"Step 4: Sculpture Creation","text":"<p>Once we receive your approval, the sculpting process begins. Our artists meticulously craft the memorial sculpture, infusing it with love, honor, and remembrance in every detail.<\/p>","button_label":"","link":""}},"5d6e89f9-e248-4b97-b02e-fee8f0f7a328":{"type":"text_block","settings":{"enable_media":true,"image":"shopify:\/\/shop_images\/service.png","title":"Step 5: Quality Assurance & Finishing","text":"<p>The created sculpture undergoes a thorough quality check to ensure it meets our highest standards. Final touches are added to enhance its <br\/>beauty and longevity.<\/p>","button_label":"","link":""}},"1236cb93-a016-4c44-95e6-6e6cb70acb78":{"type":"text_block","settings":{"enable_media":true,"image":"shopify:\/\/shop_images\/shipped.png","title":"Step 6: Delivery","text":"<p>We carefully pack and deliver the memorial sculpture to you, ensuring its safe arrival at your chosen location.<\/p>","button_label":"","link":""}},"38ffcc3f-2015-4978-b4ae-4ee55362d889":{"type":"text_block","settings":{"enable_media":true,"image":"shopify:\/\/shop_images\/labour-day.png","title":"Step 7: Installation & Care Guidance","text":"<p>If needed, we offer professional installation services. We also guide you on how to maintain the sculpture to preserve its beauty and longevity, so that it continues to serve as a lasting tribute to your loved one.<\/p><p>With SILAII, honor your loved one's memory with a piece of art that carries their spirit and continues their legacy.<\/p>","button_label":"","link":""}}},"block_order":["template--14807473422421__9da4bc44-51c0-4eae-a055-cb9e065d5bb4-1686730508b60724bd-0","template--14807473422421__9da4bc44-51c0-4eae-a055-cb9e065d5bb4-1686730508b60724bd-1","template--14807473422421__9da4bc44-51c0-4eae-a055-cb9e065d5bb4-1686730508b60724bd-2","2c28cdab-4e90-4259-bb05-41161bb50ff1","5d6e89f9-e248-4b97-b02e-fee8f0f7a328","1236cb93-a016-4c44-95e6-6e6cb70acb78","38ffcc3f-2015-4978-b4ae-4ee55362d889"],"custom_css":["h1 {font-size: 32px;}"],"settings":{"title":"","media_aspect_ratio":"s","media_width":110,"text_alignment":"center","button_style":"primary","color_scheme":"default"}},"d3e84a95-90c0-4361-bfba-4bba84ca9064":{"type":"image-with-text","blocks":{"heading_MBRkrm":{"type":"heading","settings":{"title":"Celebrating the Legacy To our Grandfather","use_h1":false}},"text_BPpCwy":{"type":"text","settings":{"text":"<p><\/p><h1><strong>Mr. Ezhilarasu<\/strong><\/h1><p>\"The loss of my grandfather deeply affected my family. Seeing him as a sculpture took us all down a memory lane and we felt that we had gotten back our grandfather.\"<\/p>","enlarge_text":false}},"button_JUnrUy":{"type":"button","settings":{"button_label":"Enquire Now","button_link":"https:\/\/www.silaii.com\/pages\/contact","button_style":"primary"}}},"block_order":["heading_MBRkrm","text_BPpCwy","button_JUnrUy"],"custom_css":["h1 {font-size: 30px;}"],"settings":{"image":"shopify:\/\/shop_images\/S1.jpg","image_width":700,"image_link":"","image_position":"right","text_alignment":"center","color_scheme":"1"}},"beb589da-1e7f-4f45-af99-96cc470c4000":{"type":"image-with-text","blocks":{"heading_RFEFQF":{"type":"heading","settings":{"title":"Founder and Chairman of KHM Hospital.","use_h1":false}},"text_V6mWk9":{"type":"text","settings":{"text":"<h1><strong>Dr. AN. Kalanitthi,<\/strong><\/h1><p>\"I was overwhelmed with emotion.<br\/>SILAIl's custom sculpture brought my father back to life.\"<\/p>","enlarge_text":false}},"button_LFKCka":{"type":"button","settings":{"button_label":"Enquire Now","button_link":"https:\/\/www.silaii.com\/pages\/contact","button_style":"primary"}}},"block_order":["heading_RFEFQF","text_V6mWk9","button_LFKCka"],"settings":{"image":"shopify:\/\/shop_images\/KHM_002.jpg","image_width":700,"image_link":"","image_position":"right","text_alignment":"center","color_scheme":"default"}},"1a0ec908-534b-4006-a926-bdd765126bbc":{"type":"image-with-text","blocks":{"heading_cG8HkQ":{"type":"heading","settings":{"title":"In Loving Memory","use_h1":false}},"text_FkiNqR":{"type":"text","settings":{"text":"<h1><strong>Mrs. Rajya Lakshmi Mauvri<\/strong><\/h1><p>\"The team of SILAIl gave my mother's smile and love back through a beautiful sculpture,<br\/>Which I will cherish for a lifetime.\"<\/p>","enlarge_text":false}},"button_3LDFEU":{"type":"button","settings":{"button_label":"Enquire Now","button_link":"https:\/\/www.silaii.com\/pages\/contact","button_style":"primary"}}},"block_order":["heading_cG8HkQ","text_FkiNqR","button_3LDFEU"],"settings":{"image":"shopify:\/\/shop_images\/s2.jpg","image_width":700,"image_link":"","image_position":"left","text_alignment":"center","color_scheme":"1"}},"b27481b1-2715-4e21-9fb3-2830b11aba7b":{"type":"logo-list","blocks":{"642f674d-de11-4882-87c5-1b3b3aa8cd9f":{"type":"logo","settings":{"image":"shopify:\/\/shop_images\/anniversary.png","image_width":120,"link":"","title":"100 Years Durability"}},"7b345df0-0954-4967-ba28-926f4432193b":{"type":"logo","settings":{"image":"shopify:\/\/shop_images\/customize.png","image_width":120,"link":"","title":"Easy Customization"}},"4da21ff5-f602-4938-9f17-5b75dde290b4":{"type":"logo","settings":{"image":"shopify:\/\/shop_images\/sculpture.png","image_width":150,"link":"","title":"Finest Details"}},"27328ece-a32f-4a88-b25a-ae65189395e9":{"type":"logo","settings":{"image":"shopify:\/\/shop_images\/high-quality.png","image_width":150,"link":"","title":"Realistic Finish"}},"43a3e348-307d-4dea-8918-d21f330505c5":{"type":"logo","settings":{"image":"shopify:\/\/shop_images\/worldwide-shipping.png","image_width":160,"link":"","title":"Worldwide Shipping"}},"42e20c90-e8ef-425e-b686-70c94fda8973":{"type":"logo","settings":{"image":"shopify:\/\/shop_images\/reliability.png","image_width":150,"link":"","title":"100+ Satisfied Customers"}}},"block_order":["642f674d-de11-4882-87c5-1b3b3aa8cd9f","7b345df0-0954-4967-ba28-926f4432193b","4da21ff5-f602-4938-9f17-5b75dde290b4","27328ece-a32f-4a88-b25a-ae65189395e9","43a3e348-307d-4dea-8918-d21f330505c5","42e20c90-e8ef-425e-b686-70c94fda8973"],"settings":{"title":"Why SILAII?","image_opacity":100,"color_scheme":"default"}},"45933e14-245d-47a9-aa70-5e24aeb44d1e":{"type":"design_pack_-_features_highlight","blocks":{"template--14807473422421__45933e14-245d-47a9-aa70-5e24aeb44d1e-16860470279ff0b880-0":{"type":"feature","settings":{"title":"Our Craftmanship","main_heading":"Great Design & Craftmanship","text":"<p>Uniting exceptional design and masterful craftsmanship in a single line of brilliance.<\/p>","image":"shopify:\/\/shop_images\/S1.jpg"}},"template--14807473422421__45933e14-245d-47a9-aa70-5e24aeb44d1e-16860470279ff0b880-1":{"type":"feature","settings":{"title":"Finest Details","main_heading":"Great Details and Realistic Finish","text":"<p>Experience the artistry of SILAII, where impeccable craftsmanship and authentic finishes combine to create stunningly detailed and realistically beautiful creations.<\/p>","image":"shopify:\/\/shop_images\/s2.jpg"}},"template--14807473422421__45933e14-245d-47a9-aa70-5e24aeb44d1e-16860470279ff0b880-2":{"type":"feature","settings":{"title":"Happy Customer","main_heading":"Ultimate Satisfaction","text":"<p>Discover the joy of being a part of our community of happy customers, where exceptional quality, personalized service, and ultimate satisfaction await you at SILAII<\/p>","image":"shopify:\/\/shop_images\/KHM_002.jpg"}}},"block_order":["template--14807473422421__45933e14-245d-47a9-aa70-5e24aeb44d1e-16860470279ff0b880-0","template--14807473422421__45933e14-245d-47a9-aa70-5e24aeb44d1e-16860470279ff0b880-1","template--14807473422421__45933e14-245d-47a9-aa70-5e24aeb44d1e-16860470279ff0b880-2"],"settings":{"image_position":"left","image_crop":"none","text_size":100,"text_color":"#212121","text_hover_color":"#f1efe9","background_color":"linear-gradient(90deg, rgba(255, 251, 244, 1), rgba(255, 251, 244, 1) 100%)","base_width":80,"max_width":"","inner_padding":40,"outer_margin":0,"custom_css":"","mobile_custom_css":"","override_theme_font":false,"heading_font":"serif","main_font":"system_ui_n4"}},"978c8a3a-8c49-404d-9ced-5d8fec0aa2a2":{"type":"video","disabled":true,"settings":{"video_shopify":"shopify:\/\/files\/videos\/MG_WEB_LOW4.mp4","video_external":"https:\/\/www.youtube.com\/watch?v=_9VUPq3SxOc","video_description":"","text_alignment":"center center","full_width":false,"overlay_style":"shadow"}},"af9fdb68-adae-4f25-bbd7-8b8c2f0be738":{"type":"gallery","disabled":true,"settings":{"grid_desktop":2,"grid_mobile":"1","height":"fixed","desktop_image_height":620,"mobile_image_height":330,"title_size":30,"title_size_mobile":22,"enable_margin":true,"enable_row_spacing":true,"full_width":false,"color_scheme":"default","enable_carousel":false,"overlay_style":"no_background","overlay_padding":"standard","button_style":"primary"}},"5f6bb988-3d3e-46ec-865d-5d0bfaa09e93":{"type":"image-with-text","blocks":{"heading_rmkKbw":{"type":"heading","settings":{"title":"The Price Details","use_h1":true}},"text_badByJ":{"type":"text","settings":{"text":"<p>Custom sculptures start at <strong>₹1,19,900 for a 1-feet.<\/strong><br\/><\/p><p><strong>Final pricing depends on:<\/strong><\/p><p><strong>Design complexity<\/strong><\/p><p><strong>Full-figure<\/strong><\/p><p><strong>Number of characters or elements included<\/strong><\/p><p><br\/><strong>Material<\/strong><\/p><p>A personalized quote will be provided after reviewing your requirements.<\/p><p>Our pricing covers the entire process: Design, Custom mould, High-quality materials and expert craftsmanship.<\/p><p><strong>PLEASE NOTE: Shipping charges are additional<\/strong> and will be calculated based on your delivery location.<\/p>","enlarge_text":false}}},"block_order":["heading_rmkKbw","text_badByJ"],"settings":{"image":"shopify:\/\/shop_images\/Custom_Price_Detail___Web.jpg","image_width":520,"image_link":"","image_position":"right","text_alignment":"center","color_scheme":"2"}},"ceaa9bf3-5eee-4e3e-99a9-a477e1401eaf":{"type":"contact-form","blocks":{"template--14807473422421__ceaa9bf3-5eee-4e3e-99a9-a477e1401eaf-16869863341eac9646-0":{"type":"name_input","settings":{"half_width":true}},"template--14807473422421__ceaa9bf3-5eee-4e3e-99a9-a477e1401eaf-16869863341eac9646-1":{"type":"email_input","settings":{"half_width":true}},"a2e24e35-e29e-44c8-a2b9-1a462a4289e0":{"type":"phone_input","settings":{"required":true,"half_width":false}},"template--14807473422421__ceaa9bf3-5eee-4e3e-99a9-a477e1401eaf-16869863341eac9646-2":{"type":"message_input","settings":{"half_width":false}}},"block_order":["template--14807473422421__ceaa9bf3-5eee-4e3e-99a9-a477e1401eaf-16869863341eac9646-0","template--14807473422421__ceaa9bf3-5eee-4e3e-99a9-a477e1401eaf-16869863341eac9646-1","a2e24e35-e29e-44c8-a2b9-1a462a4289e0","template--14807473422421__ceaa9bf3-5eee-4e3e-99a9-a477e1401eaf-16869863341eac9646-2"],"settings":{"contact_title":"Contact Us","contact_text":"<p>Please Complete the Form to Receive Your Custom Sculpture Quote.<\/p>","color_scheme":"default"}},"bf47a4b8-e9d3-4124-b898-8f8c488893f5":{"type":"design_pack_-_marquee_-_multitext","blocks":{"template--14807473422421__bf47a4b8-e9d3-4124-b898-8f8c488893f5-168699850089b0945b-0":{"type":"content","settings":{"image":"shopify:\/\/shop_images\/4DOTS.png","text":"Call  +91 98846 88804"}},"template--14807473422421__bf47a4b8-e9d3-4124-b898-8f8c488893f5-168699850089b0945b-1":{"type":"content","disabled":true,"settings":{"image":"shopify:\/\/shop_images\/4DOTS.png","text":"Call  +91 98846 88805"}},"16912135-9108-4654-91ab-78f5c63b44d2":{"type":"content","settings":{"image":"shopify:\/\/shop_images\/4DOTS.png","text":"For Custom Sculpture Enquiry"}}},"block_order":["template--14807473422421__bf47a4b8-e9d3-4124-b898-8f8c488893f5-168699850089b0945b-0","template--14807473422421__bf47a4b8-e9d3-4124-b898-8f8c488893f5-168699850089b0945b-1","16912135-9108-4654-91ab-78f5c63b44d2"],"settings":{"speed":20,"reverse_scrolling":false,"scrolling_pause":false,"image_size":"medium","text_size":100,"text_color":"#121212","background_color":"linear-gradient(180deg, rgba(255, 255, 255, 1), rgba(255, 255, 255, 1) 100%)","fade_edges":false,"inner_padding":40,"outer_margin":0,"custom_css":"","mobile_custom_css":"","anchor_id":"","override_theme_font":false,"main_font":"system_ui_n4"}},"bcbf85bc-a7a5-4ed6-960f-9d66c203dc2f":{"type":"collapsible-tabs","blocks":{"template--14807473422421__bcbf85bc-a7a5-4ed6-960f-9d66c203dc2f-16860608703473a201-0":{"type":"question","settings":{"title":"1. How long does it take to create a custom sculpture at SILAII?","answer":"<p>The process of creating a custom sculpture typically takes between 45-60 days from the date of confirmation.<\/p>"}},"544a482a-f71d-41cd-bee8-514011786550":{"type":"question","settings":{"title":"2. What are the starting prices for custom sculptures at SILAII?","answer":"<p>At SILAII, the starting cost is 1,19,999 INR for an 1-foot custom sculpture, and 2,99,999 INR for a 2.5-foot sculpture. The prices increase depending on the size and volume of the sculpture.<\/p>"}},"template--14807473422421__bcbf85bc-a7a5-4ed6-960f-9d66c203dc2f-16860608703473a201-1":{"type":"question","settings":{"title":"3. What is the minimum size for a sculpture at SILAII?","answer":"<p>At SILAII, we create custom sculptures starting from a minimum size of 1 Feet.<\/p>"}},"352a3445-3573-4605-bacd-2d49aac88a65":{"type":"question","settings":{"title":"4. How many reference images are required to create a custom sculpture?","answer":"<p>For creating a custom sculpture, we would need at least 20-30 reference images showing all sides of the subject. One key reference Photo in High-Resolution format.<\/p>"}},"2e8efe38-a21a-43a8-8b34-45eb7eb8d973":{"type":"question","settings":{"title":"5. What is the process of creating a custom sculpture at SILAII?","answer":"<p>The process begins with gathering all necessary information about the person including their personality traits and behavior. We will then require 20-30 images of all sides of the person for reference. Once you paid the advance amount for the sculpture, Our Team will ensure the phases and the process involved through the custom sculpture.<\/p>"}},"00f4ec6b-02c2-473b-b9fa-0819981f15e6":{"type":"question","settings":{"title":"6. What materials does SILAII use for their sculptures?","answer":"<p>Our sculptures are primarily made from Stone Powder with Resin. For sculptures above 2.5 feet, we can also use Metal.<\/p>"}},"6f61cf53-7e57-4266-ab65-c323e8617a69":{"type":"question","settings":{"title":"7. What is the durability of a SILAII sculpture?","answer":"<p>The sculptures created by SILAII are crafted to last, with durability extending beyond 100 years.<\/p>"}},"0e56996c-8cc0-4fc8-ba45-536c46cabd5f":{"type":"question","settings":{"title":"8. What are the payment terms and modes accepted at SILAII?","answer":"<p>At SILAII, we require 70% of the payment in advance. The modes of payment we accept are Cash, UPI, and NEFT transfers.<\/p>"}},"a0a97997-974b-4e05-bd27-17fc61993eee":{"type":"question","settings":{"title":"9. What is the advance amount required to begin the process?","answer":"<p>To commence the process of creating your custom sculpture, we require an advance payment of 70% of the total cost.<\/p>"}},"ef8b3e7a-e864-4e86-9f14-ae941f1474b3":{"type":"question","settings":{"title":"10. How can I get in touch with SILAII for a custom sculpture?","answer":"<p>For all your custom sculpture needs, you can reach out to us via Whatsapp or Phone call at +91 98840 88804 or contact@silaii.com<\/p>"}}},"block_order":["template--14807473422421__bcbf85bc-a7a5-4ed6-960f-9d66c203dc2f-16860608703473a201-0","544a482a-f71d-41cd-bee8-514011786550","template--14807473422421__bcbf85bc-a7a5-4ed6-960f-9d66c203dc2f-16860608703473a201-1","352a3445-3573-4605-bacd-2d49aac88a65","2e8efe38-a21a-43a8-8b34-45eb7eb8d973","00f4ec6b-02c2-473b-b9fa-0819981f15e6","6f61cf53-7e57-4266-ab65-c323e8617a69","0e56996c-8cc0-4fc8-ba45-536c46cabd5f","a0a97997-974b-4e05-bd27-17fc61993eee","ef8b3e7a-e864-4e86-9f14-ae941f1474b3"],"settings":{"title":"Frequently Asked Questions"}},"cbdc1274-42df-409e-9d16-60885a2a32be":{"type":"design_pack_-_divider-simple","settings":{"alignment":"center","base_width":45,"thickness":1,"style":"solid","divider_color":"#c6c6c6","background_color":"","outer_margin_top":40,"outer_margin_bottom":40,"outer_padding_top":10,"outer_padding_bottom":10,"custom_css":"","mobile_custom_css":"","anchor_id":"","custom_classes":""}},"168664415144cbbbff":{"type":"apps","settings":{"full_width":false,"show_space":true}}},"order":["main","13868c15-d09e-4c1f-abfd-3631a244b31d","dae7fb21-a1eb-443c-ad19-9e3f90010b97","8e21f847-e90d-434a-9ba9-dee703143355","03fca032-101d-48f4-b199-bdc02daf1678","9a64fab0-ae32-43df-af59-2fba700393e3","9da4bc44-51c0-4eae-a055-cb9e065d5bb4","d3e84a95-90c0-4361-bfba-4bba84ca9064","beb589da-1e7f-4f45-af99-96cc470c4000","1a0ec908-534b-4006-a926-bdd765126bbc","b27481b1-2715-4e21-9fb3-2830b11aba7b","45933e14-245d-47a9-aa70-5e24aeb44d1e","978c8a3a-8c49-404d-9ced-5d8fec0aa2a2","af9fdb68-adae-4f25-bbd7-8b8c2f0be738","5f6bb988-3d3e-46ec-865d-5d0bfaa09e93","ceaa9bf3-5eee-4e3e-99a9-a477e1401eaf","bf47a4b8-e9d3-4124-b898-8f8c488893f5","bcbf85bc-a7a5-4ed6-960f-9d66c203dc2f","cbdc1274-42df-409e-9d16-60885a2a32be","168664415144cbbbff"]}