{"sections":{"1655847225dc2caace":{"type":"design_pack_-_banner_image_-_parallax","blocks":{"16558472257f3a5d33-0":{"type":"small_text","settings":{}},"96edbfc6-dbcf-4d4e-8397-e382fe0a4e76":{"type":"divider","settings":{"base_width":50,"thickness":1,"style":"solid","divider_color":"rgba(0,0,0,0)","padding_top":5,"padding_bottom":5}},"16558472257f3a5d33-1":{"type":"heading","settings":{"title":"Find the perfect fit!"}},"16558472257f3a5d33-2":{"type":"text","settings":{"text":"<p>To suit any prescription and style<\/p>"}},"2f19c38a-2ec3-472b-b4df-6d71b59699fa":{"type":"divider","settings":{"base_width":50,"thickness":1,"style":"solid","divider_color":"rgba(0,0,0,0)","padding_top":10,"padding_bottom":10}},"16558472257f3a5d33-3":{"type":"buttons","settings":{"button_radius":0,"button_label_primary":"SHOP NOW","link_primary":"","button_label_color_primary":"#ffffff","button_background_color_primary":"#26334e","button_label_secondary":"","link_secondary":"","button_label_color_secondary":"#283144","button_background_color_secondary":"#fafafa"}}},"block_order":["16558472257f3a5d33-0","96edbfc6-dbcf-4d4e-8397-e382fe0a4e76","16558472257f3a5d33-1","16558472257f3a5d33-2","2f19c38a-2ec3-472b-b4df-6d71b59699fa","16558472257f3a5d33-3"],"settings":{"background_image":"shopify:\/\/shop_images\/scott-van-daalen-UsALNdok2m4-unsplash_1.jpg","text_size":115,"text_alignment":"center","text_position":"center center","text_width":600,"text_color":"#26334e","text_background_color":"","background_color":"linear-gradient(1deg, rgba(255, 255, 255, 1) 2.518%, rgba(255, 255, 255, 0.89) 25%, rgba(255, 255, 255, 0.57) 71.583%, rgba(255, 255, 255, 0.22) 100%)","animation":"fade-in-down","base_width":80,"max_width":"","inner_padding":50,"outer_margin":0,"custom_css":"","mobile_custom_css":"","override_theme_font":true,"heading_font":"josefin_sans_n6","main_font":"lato_n6"}},"1655900620b6e4a03e":{"type":"design_pack_-_image_with_text","blocks":{"1655900620a9cff113-0":{"type":"inset_image","settings":{"inset_image":"shopify:\/\/shop_images\/noun-eyeglasses-1510139.png","inset_image_size":30}},"ac7c31ad-0bdc-452c-8c6c-972a44b1f490":{"type":"divider","settings":{"alignment":"left","base_width":50,"thickness":1,"style":"solid","divider_color":"#ffffff","padding_top":10,"padding_bottom":10}},"1655900620a9cff113-2":{"type":"heading","settings":{"title":"Women's Eyewear Collection"}},"1655900620a9cff113-3":{"type":"text","settings":{"text":"<p>Display a half image and text with block options like heading, text, buttons, and dividers.<\/p>"}},"381a7247-9b0d-4f25-bfeb-835ef32149ae":{"type":"divider","settings":{"alignment":"left","base_width":50,"thickness":1,"style":"solid","divider_color":"#ffffff","padding_top":15,"padding_bottom":15}},"ea7a0fb6-dcfa-417e-ae5d-4815a461146b":{"type":"buttons","settings":{"button_radius":0,"button_label_primary":"SHOP WOMEN","link_primary":"","button_label_color_primary":"#ffffff","button_background_color_primary":"#26334e","button_label_secondary":"","link_secondary":"","button_label_color_secondary":"#ffffff","button_background_color_secondary":"#121212"}}},"block_order":["1655900620a9cff113-0","ac7c31ad-0bdc-452c-8c6c-972a44b1f490","1655900620a9cff113-2","1655900620a9cff113-3","381a7247-9b0d-4f25-bfeb-835ef32149ae","ea7a0fb6-dcfa-417e-ae5d-4815a461146b"],"settings":{"image":"shopify:\/\/shop_images\/pexels-ali-pazani-2810837.jpg","image_crop":"1:1","focal_point":"center center","image_position":"right","text_alignment":"left","text_size":85,"text_color":"#26334e","text_background_color":"linear-gradient(0deg, rgba(255, 255, 255, 1), rgba(255, 255, 255, 1) 100%)","background_color":"","animation":"fade-in","base_width":100,"max_width":"","inner_padding":75,"outer_margin":0,"custom_css":"","mobile_custom_css":"","override_theme_font":true,"heading_font":"josefin_sans_n6","main_font":"lato_n4"}},"165590065534d9dff5":{"type":"design_pack_-_image_with_text","blocks":{"1655900655e7cf73db-0":{"type":"inset_image","settings":{"inset_image":"shopify:\/\/shop_images\/noun-eyeglasses-1803740.png","inset_image_size":30}},"2aaa0e2c-be08-4a93-af62-e0cf9e5e4482":{"type":"divider","settings":{"alignment":"left","base_width":50,"thickness":1,"style":"solid","divider_color":"#ffffff","padding_top":10,"padding_bottom":10}},"1655900655e7cf73db-2":{"type":"heading","settings":{"title":"Men's Eyewear Collection"}},"1655900655e7cf73db-3":{"type":"text","settings":{"text":"<p>Display a half image and text with block options like heading, text, buttons, and dividers.<\/p>"}},"5de70b5c-803a-4c05-891d-dd64857e9207":{"type":"divider","settings":{"alignment":"left","base_width":50,"thickness":1,"style":"solid","divider_color":"#ffffff","padding_top":15,"padding_bottom":15}},"d5654cd9-fd06-49fb-be3d-f810811de301":{"type":"buttons","settings":{"button_radius":0,"button_label_primary":"SHOP MEN","link_primary":"","button_label_color_primary":"#ffffff","button_background_color_primary":"#26334e","button_label_secondary":"","link_secondary":"","button_label_color_secondary":"#ffffff","button_background_color_secondary":"#121212"}}},"block_order":["1655900655e7cf73db-0","2aaa0e2c-be08-4a93-af62-e0cf9e5e4482","1655900655e7cf73db-2","1655900655e7cf73db-3","5de70b5c-803a-4c05-891d-dd64857e9207","d5654cd9-fd06-49fb-be3d-f810811de301"],"settings":{"image":"shopify:\/\/shop_images\/pexels-andrea-piacquadio-842811.jpg","image_crop":"1:1","focal_point":"center center","image_position":"left","text_alignment":"right","text_size":85,"text_color":"#283144","text_background_color":"linear-gradient(0deg, rgba(255, 255, 255, 1), rgba(255, 255, 255, 1) 100%)","background_color":"","animation":"fade-in","base_width":100,"max_width":"","inner_padding":60,"outer_margin":0,"custom_css":"","mobile_custom_css":"","override_theme_font":true,"heading_font":"josefin_sans_n6","main_font":"sans-serif"}},"1656784102dbbee01f":{"type":"design_pack_-_divider-simple","settings":{"alignment":"center","base_width":90,"thickness":1,"style":"solid","divider_color":"#26334e","outer_margin_top":60,"outer_margin_bottom":0,"custom_css":"","mobile_custom_css":""}},"165584859697363f04":{"type":"design_pack_-_newsletter_with_text","settings":{"heading":"Be the first to know.","text":"<p>Use this space to explain the value of signing up for your mailing list. Whether it's deals, freebies, blog posts or sending out a downloadable PDF. Having an engaged and active mailing list is a must for any Shopify store.<\/p>","text_alignment":"left","form_text":"Sign up for newsletter","show_first_name":false,"show_last_name":false,"form_position":"right","text_size":100,"text_color":"#26334e","button_label_color":"#ffffff","button_background_color":"#26334e","button_radius":0,"background_color":"linear-gradient(310deg, rgba(255, 255, 255, 1) 15%, rgba(255, 255, 255, 1) 85%)","animation":"fade-in","show_background_image":true,"enable_parallax":false,"base_width":90,"max_width":"","inner_padding":40,"outer_margin":0,"custom_css":"","mobile_custom_css":"","override_theme_font":true,"heading_font":"josefin_sans_n6","main_font":"lato_n5"}},"165678411412299325":{"type":"design_pack_-_divider-simple","settings":{"alignment":"center","base_width":90,"thickness":1,"style":"solid","divider_color":"#26334e","outer_margin_top":0,"outer_margin_bottom":80,"custom_css":"","mobile_custom_css":""}},"165584842070ce5d8f":{"type":"design_pack_-_value_proposition_horizontal","blocks":{"16558484201727b465-0":{"type":"icon","settings":{"image":"shopify:\/\/shop_images\/noun-sun-1067601_df0676c0-fc3d-42f3-9308-5a4063afa40f.png","scale":1,"show_icon":true,"title":"UV Protection","text":"<p>Lorem ipsum dolor sit amet consectetur adipisicing elit. Officiis accusantium ipsa, illum tempore deleniti sunt quia quam excepturi.<\/p>","link":""}},"16558484201727b465-1":{"type":"icon","settings":{"image":"shopify:\/\/shop_images\/noun-recycled-materials-4264253.png","scale":0.9,"show_icon":true,"title":"Eco Friendly Materials","text":"<p>Lorem ipsum dolor sit amet consectetur adipisicing elit. Officiis accusantium ipsa, illum tempore deleniti sunt quia quam excepturi.<\/p>","link":""}},"16558484201727b465-2":{"type":"icon","settings":{"image":"shopify:\/\/shop_images\/noun-brightness-1099423.png","scale":1,"show_icon":true,"title":"Blue light","text":"<p>Lorem ipsum dolor sit amet consectetur adipisicing elit. Officiis accusantium ipsa, illum tempore deleniti sunt quia quam excepturi.<\/p>","link":""}}},"block_order":["16558484201727b465-0","16558484201727b465-1","16558484201727b465-2"],"settings":{"title":"What makes us different","icon_size":60,"per_row":3,"text_size":100,"text_alignment":"center","heading_color":"#26334e","text_color":"#26334e","background_color":"#f4f4f4","color_filter":"none","animation":"fade-in","mobile_icon_size":50,"base_width":85,"max_width":"","inner_padding":60,"outer_margin":40,"custom_css":"","mobile_custom_css":"","override_theme_font":true,"heading_font":"josefin_sans_n6","main_font":"lato_n5"}},"1655848696a7af4bab":{"type":"design_pack_-_featured-collection_-_lifestyle","blocks":{"1655848696621a6461-0":{"type":"image","settings":{"image":"shopify:\/\/shop_images\/pexels-dominika-roseclay-1856547.jpg","focal_point":"center center","row_start":1,"row_height":2,"col_start":2,"col_width":2,"mobile_row_start":1,"mobile_row_height":2,"title":"Our best collection.","text":"<p>Lorem ipsum dolor sit amet, consectetur adipiscing elit. Mauris nibh enim, ornare at consequat sed, placerat quis libero. Curabitur id nulla ut nunc aliquam sodales.<\/p>","link":"","text_position":"right top","text_color":"#283144","text_background_color":""}}},"block_order":["1655848696621a6461-0"],"settings":{"collection":"eyewear","show_block_toggle":true,"products_per_page":10,"image_crop":"none","show_product_title":true,"show_product_price":true,"show_product_info_hover":false,"show_product_variants":true,"show_product_options":false,"show_product_label":true,"text_size":115,"text_color":"#3a3a3a","product_background_color":"#f3f3f3","background_color":"linear-gradient(0deg, rgba(255, 255, 255, 0.4), rgba(255, 255, 255, 0.4) 100%)","base_width":95,"max_width":"1300px","inner_padding":40,"custom_css":"","mobile_custom_css":"","override_theme_font":true,"heading_font":"josefin_sans_n6","main_font":"lato_n5"}},"1656338390b5881065":{"type":"design_pack_-_simple_call_to_action-v2","blocks":{"16563383902ca2a4c8-0":{"type":"small_text","settings":{}},"16563383902ca2a4c8-1":{"type":"heading","settings":{"title":"Need a prescription?"}},"16563383902ca2a4c8-2":{"type":"text","settings":{"text":"<p>Renew your existing glasses or contacts prescription at home, or book a comprehensive eye exam to get a new one.<\/p>"}},"16563383902ca2a4c8-3":{"type":"buttons","settings":{"button_radius":0,"button_label_primary":"GET STARTED","link_primary":"","button_label_color_primary":"#283144","button_background_color_primary":"#f4f4f4","button_label_secondary":"","link_secondary":"","button_label_color_secondary":"#283144","button_background_color_secondary":"#fafafa"}}},"block_order":["16563383902ca2a4c8-0","16563383902ca2a4c8-1","16563383902ca2a4c8-2","16563383902ca2a4c8-3"],"settings":{"link":"","text_size":100,"text_alignment":"center","text_position":"center center","text_width":600,"text_color":"#f4f4f4","text_background_color":"","background_color":"#26334E","animation":"fade-in","max_width":"","inner_padding":40,"outer_margin":0,"custom_css":"","mobile_custom_css":"","override_theme_font":true,"heading_font":"josefin_sans_n6","main_font":"lato_n5"}},"main":{"type":"main-page","settings":{"full_width":false}}},"order":["main","1655847225dc2caace","1655900620b6e4a03e","165590065534d9dff5","1656784102dbbee01f","165584859697363f04","165678411412299325","165584842070ce5d8f","1655848696a7af4bab","1656338390b5881065"]}