{"sections":{"main":{"type":"main-page","settings":{"full_width":false}},"13868c15-d09e-4c1f-abfd-3631a244b31d":{"type":"product-list","disabled":true,"settings":{"title":"Product list","product_list":["buy-the-sculpture-of-ashoka-pillar-online","buy-the-replica-of-kanyakumari-thiruvalluvar-statue-and-sculpture-as-silaii-online","buy-the-bust-sculpture-of-arignar-anna","buy-the-action-figure-sculpture-of-rocky-bhai-from-kgf-universe"],"show_vendor":false,"enable_carousel":true,"grid":4,"full_width":true}},"6d01fc0c-2e9b-4475-9bcc-29b2cee8160f":{"type":"custom-liquid","settings":{"full_width":true,"code":"<div class=\"reputon-google-reviews-widget\" id=\"200b7480-c8b9-11ed-8f91-1bd2784aeded\" ><\/div>"}}},"order":["main","13868c15-d09e-4c1f-abfd-3631a244b31d","6d01fc0c-2e9b-4475-9bcc-29b2cee8160f"]}