{"sections":{"main":{"type":"main-page","settings":{"full_width":false}},"13868c15-d09e-4c1f-abfd-3631a244b31d":{"type":"product-list","settings":{"title":"BEST SELLERS","product_list":["buy-the-replica-of-kanyakumari-thiruvalluvar-statue-and-sculpture-as-silaii-online","buy-brihadeeswarar-temple-thanjai-periya-kovil-sculpture-online","buy-the-replica-of-mahabalipuram-shore-temple-as-sculpture-and-silaii-online","buy-5-inch-thiruvalluvar-sculpture-online","buy-the-sculpture-and-idol-of-shirdi-sai-baba-online-from-silaii","ashoka-pillar-sculpture-5-inches-2-feet"],"show_vendor":false,"enable_carousel":true,"grid":4,"full_width":true}},"94ad331e-c5d1-41cb-a08a-1889605eaac9":{"type":"image-with-text-overlay","disabled":true,"settings":{"image":"shopify:\/\/shop_images\/Grand_Opening_web_C1_1.jpg","mobile_image":"shopify:\/\/shop_images\/One_page_visit_1.jpg","height":"adapt","height_desktop":200,"height_mobile":460,"image_link":"https:\/\/www.google.com\/maps\/place\/26,+Besant+Ave+Rd,+Arunachalapuram,+Adyar,+Chennai,+Tamil+Nadu+600020\/@13.0074122,80.2596677,21z\/data=!4m6!3m5!1s0x3a5267ec01a0dfb7:0x7856122db8589c12!8m2!3d13.0074543!4d80.2598575!16s%2Fg%2F11hc_tdqcd","full_width":true,"text_alignment":"bottom center","mobile_overlay_under":false,"overlay_style":"no_background"}},"f42242ed-7a78-4bba-a464-f1b219c76379":{"type":"map","settings":{"full_width":true,"heading":"SILAII STORE - Adyar","address":"<p>1st Floor, No 60, RG Towers, Besant Avenue Road, Adyar, Chennai, Tamil Nadu 600020.<\/p><p><\/p><p>Shop Timings - 9am - 10pm<\/p><p>OPEN ALL WEEK<br\/><\/p>","button":"Directions","show_pin":true,"show_feature_image":false,"feature_image":"shopify:\/\/shop_images\/Screenshot_20230602-170329_Maps_Cropped.jpg","map_address":"SILAII","api_key":"","map_style":"default","background_image":"shopify:\/\/shop_images\/Screenshot_20230602-170329_Maps_Cropped.jpg"}}},"order":["main","13868c15-d09e-4c1f-abfd-3631a244b31d","94ad331e-c5d1-41cb-a08a-1889605eaac9","f42242ed-7a78-4bba-a464-f1b219c76379"]}