{"sections":{"main":{"type":"main-page","disabled":true,"settings":{"full_width":false}},"13868c15-d09e-4c1f-abfd-3631a244b31d":{"type":"product-list","disabled":true,"settings":{"title":"Product list","product_list":["buy-the-sculpture-of-ashoka-pillar-online","buy-the-replica-of-kanyakumari-thiruvalluvar-statue-and-sculpture-as-silaii-online","buy-the-bust-sculpture-of-arignar-anna","buy-the-action-figure-sculpture-of-rocky-bhai-from-kgf-universe"],"show_vendor":false,"enable_carousel":true,"grid":4,"full_width":true}},"1721048847aa7a4a7d":{"type":"apps","blocks":{"loox_reviews_loox_trust_badge_xKimct":{"type":"shopify:\/\/apps\/loox-reviews\/blocks\/loox-trust-badge\/5c3b337f-fd14-4df5-b1d6-80ec13e6e28e","settings":{"layout":"vertical","alignment":"center","scheme-type":"alternative","review-title":"reviews","rating-icon":true,"average-rating":true,"loox-branding":false,"review-count":true,"open-reviews":true,"show-border":true,"border-radius":8,"font-size":20,"background-color":"","secondary-background-color":"","text-color":"","rating-icon-color":"","border-color":""}},"loox_reviews_loox_agg_section_dTM4Nn":{"type":"shopify:\/\/apps\/loox-reviews\/blocks\/loox-agg-section\/5c3b337f-fd14-4df5-b1d6-80ec13e6e28e","settings":{"only_photos":false,"hide_thumbnails":false,"product_handle":"5-inch-mahabalipuram-shore-temple-sculpture","aggregated":false,"data-limit":4,"maxwidth":720,"is_sample":false}}},"block_order":["loox_reviews_loox_trust_badge_xKimct","loox_reviews_loox_agg_section_dTM4Nn"],"settings":{"full_width":false}}},"order":["main","13868c15-d09e-4c1f-abfd-3631a244b31d","1721048847aa7a4a7d"]}