{"sections":{"main":{"type":"main-page","disabled":true,"settings":{"full_width":false}},"13868c15-d09e-4c1f-abfd-3631a244b31d":{"type":"product-list","disabled":true,"settings":{"title":"Product list","product_list":["buy-the-sculpture-of-ashoka-pillar-online","buy-the-replica-of-kanyakumari-thiruvalluvar-statue-and-sculpture-as-silaii-online","buy-the-bust-sculpture-of-arignar-anna","buy-the-action-figure-sculpture-of-rocky-bhai-from-kgf-universe"],"show_vendor":false,"enable_carousel":true,"grid":4,"full_width":true}},"rich_text_qUaiEf":{"type":"rich-text","blocks":{"heading_ha8HyX":{"type":"heading","settings":{"title":"Refer Your Family & Friends","use_h1":true}}},"block_order":["heading_ha8HyX"],"settings":{"height":"medium","text_alignment":"center","full_width":false}},"1721048212dbc6854e":{"type":"apps","blocks":{"loox_reviews_loox_referrals_section_r6wQBy":{"type":"shopify:\/\/apps\/loox-reviews\/blocks\/loox-referrals-section\/5c3b337f-fd14-4df5-b1d6-80ec13e6e28e","settings":{"max_width":1100,"layout":"with-photo","primary_color":"","text_color":"#000000","text_field_border_color":"#C9CDD4","background":""}}},"block_order":["loox_reviews_loox_referrals_section_r6wQBy"],"settings":{"full_width":false}}},"order":["main","13868c15-d09e-4c1f-abfd-3631a244b31d","rich_text_qUaiEf","1721048212dbc6854e"]}