{"sections":{"1633037671d27a2209":{"type":"design_pack_-_countdown_timer_with_parallax-v2","blocks":{"29785d7b-2a2d-4304-88ff-cab6a72ad680":{"type":"heading","settings":{"title":"Our Black Friday Sale is on NOW","heading_level":"h2"}},"3ee119ce-03aa-4a89-be32-c704e0ace259":{"type":"text","settings":{"text":"<p>These incredible deals are only available for a limited time.<br\/>Get up to <em>50% off all collections<\/em> until this Friday.<\/p>"}},"5d3f600f-cf26-4b7f-a4c4-6eede744a88d":{"type":"countdown_timer","settings":{"timezone":"-05:00 ~ (GMT-05:00) Eastern Time (US & Canada)","start_month":"January","start_day":1,"start_year":"2021","start_time":"23:30:00","end_month":"December","end_day":1,"end_year":"2024","end_time":"23:30:00"}}},"block_order":["29785d7b-2a2d-4304-88ff-cab6a72ad680","3ee119ce-03aa-4a89-be32-c704e0ace259","5d3f600f-cf26-4b7f-a4c4-6eede744a88d"],"settings":{"hide_timer":false,"text_size":100,"text_color":"#ffffff","button_label_color":"#685858","button_background_color":"#ffffff","button_radius":0,"border_color":"rgba(0,0,0,0)","background_color":"#304051","show_background_image":true,"enable_parallax":true,"base_width":90,"max_width":"800","inner_padding":40,"outer_margin":0,"custom_css":"","mobile_custom_css":"","override_theme_font":true,"heading_font":"futura_n7","main_font":"futura_n3"}},"1633037676b0fb0842":{"type":"design_pack_-_featured-collection_-_lifestyle","blocks":{"b987cdfd-430d-4514-a96c-0aa8f634ef11":{"type":"image","settings":{"focal_point":"center center","row_start":1,"row_height":2,"col_start":2,"col_width":1,"mobile_row_start":2,"mobile_row_height":2,"title":"Once a year Sale!!!","text":"","link":"","text_position":"center center","text_color":"#ffffff","text_background_color":"#304051"}}},"block_order":["b987cdfd-430d-4514-a96c-0aa8f634ef11"],"settings":{"collection":"sneakers","image_crop":"4:3","show_product_title":false,"show_product_price":false,"show_product_info_hover":false,"show_product_variants":true,"show_product_options":false,"show_product_label":true,"text_size":105,"text_color":"#3a3a3a","background_color":"#ffffff","base_width":95,"max_width":"1000","inner_padding":40,"custom_css":"","mobile_custom_css":"","override_theme_font":true,"heading_font":"futura_n7","main_font":"futura_n4"}},"16330390378bc87a4e":{"type":"design_pack_-_image_with_text_overlap-v2","blocks":{"template--14247657373798__e8cc668f-516b-4613-b4ab-4f88bce9084e-1671215482497c2b04-2":{"type":"heading","settings":{"title":"Find your perfect fit.","block_heading_color":"","block_heading_size":"","heading_level":"h2"}},"055e7688-6242-4d88-b06c-bc6949e34f20":{"type":"text","settings":{"text":"<p>This is your main area to add in your keywords and get people excited about your product. Why should they choose you?<\/p>"}},"0c0ba4f4-fc01-4de2-84a7-b6f8d2c5da56":{"type":"buttons","settings":{"button_radius":50,"button_label_primary":"Learn more","link_primary":"","external_link_primary":false,"button_label_color_primary":"#fafafa","button_background_color_primary":"#e22120","button_label_secondary":"","link_secondary":"","external_link_secondary":false,"button_label_color_secondary":"#FFFFFF","button_background_color_secondary":"#121212"}}},"block_order":["template--14247657373798__e8cc668f-516b-4613-b4ab-4f88bce9084e-1671215482497c2b04-2","055e7688-6242-4d88-b06c-bc6949e34f20","0c0ba4f4-fc01-4de2-84a7-b6f8d2c5da56"],"settings":{"image_position":"left","text_alignment":"left","text_size":115,"text_color":"#283144","text_background_color":"#fafafa","background_color":"#eeeff1","animation":"fade-in-left","base_width":80,"max_width":"","inner_padding":60,"outer_margin":0,"custom_css":"","mobile_custom_css":"","override_theme_font":true,"heading_font":"futura_n7","main_font":"futura_n3"}},"1633031181e3561e9a":{"type":"design_pack_-_logo_list","blocks":{"1633031181e3561e9a-0":{"type":"logo","settings":{"scale":1,"title":"","link":"","external_link":false}},"1204fe19-8454-4f06-8b45-324a7021f421":{"type":"logo","settings":{"scale":1.2,"title":"","link":"","external_link":false}},"1633031181e3561e9a-2":{"type":"logo","settings":{"scale":1.1,"title":"","link":"","external_link":false}},"1633031181e3561e9a-3":{"type":"logo","settings":{"scale":1,"title":"","link":"","external_link":false}},"26efb141-cda0-4585-8e78-bc6b534e7cba":{"type":"logo","settings":{"scale":1.3,"title":"","link":"","external_link":false}}},"block_order":["1633031181e3561e9a-0","1204fe19-8454-4f06-8b45-324a7021f421","1633031181e3561e9a-2","1633031181e3561e9a-3","26efb141-cda0-4585-8e78-bc6b534e7cba"],"settings":{"title":"Brands","per_row":3,"logo_size":70,"text_size":120,"heading_color":"#304051","text_color":"#304051","background_color":"#ffffff","color_filter":"grayscale","animation":"fade-in","mobile_per_row":2,"base_width":85,"max_width":"1000px","inner_padding":60,"outer_margin":0,"custom_css":"h2 {\nletter-spacing: 1.4px;\n}","mobile_custom_css":"","override_theme_font":true,"heading_font":"futura_n7","main_font":"futura_n3"}},"1633031209268b470f":{"type":"design_pack_-_newsletter_with_text","settings":{"heading":"Be the first to know.","text":"<p>Keep up to date with our pop up events and special offers.<\/p>","text_alignment":"center","form_text":"Sign up for newsletter","show_first_name":false,"show_last_name":false,"form_position":"right","text_size":115,"text_color":"#ffffff","button_label_color":"#304051","button_background_color":"#ffffff","button_radius":50,"background_color":"#304051","animation":"fade-in","show_background_image":false,"enable_parallax":false,"base_width":90,"max_width":"","inner_padding":40,"outer_margin":0,"custom_css":"h2 {\nletter-spacing: 1.4px;\n}","mobile_custom_css":"","override_theme_font":true,"heading_font":"futura_n7","main_font":"futura_n3"}},"main":{"type":"main-page","settings":{"full_width":false}}},"order":["main","1633037671d27a2209","1633037676b0fb0842","16330390378bc87a4e","1633031181e3561e9a","1633031209268b470f"]}