{"sections":{"main":{"type":"main-page","settings":{"full_width":false}},"1659098366895b4e26":{"type":"custom-row","blocks":{"16590983663c9b25b0-0":{"type":"image","settings":{"width":"full","image":"shopify:\/\/shop_images\/All_Products_Buddha_Periyar_Ambedkar_001.jpg","image_position":"center center","height":"adapt","height_desktop":600,"height_mobile":500,"subheading":"","title":"","text":"","enlarge_text":false,"button_label":"","image_link":"","text_alignment":"center center","mobile_overlay_under":false,"overlay_style":"shadow"}},"16590983663c9b25b0-1":{"type":"text","settings":{"width":"full","subheading":"","title":"Customer inquiries and honest feedback is the lifeblood of our business. Tell us what’s on your mind or how we may help you?","text":"<p>However, if you prefer to speak over the phone immediately, please feel free to call\/text\/WhatsApp on: <strong>+91 98846 88804 <\/strong>or fill out the form<br\/> and we will get in touch with you.<\/p><p><\/p><p><strong>Meetings are strictly by appointment only.<\/strong><br\/>To schedule an appointment you can call us on <strong>+91 98846 88804<\/strong> and pick your Slot.<\/p><p><strong>Phone Number: +91 98846 88804<\/strong><\/p><p><strong>Mail ID: <\/strong>contact@silaii.com<\/p><p><\/p><p><\/p>","button_label":"","button_link":"","button_style":"primary","text_alignment":"center"}}},"block_order":["16590983663c9b25b0-0","16590983663c9b25b0-1"],"settings":{"alignment":"middle"}},"1659099018f0d63bc1":{"type":"design_pack_-_simple_call_to_action-v2","blocks":{"1659099018fdf8492d-0":{"type":"small_text","settings":{"small_text":"<p>New arrivals<\/p>"}},"1659099018fdf8492d-1":{"type":"heading","settings":{"title":"Meetings are strictly by appointment only. To schedule an appointment you can call us on +91 98846 88804 and pick your Slot.","heading_level":"h2"}},"1659099018fdf8492d-2":{"type":"text","settings":{"text":"<p>However, if you prefer to speak over the phone immediately, please feel free to call\/text\/WhatsApp on: <\/p><p><strong>+91 98846 88804 <\/strong><\/p><p>or fill out the form and we will get in touch with you.<\/p>"}},"1659099018fdf8492d-3":{"type":"buttons","settings":{"button_radius":0,"button_label_primary":"Mail ID: contact@silaii.com","link_primary":"","external_link_primary":false,"button_label_color_primary":"#ffffff","button_background_color_primary":"rgba(0,0,0,0)","button_label_secondary":"","link_secondary":"","external_link_secondary":false,"button_label_color_secondary":"#283144","button_background_color_secondary":"#fafafa"}}},"block_order":["1659099018fdf8492d-0","1659099018fdf8492d-1","1659099018fdf8492d-2","1659099018fdf8492d-3"],"disabled":true,"settings":{"link":"","text_size":85,"text_alignment":"center","text_position":"center center","text_width":820,"text_color":"#ffffff","text_background_color":"linear-gradient(320deg, rgba(43, 43, 43, 0.5) 100%, rgba(255, 201, 104, 1) 100%)","background_color":"linear-gradient(180deg, rgba(255, 169, 49, 1), rgba(207, 115, 25, 1) 100%)","animation":"fade-in","max_width":"","inner_padding":40,"outer_margin":0,"custom_css":"","mobile_custom_css":"","override_theme_font":false,"heading_font":"serif","main_font":"sans-serif"}},"1659098332cfaacf4b":{"type":"contact-form","blocks":{"1659098332471b8026-0":{"type":"name_input","settings":{"half_width":true}},"1659098332471b8026-1":{"type":"email_input","settings":{"half_width":true}},"23dfc418-e6ae-4d47-804e-2239daa41e27":{"type":"phone_input","settings":{"required":false,"half_width":false}},"1659098332471b8026-2":{"type":"message_input","settings":{"half_width":false}}},"block_order":["1659098332471b8026-0","1659098332471b8026-1","23dfc418-e6ae-4d47-804e-2239daa41e27","1659098332471b8026-2"],"settings":{"contact_title":"Contact us","contact_text":""}},"165909871673e18913":{"type":"map","settings":{"full_width":true,"heading":"SILAII Corporate Office","address":"<p>No 39B, Heritage Apartment, S2, 2nd Floor, <\/p><p>1st Main Rd, Ram Nagar South, <\/p><p>Pallikaranai, <\/p><p>Chennai, Tamil Nadu 600 100<\/p><p><\/p>","button":"Directions","show_pin":true,"show_feature_image":false,"map_address":"https:\/\/goo.gl\/maps\/6cePERh9VNRqrQJA8","api_key":"","map_style":"silver"}}},"order":["main","1659098366895b4e26","1659099018f0d63bc1","1659098332cfaacf4b","165909871673e18913"]}