{"sections":{"main":{"type":"main-contact","blocks":{"name":{"type":"name_input","settings":{"half_width":true}},"email":{"type":"email_input","settings":{"half_width":true}},"message":{"type":"message_input","settings":{"half_width":false}}},"block_order":["name","email","message"],"disabled":true,"settings":{"show_page_title":true,"use_columns":true,"contact_title":"","contact_text":""}},"1659098366895b4e26":{"type":"custom-row","blocks":{"16590983663c9b25b0-0":{"type":"image","settings":{"width":"full","image":"shopify:\/\/shop_images\/All_Products_Buddha_Periyar_Ambedkar_001.jpg","image_position":"center center","height":"adapt","height_desktop":600,"height_mobile":500,"subheading":"","title":"","text":"","enlarge_text":false,"button_label":"","image_link":"","text_alignment":"center center","mobile_overlay_under":false,"overlay_style":"shadow"}}},"block_order":["16590983663c9b25b0-0"],"disabled":true,"settings":{"alignment":"middle"}},"rich_text_YxFGdG":{"type":"rich-text","blocks":{"heading_CgPjEL":{"type":"heading","settings":{"title":"Contact us","use_h1":false}},"text_X6mijz":{"type":"text","settings":{"text":"<h2><\/h2><h4>We would be happy to assist you with any information you may need<\/h4>","enlarge_text":true}}},"block_order":["heading_CgPjEL","text_X6mijz"],"settings":{"height":"medium","text_alignment":"center","full_width":true,"color_scheme":"default"}},"multi_column_Q9Atfp":{"type":"multi-column","blocks":{"text_block_z3E9n3":{"type":"text_block","settings":{"enable_media":true,"image":"shopify:\/\/shop_images\/support.png","title":"+91 98846 88804","text":"<p>CUSTOMER SUPPORT<\/p>","button_label":"CALL NOW","link":"tel: 9884688804"}},"text_block_JyVBny":{"type":"text_block","settings":{"enable_media":true,"image":"shopify:\/\/shop_images\/whatsapp-1.png","title":"9:00am to 7:00pm","text":"<p>MONDAY - SATURDAY<\/p>","button_label":"CHAT NOW","link":"https:\/\/wa.me\/9087588801"}},"text_block_matTXQ":{"type":"text_block","settings":{"enable_media":true,"image":"shopify:\/\/shop_images\/instagram.png","title":"LATEST UPDATES","text":"<p>EXCLUSIVE SALE PROMOTIONS<\/p>","button_label":"FOLLOW US","link":"https:\/\/www.instagram.com\/silai.i\/"}},"text_block_phDjtP":{"type":"text_block","settings":{"enable_media":true,"image":"shopify:\/\/shop_images\/gmail.png","title":"REACH OUT TO US","text":"<p>FOR ANY ASSITANCE<\/p>","button_label":"EMAIL TO US","link":"mailto:contact@silaii.com"}}},"block_order":["text_block_z3E9n3","text_block_JyVBny","text_block_matTXQ","text_block_phDjtP"],"settings":{"title":"","media_aspect_ratio":"s","media_width":60,"text_alignment":"center","button_style":"primary","color_scheme":"default"}},"rich_text_PwbAYV":{"type":"rich-text","blocks":{"text_aj88Ra":{"type":"text","settings":{"text":"<p>KIND NOTE : Despite our best efforts, response times may be delayed during periods of high volume. Our team is committed to enhancing our service, and we sincerely appreciate your patience during these times.<\/p>","enlarge_text":false}}},"block_order":["text_aj88Ra"],"settings":{"height":"small","text_alignment":"center","full_width":true,"color_scheme":"1"}},"17f48385-102f-4c60-8eea-d7ddfdfe2b06":{"type":"design_pack_-_marquee_-_multitext","blocks":{"template--14770511839317__17f48385-102f-4c60-8eea-d7ddfdfe2b06-1686831693a51231a0-0":{"type":"content","settings":{"image":"shopify:\/\/shop_images\/4DOTS.png","text":"SILAII STORE NOW @ ADYAR"}},"template--14770511839317__17f48385-102f-4c60-8eea-d7ddfdfe2b06-1686831693a51231a0-1":{"type":"content","settings":{"text":""}}},"block_order":["template--14770511839317__17f48385-102f-4c60-8eea-d7ddfdfe2b06-1686831693a51231a0-0","template--14770511839317__17f48385-102f-4c60-8eea-d7ddfdfe2b06-1686831693a51231a0-1"],"disabled":true,"settings":{"speed":10,"reverse_scrolling":false,"scrolling_pause":false,"image_size":"large","text_size":100,"text_color":"#050505","background_color":"","fade_edges":false,"inner_padding":20,"outer_margin":0,"custom_css":"","mobile_custom_css":"","anchor_id":"","override_theme_font":false,"main_font":"system_ui_n4"}},"f5424c1b-0326-4bad-bcc1-9c3e3bae34d3":{"type":"design_pack_-_image_with_text","blocks":{"template--14770511839317__f5424c1b-0326-4bad-bcc1-9c3e3bae34d3-1683800342e31c0d01-0":{"type":"inset_image","settings":{"inset_image":"shopify:\/\/shop_images\/Silaii_Logo_Brown_4DOTS.png","inset_image_size":50}},"template--14770511839317__f5424c1b-0326-4bad-bcc1-9c3e3bae34d3-1683800342e31c0d01-1":{"type":"small_text","settings":{"small_text":""}},"template--14770511839317__f5424c1b-0326-4bad-bcc1-9c3e3bae34d3-1683800342e31c0d01-2":{"type":"heading","settings":{"title":"Customer inquiries and honest feedback is the lifeblood of our business."}},"template--14770511839317__f5424c1b-0326-4bad-bcc1-9c3e3bae34d3-1683800342e31c0d01-3":{"type":"text","settings":{"text":"<h5><strong>Tell us what’s on your mind or how we may help you?<\/strong><\/h5><p><\/p><p>However, if you prefer to speak over the phone immediately, please feel free to call\/text\/WhatsApp on: <strong>+91 98846 88804 <\/strong>or fill out the form<br\/> and we will get in touch with you.<\/p><p><\/p><p><strong>Meetings are strictly by appointment only.<\/strong><br\/>To schedule an appointment you can call us on <strong>+91 98846 88804<\/strong> and pick your Slot.<\/p><p><strong>Phone Number: +91 98846 88804<\/strong><\/p><p><strong>Mail ID: <\/strong>contact@silaii.com<\/p>"}}},"block_order":["template--14770511839317__f5424c1b-0326-4bad-bcc1-9c3e3bae34d3-1683800342e31c0d01-0","template--14770511839317__f5424c1b-0326-4bad-bcc1-9c3e3bae34d3-1683800342e31c0d01-1","template--14770511839317__f5424c1b-0326-4bad-bcc1-9c3e3bae34d3-1683800342e31c0d01-2","template--14770511839317__f5424c1b-0326-4bad-bcc1-9c3e3bae34d3-1683800342e31c0d01-3"],"disabled":true,"settings":{"image":"shopify:\/\/shop_images\/Silaii_Store_4X5_1_defaba93-dd3f-4c3f-a5f7-86d9255e136e.jpg","image_crop":"none","focal_point":"center center","image_position":"left","text_alignment":"left","text_size":100,"text_color":"#283144","text_background_color":"linear-gradient(0deg, rgba(255, 255, 255, 1), rgba(255, 255, 255, 1) 100%)","background_color":"","animation":"fade-in","base_width":100,"max_width":"","inner_padding":60,"outer_margin":0,"custom_css":"","mobile_custom_css":"","override_theme_font":false,"heading_font":"serif","main_font":"system_ui_n4"}},"image_with_text_Bmrbnf":{"type":"image-with-text","blocks":{"heading_CUm9Jp":{"type":"heading","settings":{"title":"SILAII FLAGSHIP STORE | ADYAR CHENNAI |","use_h1":false}},"text_wX9MML":{"type":"text","settings":{"text":"<p>1st Floor, No 60, RG Towers, Besant Ave Rd, Arunachalapuram, Adyar, Chennai, Tamil Nadu 600020 <br\/>+91 98849 88803<\/p>","enlarge_text":false}}},"block_order":["heading_CUm9Jp","text_wX9MML"],"name":"Image with text","settings":{"image":"shopify:\/\/shop_images\/Store_Image1.jpg","image_width":700,"image_link":"","image_position":"left","text_alignment":"left","color_scheme":"default"}},"image_with_text_Tf9Rz7":{"type":"image-with-text","blocks":{"heading_frnCwP":{"type":"heading","settings":{"title":"SILAII STORE COIMBATORE","use_h1":false}},"text_h47twY":{"type":"text","settings":{"text":"<p>1108, Mettupalayam Road, <br\/> Vadakovai, Coimbatore - 641002<br\/> +91 98846 88830<\/p>","enlarge_text":false}}},"block_order":["heading_frnCwP","text_h47twY"],"name":"Image with text","settings":{"image":"shopify:\/\/shop_images\/silaii_store_ai.png","image_width":700,"image_link":"","image_position":"right","text_alignment":"left","color_scheme":"default"}},"rich_text_CC3Jha":{"type":"rich-text","blocks":{"heading_N3txh7":{"type":"heading","settings":{"title":"SILAII FLAGSHIP STORE | ADYAR CHENNAI | +91 98849 88803","use_h1":false}}},"block_order":["heading_N3txh7"],"disabled":true,"settings":{"height":"small","text_alignment":"center","full_width":true,"color_scheme":"default"}},"slideshow_CfghpE":{"type":"slideshow","blocks":{"image_NhgamQ":{"type":"image","settings":{"image":"shopify:\/\/shop_images\/Store_Image1.jpg","mobile_image":"shopify:\/\/shop_images\/Store_Image1.jpg","slide_link":"","subheading":"","title":"","heading_max_width":15,"title_size":84,"title_size_mobile":46,"use_h1":false,"text":"","enlarge_text":true,"button_label_1":"","button_url_1":"","button_label_2":"","button_url_2":"","text_alignment":"center center"}}},"block_order":["image_NhgamQ"],"disabled":true,"settings":{"height":"adapt","height_desktop":700,"height_mobile":460,"full_width":false,"mobile_overlay_under":false,"overlay_style":"no_background","transition":"fade","navigation":"arrows","autoplay":true,"autoplay_speed":7,"accessibility_info":""}},"1687246615b4a32822":{"type":"apps","blocks":{"a0965201-1074-418d-8709-f120d1d47177":{"type":"shopify:\/\/apps\/s-store-locator\/blocks\/storeify-storelocator\/e7003487-cc51-4321-9488-2c47c07a5b17","settings":{}}},"block_order":["a0965201-1074-418d-8709-f120d1d47177"],"settings":{"full_width":false,"show_space":true}},"1659098332cfaacf4b":{"type":"contact-form","blocks":{"1659098332471b8026-0":{"type":"name_input","settings":{"half_width":true}},"1659098332471b8026-1":{"type":"email_input","settings":{"half_width":true}},"23dfc418-e6ae-4d47-804e-2239daa41e27":{"type":"phone_input","settings":{"required":false,"half_width":false}},"1659098332471b8026-2":{"type":"message_input","settings":{"half_width":false}}},"block_order":["1659098332471b8026-0","1659098332471b8026-1","23dfc418-e6ae-4d47-804e-2239daa41e27","1659098332471b8026-2"],"settings":{"contact_title":"FOR ANY ASSISTANCE","contact_text":"<p>FEEL FREE TO DROP US AN EMAIL<\/p>","color_scheme":"default"}},"165909871673e18913":{"type":"map","disabled":true,"settings":{"full_width":true,"color_scheme":"1","heading":"SILAII STORE","address":"<p>No.60, 1st floor, RG towers, <\/p><p>Besant Avenue Road , <\/p><p>Adyar<\/p><p>Chennai-600020<\/p><p><strong>Hours:<br\/><\/strong>Monday - Sunday 9:00 am. – 10:00 pm.<\/p><p><strong>Phone:<\/strong><br\/>+91 98846 88804<br\/><\/p>","button":"Direction to store","show_pin":true,"show_feature_image":false,"feature_image":"shopify:\/\/shop_images\/Logo_for_bill.png","map_address":"Silaii Store adyar","api_key":"","map_type":"embed","map_style":"silver","background_image":"shopify:\/\/shop_images\/Screenshot_2023-05-11_at_3.39.37_PM.jpg"}},"design_pack_divider_simple_9cMgGE":{"type":"design_pack_-_divider-simple","disabled":true,"settings":{"alignment":"center","base_width":100,"thickness":1,"style":"solid","divider_color":"#cfcfcf","background_color":"","outer_margin_top":40,"outer_margin_bottom":40,"outer_padding_top":40,"outer_padding_bottom":40,"custom_css":"","mobile_custom_css":"","anchor_id":"","custom_classes":""}},"1f0a57bb-3053-4fe6-b91a-2d2393e4800f":{"type":"custom-row","blocks":{"template--14770511839317__1f0a57bb-3053-4fe6-b91a-2d2393e4800f-1686809329ecdaa3b0-1":{"type":"text","settings":{"width":"full","subheading":"","title":"ARTEPRENEUR","text":"<p>AUTHORIZED DISTRIBUTORS OF SILAII<\/p>","button_label":"","button_link":"","button_style":"primary","text_alignment":"center"}},"1ce74bd7-8f45-491a-a201-7b7627db8803":{"type":"text","settings":{"width":"half","subheading":"","title":"TIRUPATHUR","text":"<p><strong>THE TOKEN COMPANY <\/strong><\/p><p>+91 6369638870<\/p>","button_label":"","button_link":"","button_style":"primary","text_alignment":"center"}},"96a74a15-c882-4aca-ae91-dce533ba370a":{"type":"text","settings":{"width":"half","subheading":"","title":"MADURAI","text":"<p><strong>KIYO DEZIGNS<\/strong><\/p><p>+91 8682820452<\/p>","button_label":"","button_link":"","button_style":"primary","text_alignment":"center"}}},"block_order":["template--14770511839317__1f0a57bb-3053-4fe6-b91a-2d2393e4800f-1686809329ecdaa3b0-1","1ce74bd7-8f45-491a-a201-7b7627db8803","96a74a15-c882-4aca-ae91-dce533ba370a"],"disabled":true,"settings":{"alignment":"middle"}},"c3afd656-4d2b-4a65-98c8-d50c6727bfed":{"type":"design_pack_-_divider-simple","disabled":true,"settings":{"alignment":"center","base_width":100,"thickness":1,"style":"solid","divider_color":"#cfcfcf","background_color":"","outer_margin_top":15,"outer_margin_bottom":15,"outer_padding_top":15,"outer_padding_bottom":40,"custom_css":"","mobile_custom_css":"","anchor_id":"","custom_classes":""}}},"order":["main","1659098366895b4e26","rich_text_YxFGdG","multi_column_Q9Atfp","rich_text_PwbAYV","17f48385-102f-4c60-8eea-d7ddfdfe2b06","f5424c1b-0326-4bad-bcc1-9c3e3bae34d3","image_with_text_Bmrbnf","image_with_text_Tf9Rz7","rich_text_CC3Jha","slideshow_CfghpE","1687246615b4a32822","1659098332cfaacf4b","165909871673e18913","design_pack_divider_simple_9cMgGE","1f0a57bb-3053-4fe6-b91a-2d2393e4800f","c3afd656-4d2b-4a65-98c8-d50c6727bfed"]}