{"sections":{"main":{"type":"main-page","disabled":true,"settings":{"show_page_title":true,"full_width":false}},"background_video_nNKiMa":{"type":"background-video","settings":{"video_shopify":"shopify:\/\/files\/videos\/Product_Gif_Video_Banner.mp4","video_external":"https:\/\/www.youtube.com\/watch?v=_9VUPq3SxOc","video_description":"","text_alignment":"bottom center","height_desktop":720,"height_mobile":200,"full_width":true,"overlay_style":"no_background"}},"design_pack_image_with_text_overlap_v2_xkGeQT":{"type":"design_pack_-_image_with_text_overlap-v2","blocks":{"heading_jkihkR":{"type":"heading","settings":{"title":"44th Chess Olympiad","block_heading_color":"","block_heading_size":"","heading_level":"h2"}},"text_D93WLf":{"type":"text","settings":{"text":"<p><strong>CM Thiru M.K. Stalin presented PM Shri Narendra Modi<\/strong> a fine-crafted replica of the Mahabalipuram Shore Temple.<\/p>"}}},"block_order":["heading_jkihkR","text_D93WLf"],"settings":{"image":"shopify:\/\/shop_images\/CM_PM_1_copy_2.jpg","image_crop":"none","image_position":"right","text_alignment":"left","text_size":115,"text_color":"#283144","text_background_color":"linear-gradient(0deg, rgba(255, 255, 255, 1), rgba(255, 255, 255, 1) 100%)","background_color":"","animation":"none","base_width":80,"max_width":"","inner_padding":60,"outer_margin":0,"custom_css":"","mobile_custom_css":"","override_theme_font":false,"heading_font":"serif","main_font":"system_ui_n4"}},"background_video_pJUjQR":{"type":"background-video","settings":{"video_shopify":"shopify:\/\/files\/videos\/Mahabs_Souvenir 9 Sec.mp4","video_external":"https:\/\/www.youtube.com\/watch?v=_9VUPq3SxOc","video_description":"","text_alignment":"bottom center","height_desktop":720,"height_mobile":500,"full_width":true,"overlay_style":"shadow"}},"design_pack_gallery_thumbnails_fmYijb":{"type":"design_pack_-_gallery_-_thumbnails","blocks":{"gallery_image_qmpCc7":{"type":"gallery_image","settings":{"gallery_image":"shopify:\/\/shop_images\/01-P_1.jpg"}},"gallery_image_xz9YFg":{"type":"gallery_image","settings":{"gallery_image":"shopify:\/\/shop_images\/03-P_1.jpg"}},"gallery_image_acn4hr":{"type":"gallery_image","settings":{"gallery_image":"shopify:\/\/shop_images\/07-P_1.jpg"}},"gallery_image_NiC9YX":{"type":"gallery_image","settings":{"gallery_image":"shopify:\/\/shop_images\/12-P_1.jpg"}},"heading_Ctm6bH":{"type":"heading","settings":{"title":"30 Feet - State Animal of Tamil Nadu"}},"text_iJEA9x":{"type":"text","settings":{"text":"<p>The Nilgiri Tahr, Standing tall in front of the Tamil Nadu Secretariat, reflecting how the Nilgiri Tahr thrives across the highest altitudes and embodies the enduring spirit of our land. <\/p><p>It’s a symbol of resilience.With exceptional detailing, texture, and craftsmanship, You can even see the coarse fur detailing that brings the sculpture to life.<br\/><br\/><\/p>"}}},"block_order":["gallery_image_qmpCc7","gallery_image_xz9YFg","gallery_image_acn4hr","gallery_image_NiC9YX","heading_Ctm6bH","text_iJEA9x"],"settings":{"image_crop":"none","grid_number":2,"mobile_grid_number":"2","text_size":90,"text_alignment":"left","text_color":"#283144","text_background_color":"","background_color":"","animation":"none","base_width":60,"max_width":"","inner_padding":60,"outer_margin":0,"custom_css":"","mobile_custom_css":"","anchor_id":"","override_theme_font":false,"heading_font":"serif","main_font":"system_ui_n4"}},"design_pack_image_with_text_overlap_v2_EhFAmr":{"type":"design_pack_-_image_with_text_overlap-v2","blocks":{"text_Pddctd":{"type":"text","settings":{"text":"<p>Unveiled by <strong>Chief Minister Thiru MK Stalin<\/strong> at Egmore Museum for the 75th Independence Day celebrations.<\/p>"}}},"block_order":["text_Pddctd"],"settings":{"image":"shopify:\/\/shop_images\/Gandhi_CM_1.jpg","image_crop":"none","image_position":"left","text_alignment":"left","text_size":115,"text_color":"#283144","text_background_color":"linear-gradient(0deg, rgba(255, 255, 255, 1), rgba(255, 255, 255, 1) 100%)","background_color":"","animation":"none","base_width":80,"max_width":"","inner_padding":60,"outer_margin":0,"custom_css":"","mobile_custom_css":"","override_theme_font":false,"heading_font":"serif","main_font":"system_ui_n4"}},"design_pack_gallery_thumbnails_bT9wXU":{"type":"design_pack_-_gallery_-_thumbnails","blocks":{"gallery_image_adgAwT":{"type":"gallery_image","settings":{"gallery_image":"shopify:\/\/shop_images\/vlcsnap-2024-07-12-22h35m52s018.png"}},"gallery_image_ynDb8J":{"type":"gallery_image","settings":{"gallery_image":"shopify:\/\/shop_images\/vlcsnap-2024-07-12-22h36m59s416.png"}},"gallery_image_YU6Xk4":{"type":"gallery_image","settings":{"gallery_image":"shopify:\/\/shop_images\/vlcsnap-2024-07-12-22h37m17s273.png"}},"gallery_image_mHz8X9":{"type":"gallery_image","settings":{"gallery_image":"shopify:\/\/shop_images\/vlcsnap-2024-07-12-22h37m39s412.png"}},"heading_UCVFPw":{"type":"heading","settings":{"title":"Making of A Metal Magnificent"}},"text_MzQUCe":{"type":"text","settings":{"text":"<p>Creating bronze metal sculptures involves detailed steps to ensure both aesthetic beauty and durability. Beginning with sketches and models, the process results in stunning sculptures that withstand diverse climatic conditions.<\/p>"}}},"block_order":["gallery_image_adgAwT","gallery_image_ynDb8J","gallery_image_YU6Xk4","gallery_image_mHz8X9","heading_UCVFPw","text_MzQUCe"],"settings":{"image_crop":"none","grid_number":2,"mobile_grid_number":"2","text_size":90,"text_alignment":"left","text_color":"#283144","text_background_color":"","background_color":"","animation":"none","base_width":60,"max_width":"","inner_padding":60,"outer_margin":0,"custom_css":"","mobile_custom_css":"","anchor_id":"","override_theme_font":false,"heading_font":"serif","main_font":"system_ui_n4"}},"background_video_AwnFXE":{"type":"background-video","settings":{"video_shopify":"shopify:\/\/files\/videos\/Tun Samy Web.mp4","video_external":"https:\/\/www.youtube.com\/watch?v=_9VUPq3SxOc","video_description":"","text_alignment":"center center","height_desktop":720,"height_mobile":500,"full_width":true,"overlay_style":"shadow"}},"rich_text_hmAwfX":{"type":"rich-text","blocks":{"text_8R76f7":{"type":"text","settings":{"text":"<p>12-feet metal sculpture of Tun Samy Vellu. This marks the second full-figure statue in Malaysia. Our team worked tirelessly, carefully crafting and shipping this masterpiece from India to Malaysia.<\/p>","enlarge_text":true}}},"block_order":["text_8R76f7"],"settings":{"height":"medium","text_alignment":"center","full_width":false,"color_scheme":"default"}},"image_with_text_p6kLDH":{"type":"image-with-text","settings":{"image":"shopify:\/\/shop_images\/BGS_4_1.jpg","image_2":"shopify:\/\/shop_images\/BGS_2_1.jpg","image_width":700,"image_link":"","image_position":"left","text_alignment":"left","color_scheme":"default"}},"design_pack_divider_simple_7jDWVf":{"type":"design_pack_-_divider-simple","settings":{"alignment":"center","base_width":30,"thickness":1,"style":"double","divider_color":"#ffffff","background_color":"","outer_margin_top":20,"outer_margin_bottom":0,"outer_padding_top":5,"outer_padding_bottom":25,"custom_css":"","mobile_custom_css":"","anchor_id":"","custom_classes":""}},"design_pack_slideshow_kJK4ta":{"type":"design_pack_-_slideshow","blocks":{"slide_gWyaEx":{"type":"slide","settings":{"background_image":"shopify:\/\/shop_images\/Hw_2_1.jpg","mobile_background_image":"shopify:\/\/shop_images\/ATS8374-1_copy_1.jpg","preheading":"","title":"Public Interactive Installations","text":"","button_label":"","link":"","text_alignment":"center","text_position":"center bottom","text_width":500,"text_color":"#ffffff","text_background_color":"","button_label_color":"#ffffff","button_background_color":"#283144","background_color":"radial-gradient(rgba(0, 0, 0, 0) 100%, rgba(0, 0, 0, 0.4) 100%)"}},"slide_9qY3H4":{"type":"slide","settings":{"background_image":"shopify:\/\/shop_images\/hw_3_1.jpg","mobile_background_image":"shopify:\/\/shop_images\/ATS8274-1_copy_1_49e687ce-5b89-4d5f-a3a8-488db60e6775.jpg","preheading":"","title":"Health Walk Initiative","text":"<p>By Government of Tamil Nadu<\/p>","button_label":"","link":"","text_alignment":"center","text_position":"center bottom","text_width":600,"text_color":"#ffffff","text_background_color":"","button_label_color":"#ffffff","button_background_color":"#050505","background_color":"radial-gradient(rgba(5, 5, 5, 0.1) 100%, rgba(255, 255, 255, 0.4) 100%)"}}},"block_order":["slide_gWyaEx","slide_9qY3H4"],"settings":{"image_crop":"1200:600","slider_animation":"slide","show_arrows":true,"show_dots":true,"autoplay":8,"show_mobile_arrows":false,"show_mobile_dots":true,"text_size":100,"button_radius":0,"max_width":"","max_base_width":"","outer_margin_top":0,"outer_margin_bottom":0,"custom_css":"","mobile_custom_css":"","anchor_id":"","override_theme_font":false,"heading_font":"serif","main_font":"system_ui_n4"}},"rich_text_MfkBzL":{"type":"rich-text","blocks":{"text_mA9QVk":{"type":"text","settings":{"text":"<p>Sculptures of a Marathon Runner, a Lady Walking with a Dog, and a Walker Relaxing on a Chair, encourage public interaction and promote physical activity.<\/p>","enlarge_text":true}}},"block_order":["text_mA9QVk"],"settings":{"height":"medium","text_alignment":"center","full_width":false,"color_scheme":"default"}},"gallery_3b4Tqb":{"type":"gallery","settings":{"grid_desktop":2,"grid_mobile":"1","height":"fixed","desktop_image_height":460,"mobile_image_height":210,"title_size":30,"title_size_mobile":22,"enable_margin":true,"enable_row_spacing":false,"full_width":false,"color_scheme":"default","enable_carousel":false,"overlay_style":"no_background","overlay_padding":"standard","button_style":"primary"}},"image_with_text_overlay_VEcUDV":{"type":"image-with-text-overlay","settings":{"image":"shopify:\/\/shop_images\/ATS4050_copy_1.jpg","height":"fixed","height_desktop":600,"height_mobile":360,"image_link":"","full_width":true,"text_alignment":"bottom center","mobile_overlay_under":true,"overlay_style":"shadow"}},"testimonials_MqUWzi":{"type":"testimonials","blocks":{"testimonial_MBFCMP":{"type":"testimonial","settings":{"star_rating":5,"testimonial":"CM MK Stalin appreciated and recognized SILAII's work on various government projects.","author":"","image":"shopify:\/\/shop_images\/Arun_CM_1.jpg","image_caption":"","link":""}},"testimonial_VP3bDy":{"type":"testimonial","settings":{"star_rating":5,"testimonial":"\"This sculpture has supported the promotions of MASTER and it perfectly captured the film's character.\"","author":"Actor Vijay","image":"shopify:\/\/shop_images\/MASTER_MEETS_VIJAY.jpg","image_caption":"","link":""}},"testimonial_Yz666w":{"type":"testimonial","settings":{"star_rating":5,"testimonial":"Actor Kamal Haasan was impressed and gave us the opportunity\n to create mementoes for the \nVIKRAM 100th-day event.","author":"","image":"shopify:\/\/shop_images\/Kamal_Meets_SILAII_519d6566-9433-4fa8-857e-8596908691ca.jpg","image_caption":"","link":""}}},"block_order":["testimonial_MBFCMP","testimonial_VP3bDy","testimonial_Yz666w"],"settings":{"title":"CELEBRITY REVIEWS","layout":"image-right","text_caps":false,"quote_text_size":30,"quote_text_size_mobile":20,"image_shape":"square","color_scheme":"default","use_custom_star_rating_color":false,"star_rating_color":"#e9a80a","autoplay":true,"autoplay_speed":5}},"rich_text_RhykXc":{"type":"rich-text","blocks":{"heading_N6H96a":{"type":"heading","settings":{"title":"Government Event Contributions","use_h1":false}}},"block_order":["heading_N6H96a"],"settings":{"height":"medium","text_alignment":"center","full_width":false,"color_scheme":"default"}},"gallery_NjDLjY":{"type":"gallery","settings":{"grid_desktop":2,"grid_mobile":"1","height":"fixed","desktop_image_height":540,"mobile_image_height":340,"title_size":30,"title_size_mobile":22,"enable_margin":true,"enable_row_spacing":false,"full_width":false,"color_scheme":"default","enable_carousel":true,"overlay_style":"no_background","overlay_padding":"standard","button_style":"primary"}},"rich_text_FjbLHV":{"type":"rich-text","blocks":{"text_qjYURm":{"type":"text","settings":{"text":"<p>We have Crafted the Veeramangai Mascot for Khelo India Youth Games,  the BOMMAN Memento for the Hockey Asian Champions Trophy and the Chief Minister Trophy Memento for Chief Minister's Cup 2023<\/p>","enlarge_text":true}}},"block_order":["text_qjYURm"],"settings":{"height":"medium","text_alignment":"center","full_width":false,"color_scheme":"default"}},"design_pack_banner_image_parallax_w4Q4yA":{"type":"design_pack_-_banner_image_-_parallax","blocks":{"small_text_kNVwhw":{"type":"small_text","settings":{"small_text":"<p>New arrivals<\/p>"}},"heading_yCTypn":{"type":"heading","settings":{"title":"","block_heading_color":"","block_heading_size":"","enable_custom_font":false,"custom_font":"abel_n4","heading_level":"h2"}},"text_3taaBt":{"type":"text","settings":{"text":"","block_text_color":""}},"buttons_ydNRig":{"type":"buttons","settings":{"button_radius":0,"button_label_primary":"","link_primary":"","external_link_primary":false,"button_label_color_primary":"#ffffff","button_background_color_primary":"rgba(0,0,0,0)","button_label_secondary":"","link_secondary":"","external_link_secondary":false,"button_label_color_secondary":"#283144","button_background_color_secondary":"#fafafa"}}},"block_order":["small_text_kNVwhw","heading_yCTypn","text_3taaBt","buttons_ydNRig"],"settings":{"background_image":"shopify:\/\/shop_images\/Jallikattu_Retouch_c2.jpg","image_crop":"1200:600","text_size":100,"text_alignment":"center","text_position":"center bottom","text_width":600,"text_color":"#ffffff","text_background_color":"","background_color":"linear-gradient(180deg, rgba(255, 255, 255, 0.7), rgba(255, 255, 255, 0.8) 100%)","animation":"fade-in-down","base_width":80,"max_width":"","inner_padding":60,"outer_margin":0,"custom_css":"","mobile_custom_css":"","anchor_id":"","custom_classes":"","override_theme_font":false,"heading_font":"serif","main_font":"system_ui_n4","enable_metafield_detect":false}},"image_with_text_fFCeYb":{"type":"image-with-text","settings":{"image":"shopify:\/\/shop_images\/Union_Commerce_c1_1.jpg","image_2":"shopify:\/\/shop_images\/Union_Commerce_c2_1.jpg","image_width":700,"image_link":"","image_position":"left","text_alignment":"left","color_scheme":"default"}},"background_video_jpbcyf":{"type":"background-video","settings":{"video_shopify":"shopify:\/\/files\/videos\/Vikram_SILAII_Web.mp4","video_external":"https:\/\/www.youtube.com\/watch?v=_9VUPq3SxOc","video_description":"","text_alignment":"center center","height_desktop":600,"height_mobile":320,"full_width":true,"overlay_style":"shadow"}},"image_with_text_overlay_jrCJ99":{"type":"image-with-text-overlay","settings":{"image":"shopify:\/\/shop_images\/Indias_first_C2_1.jpg","height":"adapt","height_desktop":600,"height_mobile":460,"image_link":"","full_width":true,"text_alignment":"center center","mobile_overlay_under":false,"overlay_style":"shadow"}},"design_pack_gallery_thumbnails_XDQX6m":{"type":"design_pack_-_gallery_-_thumbnails","blocks":{"gallery_image_J6DMKW":{"type":"gallery_image","settings":{"gallery_image":"shopify:\/\/shop_images\/VIKRAM100_008_1_1_copy_1.jpg"}},"gallery_image_PdNEay":{"type":"gallery_image","settings":{"gallery_image":"shopify:\/\/shop_images\/Vikram1_1_1.jpg"}},"gallery_image_qWga7n":{"type":"gallery_image","settings":{"gallery_image":"shopify:\/\/shop_images\/Kantara1_C1_1_1.jpg"}},"gallery_image_37gye9":{"type":"gallery_image","settings":{"gallery_image":"shopify:\/\/shop_images\/Maamannan_Sides_1.jpg"}},"heading_eyGdqm":{"type":"heading","settings":{"title":""}},"text_YmgJUk":{"type":"text","settings":{"text":"<p>Successful Indian movies Vikram, Maamannan, Kantara, and Karnan celebrate their cinematic milestones with masterfully crafted mementoes.<\/p>"}},"buttons_FaLRk6":{"type":"buttons","settings":{"button_radius":0,"button_label_primary":"MOVIE MERCHANDISE","link_primary":"shopify:\/\/collections\/official-movie-merchandises","button_label_color_primary":"#121212","button_background_color_primary":"rgba(0,0,0,0)","button_label_secondary":"","link_secondary":"","button_label_color_secondary":"#ffffff","button_background_color_secondary":"#121212"}}},"block_order":["gallery_image_J6DMKW","gallery_image_PdNEay","gallery_image_qWga7n","gallery_image_37gye9","heading_eyGdqm","text_YmgJUk","buttons_FaLRk6"],"settings":{"image_crop":"1:1","grid_number":2,"mobile_grid_number":"2","text_size":90,"text_alignment":"left","text_color":"#283144","text_background_color":"","background_color":"","animation":"none","base_width":60,"max_width":"","inner_padding":60,"outer_margin":0,"custom_css":"","mobile_custom_css":"","anchor_id":"","override_theme_font":false,"heading_font":"serif","main_font":"system_ui_n4"}},"design_pack_contact_form_with_text_FyTBnm":{"type":"design_pack_-_contact_form_with_text","blocks":{"textfield_6M3Ng6":{"type":"textfield","settings":{"title":"Name","placeholder":"","required":true,"width":"full"}},"email_ACp7RM":{"type":"email","settings":{"title":"Email address","placeholder":"","width":"full"}},"phone_number_A4f7fA":{"type":"phone_number","settings":{"title":"Phone number","placeholder":"","required":true,"width":"full"}},"checkboxes_CNGUMm":{"type":"checkboxes","settings":{"title":"Which project are you interested in?","required":true,"width":"full","option_1":"Mementos","option_2":"Life Size Installations","option_3":"Corporate Event Gifting","option_4":"Movie Collaborations","option_5":"Others"}},"textarea_TcRBAc":{"type":"textarea","settings":{"title":"Query","placeholder":"Please provide details about your project interest and any customization you are interested in","required":false,"width":"full"}}},"block_order":["textfield_6M3Ng6","email_ACp7RM","phone_number_A4f7fA","checkboxes_CNGUMm","textarea_TcRBAc"],"settings":{"form_position":"center","heading":"Project Inquiry Form","text":"<p>Interested in collaborating with SILAII for your next project? Fill out the form below to get started. <\/p>","text_position":"left top","text_size":100,"text_color":"#666666","button_label_color":"#ffffff","button_background_color":"#283144","background_color":"","button_radius":0,"base_width":90,"max_width":"","inner_padding":40,"outer_margin":0,"custom_css":"","mobile_custom_css":"","override_theme_font":false,"heading_font":"serif","main_font":"system_ui_n4"}}},"order":["main","background_video_nNKiMa","design_pack_image_with_text_overlap_v2_xkGeQT","background_video_pJUjQR","design_pack_gallery_thumbnails_fmYijb","design_pack_image_with_text_overlap_v2_EhFAmr","design_pack_gallery_thumbnails_bT9wXU","background_video_AwnFXE","rich_text_hmAwfX","image_with_text_p6kLDH","design_pack_divider_simple_7jDWVf","design_pack_slideshow_kJK4ta","rich_text_MfkBzL","gallery_3b4Tqb","image_with_text_overlay_VEcUDV","testimonials_MqUWzi","rich_text_RhykXc","gallery_NjDLjY","rich_text_FjbLHV","design_pack_banner_image_parallax_w4Q4yA","image_with_text_fFCeYb","background_video_jpbcyf","image_with_text_overlay_jrCJ99","design_pack_gallery_thumbnails_XDQX6m","design_pack_contact_form_with_text_FyTBnm"]}