{"sections":{"rich_text_qqB3Wp":{"type":"rich-text","blocks":{"heading_9wDxYx":{"type":"heading","settings":{"title":"RETURN AND REFUND","use_h1":false}},"heading_AH4j8p":{"type":"heading","settings":{"title":"If you’re not totally satisfied with any part of your purchase for any reason at all, please reach out to us at contact@silaii.com and we'll do whatever it takes to make things right.","use_h1":false}},"text_NqwCU4":{"type":"text","settings":{"text":"<h5><strong>Return Policy<\/strong><\/h5>","enlarge_text":true}},"text_pRxKmM":{"type":"text","settings":{"text":"<p>We know you’ll love it but if you don’t, just send it back for a full refund, or exchange it for any other SILAII product. returns, or exchanges are not applicable on personalized\/engraved products as they are made <\/p><p>To initiate a return, visit <a href=\"https:\/\/www.silaii.com\/apps\/return_prime\" title=\"https:\/\/www.silaii.com\/apps\/return_prime\"><strong>https:\/\/www.silaii.com\/apps\/return_prime <\/strong><\/a>or reach out to us via email at <a href=\"mailto:contact@silaii.com\">contact@silaii.com<\/a> or contact our Support number at 98846 88804. We are always available to assist you with the return process.<\/p><p><em>Please be aware that returns will only be accepted if the item is in its original packaging and in a condition <\/em><em><strong>suitable for resale.<\/strong><\/em><\/p><p><\/p><p><\/p>","enlarge_text":true}},"text_XPVxjx":{"type":"text","settings":{"text":"<p><strong>Cancellation<\/strong><\/p><p>We prioritize customer satisfaction above all else. If you need to cancel an order for any reason, please contact us via email at <a href=\"mailto:contact@silaii.com\">contact@silaii.com<\/a> or by calling our customer support number at 98846 88804. Please note that orders can be canceled within 24-48 hours before dispatching. As we typically dispatch orders within 24 hours, we recommend contacting us as soon as possible for cancellation requests. We are always happy to assist you with the cancellation process.<\/p>","enlarge_text":true}},"text_3hJF8J":{"type":"text","settings":{"text":"<p><strong>Refunds<\/strong><\/p><p><strong>We know you’ll love it, but if you don’t, just send it back. We'll give you a full refund. <\/strong><\/p><p>Depending on the mode of payment and bank policies we will take 7 to <br\/>14 working days to credit the refund money to your account. In case it is taking longer than 12 to 15 working days , please drop an email to <a href=\"mailto:contact@silaii.com\" title=\"mailto:contact@silaii.com\">contact@silaii.com<\/a> and we will fix it as soon as possible. Please note that return will be accepted only with the original packaging along with the invoice copy you received at the time of order placement.<\/p>","enlarge_text":true}}},"block_order":["heading_9wDxYx","heading_AH4j8p","text_NqwCU4","text_pRxKmM","text_XPVxjx","text_3hJF8J"],"settings":{"height":"medium","text_alignment":"left","full_width":false}},"main":{"type":"main-page","disabled":true,"settings":{"full_width":false}},"13868c15-d09e-4c1f-abfd-3631a244b31d":{"type":"product-list","disabled":true,"settings":{"title":"Product list","product_list":["buy-the-sculpture-of-ashoka-pillar-online","buy-the-replica-of-kanyakumari-thiruvalluvar-statue-and-sculpture-as-silaii-online","buy-the-bust-sculpture-of-arignar-anna","buy-the-action-figure-sculpture-of-rocky-bhai-from-kgf-universe"],"show_vendor":false,"enable_carousel":true,"grid":4,"full_width":true}}},"order":["rich_text_qqB3Wp","main","13868c15-d09e-4c1f-abfd-3631a244b31d"]}