{"sections":{"background_video_kGFVix":{"type":"background-video","settings":{"video_shopify":"shopify:\/\/files\/videos\/Corparate_Gifiting_SILAII_Video_Web.mp4","video_external":"https:\/\/www.youtube.com\/watch?v=_9VUPq3SxOc","video_description":"","text_alignment":"bottom right","height_desktop":800,"height_mobile":200,"full_width":false,"overlay_style":"no_background"}},"design_pack_video_with_text_KVdBCf":{"type":"design_pack_-_video_with_text","blocks":{"small_text_Mxd4Vz":{"type":"small_text","disabled":true,"settings":{"small_text":"<p>New arrivals<\/p>"}},"heading_jLxAqG":{"type":"heading","settings":{"title":"PERSONALISED CORPORATE GIFTING","block_heading_color":"","block_heading_size":"24px","enable_custom_font":false,"custom_font":"abel_n4","heading_level":"h4"}},"text_npGrbc":{"type":"text","settings":{"text":"<p>Drag and drop block options like heading, text, buttons, dividers, and more.<\/p>","block_text_color":""}}},"block_order":["small_text_Mxd4Vz","heading_jLxAqG","text_npGrbc"],"disabled":true,"settings":{"video":"shopify:\/\/files\/videos\/Corparate_Gifiting_SILAII_Video_Web.mp4","third_party_video":"","autoplay":true,"loop":true,"show_controls":true,"video_style":"control_bar","play_button_color":"#ffffff","image_position":"right","image_crop":"16:9","aspect_ratio":"3:2","video_link":"","show_content_below":true,"mobile_aspect_ratio":"16:9","text_alignment":"left","text_size":90,"text_width":40,"text_color":"#283144","background_color":"linear-gradient(46deg, rgba(255, 248, 237, 1) 13%, rgba(255, 248, 237, 1) 86%)","show_background_image":false,"animation":"none","base_width":100,"max_width":"","inner_padding":60,"outer_margin":0,"custom_css":"","mobile_custom_css":"","anchor_id":"","override_theme_font":false,"heading_font":"serif","main_font":"system_ui_n4","enable_metafield_detect":false}},"rich_text_qTJjir":{"type":"rich-text","blocks":{"heading_pDwDdY":{"type":"heading","settings":{"title":"PERSONALISED CORPORATE GIFTING BY SILAII","use_h1":true}},"text_6Pak94":{"type":"text","settings":{"text":"<p>We specialize in creating personalized corporate gifts that reflect your brand’s identity and values. Each sculpture is thoughtfully designed and finely crafted to make a lasting impact, turning your corporate gifting into a memorable experience.<\/p>","enlarge_text":true}}},"block_order":["heading_pDwDdY","text_6Pak94"],"settings":{"height":"small","text_alignment":"center","full_width":false,"color_scheme":"default"}},"main":{"type":"main-page","disabled":true,"settings":{"show_page_title":true,"full_width":true}},"design_pack_image_with_text_overlap_v2_TAK66w":{"type":"design_pack_-_image_with_text_overlap-v2","blocks":{"heading_idfRCT":{"type":"heading","settings":{"title":"INDUSTRY 4.0 TECHNOLOGY CENTERS INAUGURATION","block_heading_color":"","block_heading_size":"28px","heading_level":"h2"}},"text_kHJN9D":{"type":"text","settings":{"text":"<p>Tata Sons Chairman, Mr Natarajan Chandrasekaran, Presented our Thiruvalluvar Sculpture to Tamilnadu's CM, Mr M.K. Stalin, at the 'Industry 4.0 Technology Centers' Inaguration event.<\/p>"}}},"block_order":["heading_idfRCT","text_kHJN9D"],"settings":{"image":"shopify:\/\/shop_images\/TATA_x_silaii.jpg","image_crop":"none","image_position":"right","text_alignment":"left","text_size":100,"text_color":"#283144","text_background_color":"linear-gradient(0deg, rgba(255, 255, 255, 1), rgba(255, 255, 255, 1) 100%)","background_color":"linear-gradient(127deg, rgba(255, 248, 237, 1) 5.036%, rgba(255, 255, 255, 1) 11%, rgba(255, 248, 237, 1) 100%)","animation":"none","base_width":85,"max_width":"","inner_padding":60,"outer_margin":0,"custom_css":"","mobile_custom_css":"","override_theme_font":false,"heading_font":"serif","main_font":"system_ui_n4"}},"image_with_text_JrT9eL":{"type":"image-with-text","disabled":true,"settings":{"image":"shopify:\/\/shop_images\/TATA_x_silaii.jpg","image_width":450,"image_link":"","image_position":"left","text_alignment":"left","color_scheme":"default"}},"slideshow_HPAQxM":{"type":"slideshow","blocks":{"image_RANCAP":{"type":"image","settings":{"image":"shopify:\/\/shop_images\/CORPORATE_GIFTING_1.jpg","mobile_image":"shopify:\/\/shop_images\/CORPORATE_GIFTING_Mobile_Banner_1.jpg","slide_link":"","subheading":"","title":"","heading_max_width":15,"title_size":84,"title_size_mobile":46,"use_h1":false,"text":"","enlarge_text":true,"button_label_1":"","button_url_1":"","button_label_2":"","button_url_2":"","text_alignment":"center center"}}},"block_order":["image_RANCAP"],"settings":{"height":"adapt","height_desktop":600,"height_mobile":460,"full_width":true,"mobile_overlay_under":false,"overlay_style":"no_background","transition":"fade","navigation":"arrows","autoplay":true,"autoplay_speed":7,"accessibility_info":""}},"design_pack_video_with_text_iEi4Dm":{"type":"design_pack_-_video_with_text","blocks":{"inset_image_TjDp6F":{"type":"inset_image","settings":{"inset_image":"shopify:\/\/shop_images\/Chess_Olympiad_2022_official_logo.png","image_crop":"none","inset_image_size":10,"inset_image_max_width":"","image_alignment":"default","link":"","external_link":false}},"heading_Hm6BqL":{"type":"heading","settings":{"title":"44th FIDE CHESS OLYMPIAD","block_heading_color":"","block_heading_size":"","enable_custom_font":false,"custom_font":"abel_n4","heading_level":"h2"}},"text_9CfqWx":{"type":"text","settings":{"text":"<p>CM Thiru M.K. Stalin presented PM Shri Narendra Modi a fine-crafted replica of the Mahabalipuram Shore Temple.<\/p>","block_text_color":""}}},"block_order":["inset_image_TjDp6F","heading_Hm6BqL","text_9CfqWx"],"settings":{"video":"shopify:\/\/files\/videos\/Mahabs_Souvenir 9 Sec.mp4","third_party_video":"","autoplay":true,"loop":true,"show_controls":false,"video_style":"control_bar","play_button_color":"#ffffff","image_position":"right","image_crop":"16:9","aspect_ratio":"16:9","video_link":"","show_content_below":true,"mobile_aspect_ratio":"16:9","text_alignment":"center","text_size":85,"text_width":40,"text_color":"#283144","background_color":"radial-gradient(rgba(255, 255, 255, 1), rgba(255, 255, 255, 1) 100%)","show_background_image":false,"animation":"none","base_width":100,"max_width":"","inner_padding":60,"outer_margin":0,"custom_css":"","mobile_custom_css":"","anchor_id":"","override_theme_font":false,"heading_font":"serif","main_font":"system_ui_n4","enable_metafield_detect":false}},"testimonials_WdPMPP":{"type":"testimonials","blocks":{"testimonial_tjaqWw":{"type":"testimonial","settings":{"star_rating":0,"testimonial":"The Official Corporate Gifting Partner - Zoho honours Umayalpuram K. Sivaraman with a custom sculpture of himself as a special gift.","author":"","image":"shopify:\/\/shop_images\/Zoho_x_silaii.jpg","image_caption":"","link":""}},"testimonial_inzNCK":{"type":"testimonial","settings":{"star_rating":0,"testimonial":"SILAIl proudly crafted the BOMMAN Mascot for Hockey Asian Champions Trophy - 2022","author":"","image":"shopify:\/\/shop_images\/Bomman_x_silaii.jpg","image_caption":"","link":""}},"testimonial_XNTb9x":{"type":"testimonial","settings":{"star_rating":0,"testimonial":"SILAIl Crafted Custom Sculpture Award for TN Digital Summit 2024 organised by Social Eagle Digital Marketing Agency.","author":"","image":"shopify:\/\/shop_images\/Social_Eagle_x_silaii.jpg","image_caption":"","link":""}},"testimonial_ezT3fQ":{"type":"testimonial","settings":{"star_rating":0,"testimonial":"Celebrating One Year for the blockbuster movie Karnan with SILAIl's finely crafted mementoes.","author":"","image":"shopify:\/\/shop_images\/Karnan_X_Silaii.jpg","image_caption":"","link":""}},"testimonial_QpKeBf":{"type":"testimonial","settings":{"star_rating":0,"testimonial":"CM Thiru M.K. Stalin presented PM Shri Narendra Modi a fine-crafted replica of the Mahabalipuram Shore Temple during 44TH FIDE CHESS OLYMPIAD","author":"","image":"shopify:\/\/shop_images\/olympiad_x_silaii.jpg","image_caption":"","link":""}},"testimonial_VDzcjN":{"type":"testimonial","settings":{"star_rating":0,"testimonial":"Celebrating 100days for the blockbuster movie Vikram with\nSILAIl's finely crafted mementoes.","author":"","image":"shopify:\/\/shop_images\/Vikram_x_silaii.jpg","image_caption":"","link":""}},"testimonial_KrztR8":{"type":"testimonial","settings":{"star_rating":0,"testimonial":"Celebrating 100days for the blockbuster movie Kantara with\nSILAIl's finely crafted mementoes.","author":"","image":"shopify:\/\/shop_images\/Kantara_x_silaii.jpg","image_caption":"","link":""}},"testimonial_zcMiEV":{"type":"testimonial","settings":{"star_rating":0,"testimonial":"SILAII Crafted the Veeramangai Mascot for Khelo India Youth Games - 2023","author":"","image":"shopify:\/\/shop_images\/Khelo_x_silaii.jpg","image_caption":"","link":""}},"testimonial_HwFcde":{"type":"testimonial","settings":{"star_rating":0,"testimonial":"The Jallikattu sculpture memento was presented by CM Thiru MK Stalin to Hon'ble Union Minister Shri Pivush Goval and International Investors, symbolizing India's rich cultural heritage.","author":"","image":"shopify:\/\/shop_images\/TN_Business_meet_X_silaii.jpg","image_caption":"","link":""}},"testimonial_dPMgbm":{"type":"testimonial","settings":{"star_rating":0,"testimonial":"Celebrating 50days for the blockbuster movie Maamannan with SILAIl's finely crafted mementoes.","author":"","image":"shopify:\/\/shop_images\/Mamannan_x_silaii.jpg","image_caption":"","link":""}}},"block_order":["testimonial_tjaqWw","testimonial_inzNCK","testimonial_XNTb9x","testimonial_ezT3fQ","testimonial_QpKeBf","testimonial_VDzcjN","testimonial_KrztR8","testimonial_zcMiEV","testimonial_HwFcde","testimonial_dPMgbm"],"settings":{"title":"FEATURED CORPORATE GIFTING","layout":"image-right","text_caps":false,"quote_text_size":30,"quote_text_size_mobile":20,"image_shape":"natural","color_scheme":"default","use_custom_star_rating_color":false,"star_rating_color":"#e9a80a","autoplay":true,"autoplay_speed":8}},"background_video_3p6hwM":{"type":"background-video","settings":{"video_shopify":"shopify:\/\/files\/videos\/Vikram_SILAII_Web.mp4","video_external":"https:\/\/www.youtube.com\/watch?v=_9VUPq3SxOc","video_description":"","text_alignment":"center center","height_desktop":780,"height_mobile":220,"full_width":true,"overlay_style":"shadow"}},"design_pack_gallery_scroll_DQVmaC":{"type":"design_pack_-_gallery_-_scroll","blocks":{"small_text_GDGrTn":{"type":"small_text","settings":{"small_text":"<p>From Concept to Creation<\/p>"}},"heading_daw4jE":{"type":"heading","settings":{"title":"CUSTOMISED MEMENTOES","block_heading_color":"","block_heading_size":"","enable_custom_font":false,"custom_font":"abel_n4","heading_level":"h2"}},"text_RVwDHE":{"type":"text","disabled":true,"settings":{"text":"<p>Add a gallery of scrolling images to feature collections, blog posts, products or lifestyle images. <\/p>","block_text_color":""}},"slide_8QRYL6":{"type":"slide","settings":{"background_image":"shopify:\/\/shop_images\/TN_Sports_Award_CM_c2.jpg","preheading":"","title":"CM TROPHY","text":"","button_label":"","link":"","text_alignment":"center","text_position":"center","text_color":"#212121","text_background_color":"","button_label_color":"#ffffff","button_background_color":"rgba(0,0,0,0)","background_color":""}},"slide_dGmgj9":{"type":"slide","settings":{"background_image":"shopify:\/\/shop_images\/Copy_of_Thambi_1_2.jpg","preheading":"","title":"THAMBI","text":"","button_label":"","link":"","text_alignment":"center","text_position":"bottom","text_color":"#212121","text_background_color":"","button_label_color":"#ffffff","button_background_color":"rgba(0,0,0,0)","background_color":""}},"slide_MLqJAx":{"type":"slide","settings":{"background_image":"shopify:\/\/shop_images\/Valluvar_Kottam_3_8645a4c6-70e5-4ed7-9405-e49cdc10c5ff.jpg","preheading":"","title":"VALLUVAR KOTTAM","text":"","button_label":"","link":"","text_alignment":"center","text_position":"bottom","text_color":"#212121","text_background_color":"","button_label_color":"#ffffff","button_background_color":"rgba(0,0,0,0)","background_color":""}},"slide_Kqd6qX":{"type":"slide","settings":{"background_image":"shopify:\/\/shop_images\/veeramangai_Sm_Post_1.jpg","preheading":"","title":"VEERA MANGAI","text":"","button_label":"","link":"","text_alignment":"center","text_position":"bottom","text_color":"#050505","text_background_color":"","button_label_color":"#ffffff","button_background_color":"#283144","background_color":""}},"slide_VUHEXY":{"type":"slide","settings":{"background_image":"shopify:\/\/shop_images\/Bomman_1.jpg","preheading":"","title":"BOMMAN","text":"","button_label":"","link":"","text_alignment":"center","text_position":"bottom","text_color":"#050505","text_background_color":"","button_label_color":"#ffffff","button_background_color":"#283144","background_color":""}},"slide_RMH3iL":{"type":"slide","settings":{"background_image":"shopify:\/\/shop_images\/Jallikattu_Retouch_c2_d8999201-1ace-4b97-967d-a119a7e2b183.jpg","preheading":"","title":"JALLIKATTU","text":"","button_label":"","link":"","text_alignment":"center","text_position":"bottom","text_color":"#050505","text_background_color":"","button_label_color":"#ffffff","button_background_color":"#283144","background_color":""}}},"block_order":["small_text_GDGrTn","heading_daw4jE","text_RVwDHE","slide_8QRYL6","slide_dGmgj9","slide_MLqJAx","slide_Kqd6qX","slide_VUHEXY","slide_RMH3iL"],"settings":{"enable_lightbox":false,"image_crop":"none","grid_item_width":40,"text_below_image":true,"image_position":"bottom","show_bar":true,"arrow_display":"left","gap":20,"mobile_grid_item_width":100,"text_size":100,"text_alignment":"center","text_width":35,"text_color":"#212121","text_background_color":"","background_color":"","show_background_image":false,"enable_parallax":true,"animation":"fade-in","base_width":95,"max_width":"","inner_padding":60,"outer_margin":0,"custom_css":"","mobile_custom_css":"","anchor_id":"","override_theme_font":false,"heading_font":"serif","main_font":"system_ui_n4"}},"logo_list_z3N7Rt":{"type":"logo-list","blocks":{"logo_rckqEd":{"type":"logo","settings":{"image":"shopify:\/\/shop_images\/2023_Men_s_Asian_Champions_Trophy_logo.png","image_width":80,"link":"","title":""}},"logo_CnQT8P":{"type":"logo","settings":{"image":"shopify:\/\/shop_images\/zoho.png","image_width":80,"link":"","title":""}},"logo_mncpmJ":{"type":"logo","settings":{"image":"shopify:\/\/shop_images\/iaoTsIJY_400x400_dbf78672-f5b3-4dac-a954-96cbdc045455.jpg","image_width":80,"link":"","title":""}},"logo_t6iRgM":{"type":"logo","settings":{"image":"shopify:\/\/shop_images\/tata.png","image_width":80,"link":"","title":""}},"logo_HCT9f4":{"type":"logo","settings":{"image":"shopify:\/\/shop_images\/Hombale-Films.jpg","image_width":80,"link":"","title":""}},"logo_Ac3Fgw":{"type":"logo","settings":{"image":"shopify:\/\/shop_images\/khelo-india-logo-png_seeklogo-520946.png","image_width":80,"link":"","title":""}},"logo_LKFDbH":{"type":"logo","settings":{"image":"shopify:\/\/shop_images\/kyn.png","image_width":80,"link":"","title":""}},"logo_aA866c":{"type":"logo","settings":{"image":"shopify:\/\/shop_images\/Chess_Olympiad_2022_official_logo.png","image_width":80,"link":"","title":""}},"logo_HHgEax":{"type":"logo","settings":{"image":"shopify:\/\/shop_images\/gim.jpg","image_width":80,"link":"","title":""}},"logo_Xca6iE":{"type":"logo","settings":{"image":"shopify:\/\/shop_images\/rkfi.png","image_width":80,"link":"","title":""}},"logo_xAbGTq":{"type":"logo","settings":{"image":"shopify:\/\/shop_images\/rds.png","image_width":80,"link":"","title":""}},"logo_hBMm8K":{"type":"logo","settings":{"image":"shopify:\/\/shop_images\/12.jpg","image_width":80,"link":"","title":""}}},"block_order":["logo_rckqEd","logo_CnQT8P","logo_mncpmJ","logo_t6iRgM","logo_HCT9f4","logo_Ac3Fgw","logo_LKFDbH","logo_aA866c","logo_HHgEax","logo_Xca6iE","logo_xAbGTq","logo_hBMm8K"],"settings":{"title":"CLIENTS WE'VE WORKED WITH","image_opacity":90,"color_scheme":"default"}},"background_video_FEzKWA":{"type":"background-video","settings":{"video_shopify":"shopify:\/\/files\/videos\/WhatsApp Video 2024-08-02 at 6.50.52 PM.mp4","video_external":"https:\/\/www.youtube.com\/watch?v=_9VUPq3SxOc","video_description":"","text_alignment":"center center","height_desktop":760,"height_mobile":220,"full_width":true,"overlay_style":"shadow"}},"design_pack_value_proposition_horizontal_h6yTQ8":{"type":"design_pack_-_value_proposition_horizontal","blocks":{"icon_pp7wLd":{"type":"icon","settings":{"image":"shopify:\/\/shop_images\/customize.png","scale":0.5,"show_icon":true,"title":"Finest Customisation","text":"","link":""}},"icon_PERPMp":{"type":"icon","settings":{"image":"shopify:\/\/shop_images\/high-quality.png","scale":0.5,"show_icon":true,"title":"Premium Quality","text":"","link":""}},"icon_y3wHAt":{"type":"icon","settings":{"image":"shopify:\/\/shop_images\/shipped.png","scale":0.5,"show_icon":true,"title":"Pan India Delivery","text":"","link":""}}},"block_order":["icon_pp7wLd","icon_PERPMp","icon_y3wHAt"],"settings":{"title":"WHY SILAII?","icon_size":60,"per_row":3,"text_size":100,"text_alignment":"center","heading_color":"#000000","text_color":"#666666","background_color":"linear-gradient(310deg, rgba(255, 255, 255, 1) 15%, rgba(255, 255, 255, 1) 85%)","color_filter":"none","animation":"fade-in","mobile_icon_size":50,"base_width":85,"max_width":"","inner_padding":40,"outer_margin":0,"custom_css":"","mobile_custom_css":"","override_theme_font":false,"heading_font":"open_sans_n4","main_font":"system_ui_n4"}},"1767702775adb86f8a":{"type":"apps","blocks":{"forms_inline_zYEFQc":{"type":"shopify:\/\/apps\/forms\/blocks\/inline\/8744a304-fcb1-4347-b211-bb6b4759a76a","disabled":true,"settings":{"form_id":"816758","text_color":"#202020","button_background_color":"#202020","button_label_color":"#FFFFFF","links_color":"#1878B9","errors_color":"#E02229","text_alignment":"center","form_alignment":"center","padding_top":0,"padding_bottom":0,"padding_right":0,"padding_left":0}}},"block_order":["forms_inline_zYEFQc"],"disabled":true,"settings":{"full_width":false,"show_space":true}},"contact_form_wrWiFz":{"type":"contact-form","blocks":{"name_input_mWY4Np":{"type":"name_input","settings":{"half_width":false}},"email_input_BrQ6ym":{"type":"email_input","settings":{"half_width":true}},"phone_input_WAK6NN":{"type":"phone_input","settings":{"required":true,"half_width":true}},"custom_input_F89yMC":{"type":"custom_input","settings":{"title":"Company Name","type":"text","required":true,"half_width":false}},"message_input_bMm9rQ":{"type":"message_input","settings":{"half_width":false}}},"block_order":["name_input_mWY4Np","email_input_BrQ6ym","phone_input_WAK6NN","custom_input_F89yMC","message_input_bMm9rQ"],"custom_css":["{background-color: #f7f7f7;}","h2 {text-align: center;}"," {padding-top: 20px; padding-bottom: 20px;}"],"settings":{"contact_title":"Want to know more about SILAII's Corporate gifting services?","contact_text":"","color_scheme":"default"}},"design_pack_logo_list_6bfLg4":{"type":"design_pack_-_logo_list","blocks":{"logo_3BQd6R":{"type":"logo","settings":{"image":"shopify:\/\/shop_images\/mage_phone-call.svg","scale":0.5,"title":"<h5>+91 9884688804<\/h5>","link":"tel:9884688804","external_link":false}},"logo_gyXqcg":{"type":"logo","settings":{"image":"shopify:\/\/shop_images\/noun-whatsapp-5245923_1.svg","scale":0.5,"title":"<h5>+91 9884688804<\/h5>","link":"https:\/\/wa.me\/9884688804","external_link":false}},"logo_7b3pPm":{"type":"logo","settings":{"image":"shopify:\/\/shop_images\/arcticons_mail.svg","scale":0.5,"title":"<h5>contact@silaii.com<\/h5>","link":"mailto:contact@silaii.com","external_link":false}}},"block_order":["logo_3BQd6R","logo_gyXqcg","logo_7b3pPm"],"settings":{"title":"CONTACT US","per_row":4,"logo_size":30,"text_size":100,"heading_color":"#000000","text_color":"#000000","background_color":"linear-gradient(180deg, rgba(237, 237, 237, 1), rgba(248, 248, 248, 1) 100%)","color_filter":"none","animation":"none","mobile_per_row":3,"base_width":100,"max_width":"","inner_padding":40,"outer_margin":0,"custom_css":"","mobile_custom_css":"","override_theme_font":false,"heading_font":"serif","main_font":"system_ui_n4"}}},"order":["background_video_kGFVix","design_pack_video_with_text_KVdBCf","rich_text_qTJjir","main","design_pack_image_with_text_overlap_v2_TAK66w","image_with_text_JrT9eL","slideshow_HPAQxM","design_pack_video_with_text_iEi4Dm","testimonials_WdPMPP","background_video_3p6hwM","design_pack_gallery_scroll_DQVmaC","logo_list_z3N7Rt","background_video_FEzKWA","design_pack_value_proposition_horizontal_h6yTQ8","1767702775adb86f8a","contact_form_wrWiFz","design_pack_logo_list_6bfLg4"]}