{"sections":{"main":{"type":"main-page","disabled":true,"settings":{"full_width":false}},"13868c15-d09e-4c1f-abfd-3631a244b31d":{"type":"product-list","disabled":true,"settings":{"title":"Product list","product_list":["buy-the-sculpture-of-ashoka-pillar-online","buy-the-replica-of-kanyakumari-thiruvalluvar-statue-and-sculpture-as-silaii-online","buy-the-bust-sculpture-of-arignar-anna","buy-the-action-figure-sculpture-of-rocky-bhai-from-kgf-universe"],"show_vendor":false,"enable_carousel":true,"grid":4,"full_width":true}},"design_pack_about_with_parallax_gTKy8C":{"type":"design_pack_-_about_with_parallax","settings":{"image":"shopify:\/\/shop_images\/our_team_White_vignette_4.jpg","image_crop":"4:3","focal_point":"center center","fancy_text":"Are you ready?","title":"for a journey with SILAII","text":"<p>We're looking for motivated individuals who are excited to join our team and grow with us.<\/p>","text_size":120,"text_color":"#283144","text_highlight_color":"#8f9bb2","background_color":"linear-gradient(180deg, rgba(255, 251, 252, 1), rgba(235, 235, 235, 1) 100%)","show_background_image":true,"animation":"none","base_width":80,"max_width":"","inner_padding":60,"outer_margin":0,"custom_css":"","mobile_custom_css":"","override_theme_font":false,"heading_font":"serif","main_font":"sans-serif"}},"design_pack_text_expandable_D4QfHK":{"type":"design_pack_-_text_-_expandable","settings":{"icon":"information","icon_alignment":"right","title":"About SILAII","description":"<p>SILAII is an art-based industry that creates high-quality sculptures <br\/>using a combination of traditional sculpting techniques and modern <br\/>technology. With a focus on emotional appeal and artistic excellence, <br\/>SILAII aims to bring people's memories and values to life through their <br\/>sculptures. <\/p><p>At SILAII, we believe that every individual has an icon, <br\/>personality, spiritual figure, or someone who has deeply impacted their <br\/>being and made a diference in their ideology, perspective, or way of <br\/>life. Our vision is to make every picture, memory, belief, value, <br\/>artifact, or person into a sculpture or souvenir that will last a <br\/>lifetime. Our mission is to be the platform where individuals seeking to<br\/> purchase sculptures, souvenirs, or murals can find the ideal space <br\/>serving a healthy dose of inspiration and inexplicable emotions. SILAII <br\/>works towards being the perfect medium for providing souvenirs of <br\/>memories, beliefs, values, and icons that serve as a constant reminder <br\/>for inspiration and pride.<\/p>","text_size":100,"text_alignment":"center","text_color":"#121212","highlight_color":"#676767","background_color":"","base_width":80,"max_width":"","inner_padding":10,"outer_margin":40,"custom_css":"","mobile_custom_css":"","override_theme_font":false,"heading_font":"serif","main_font":"sans-serif"}},"gallery_AxgEWP":{"type":"gallery","settings":{"desktop_image_height":460,"mobile_image_height":250,"title_size":30,"title_size_mobile":22,"enable_margin":true,"enable_row_spacing":true,"full_width":false,"enable_carousel":true,"overlay_style":"full","button_style":"primary"}},"image_with_text_overlay_CgWmfq":{"type":"image-with-text-overlay","settings":{"image":"shopify:\/\/shop_images\/1.jpg","height":"adapt","height_desktop":600,"height_mobile":460,"image_link":"","full_width":false,"text_alignment":"bottom center","mobile_overlay_under":true,"overlay_style":"full image-overlay--bg-shadow"}}},"order":["main","13868c15-d09e-4c1f-abfd-3631a244b31d","design_pack_about_with_parallax_gTKy8C","design_pack_text_expandable_D4QfHK","gallery_AxgEWP","image_with_text_overlay_CgWmfq"]}