{"sections":{"162943193266ba4ebf":{"type":"design_pack_-_about_with_parallax","settings":{"image_crop":"4:3","focal_point":"center center","fancy_text":"Spring Collection","title":"Fashion ~Forward~.","text":"<p>We designed the spring collection to celebrate our love of nature and natural materials.<\/p>","text_size":105,"text_color":"#283144","text_highlight_color":"#BF7A7A","background_color":"#EBEBEB","show_background_image":true,"animation":"none","base_width":80,"max_width":"","inner_padding":60,"outer_margin":0,"custom_css":"","mobile_custom_css":"","override_theme_font":false,"heading_font":"serif","main_font":"sans-serif"}},"1629432259d29fdf51":{"type":"design_pack_-_lookbook_grid","blocks":{"1629432259d29fdf51-0":{"type":"image","settings":{"block_size":"small","focal_point":"top center","title":"Comfortable","text":"<p>Lorem ipsum dolor sit amet, consectetur adipiscing elit. Mauris nibh enim, ornare at consequat sed, placerat quis libero.<\/p>","button_label":"View more","link":"","text_position":"left top"}},"1629432259d29fdf51-1":{"type":"image","settings":{"block_size":"vertical","focal_point":"top center","title":"Stylish","text":"<p>Curabitur id nulla ut nunc aliquam sodales.<\/p>","button_label":"View more","link":"","text_position":"center center"}},"1629432259d29fdf51-2":{"type":"image","settings":{"block_size":"small","focal_point":"top center","title":"Trendy","text":"<p>Mauris nibh enim, ornare at consequat sed, placerat quis libero. Curabitur id nulla ut nunc aliquam sodales.<\/p>","button_label":"View more","link":"","text_position":"left bottom"}},"1629432259d29fdf51-3":{"type":"image","settings":{"block_size":"small","focal_point":"top center","title":"Classic","text":"<p>Lorem ipsum dolor sit amet, consectetur adipiscing elit. Curabitur id nulla ut nunc aliquam sodales.<\/p>","button_label":"View more","link":"","text_position":"right bottom"}},"1629432259d29fdf51-4":{"type":"image","settings":{"block_size":"small","focal_point":"top center","title":"Sustainable","text":"<p>Lorem ipsum dolor sit amet, consectetur adipiscing elit. Mauris nibh enim, ornare at consequat sed, placerat quis libero.<\/p>","button_label":"View more","link":"","text_position":"right bottom"}}},"block_order":["1629432259d29fdf51-0","1629432259d29fdf51-1","1629432259d29fdf51-2","1629432259d29fdf51-3","1629432259d29fdf51-4"],"settings":{"enable_hover":true,"text_size":100,"text_color":"#ffffff","text_background_color":"#616161","button_label_color":"#FAFAFA","button_background_color":"#283144","button_radius":0,"background_color":"#EBEBEB","animation":"none","base_width":95,"max_width":"","inner_padding":50,"outer_margin":0,"custom_css":"","mobile_custom_css":"","override_theme_font":true,"heading_font":"serif","main_font":"sans-serif"}},"16294324726261846f":{"type":"design_pack_-_image_with_text_overlap-v2","blocks":{"template--14247657373798__e8cc668f-516b-4613-b4ab-4f88bce9084e-1671215482497c2b04-2":{"type":"heading","settings":{"title":"The perfect country outfit.","block_heading_color":"","block_heading_size":"","heading_level":"h2"}},"055e7688-6242-4d88-b06c-bc6949e34f20":{"type":"text","settings":{"text":"<p>Frolicking through the fields is the name of the game in these gorgeous dresses and skirts. <\/p><p>Nature is calling and it's time for you to listen.<\/p>"}},"0c0ba4f4-fc01-4de2-84a7-b6f8d2c5da56":{"type":"buttons","settings":{"button_radius":0,"button_label_primary":"Shop collection","link_primary":"","external_link_primary":false,"button_label_color_primary":"#FAFAFA","button_background_color_primary":"#283144","button_label_secondary":"","link_secondary":"","external_link_secondary":false,"button_label_color_secondary":"#FFFFFF","button_background_color_secondary":"#121212"}}},"block_order":["template--14247657373798__e8cc668f-516b-4613-b4ab-4f88bce9084e-1671215482497c2b04-2","055e7688-6242-4d88-b06c-bc6949e34f20","0c0ba4f4-fc01-4de2-84a7-b6f8d2c5da56"],"settings":{"image_position":"right","text_alignment":"left","text_size":115,"text_color":"#283144","text_background_color":"#FAFAFA","background_color":"#3a3a3a","animation":"fade-in","base_width":80,"max_width":"","inner_padding":60,"outer_margin":0,"custom_css":"","mobile_custom_css":"","override_theme_font":false,"heading_font":"serif","main_font":"sans-serif"}},"16294323285f8bfa50":{"type":"design_pack_-_lookbook_grid","blocks":{"16294323285f8bfa50-3":{"type":"image","settings":{"block_size":"big","focal_point":"top center","title":"","text":"","button_label":"","link":"","text_position":"left top"}},"16294323285f8bfa50-0":{"type":"image","settings":{"block_size":"small","focal_point":"top center","title":"Comfortable","text":"<p>Lorem ipsum dolor sit amet, consectetur adipiscing elit. Mauris nibh enim, ornare at consequat sed, placerat quis libero.<\/p>","button_label":"View more","link":"","text_position":"center center"}},"bb4661e2-7c55-4846-a94a-35f7bc8b3c35":{"type":"image","settings":{"block_size":"small","focal_point":"center center","title":"Product title","text":"<p>Lorem ipsum dolor sit amet, consectetur adipiscing elit. Mauris nibh enim, ornare at consequat sed, placerat quis libero. Curabitur id nulla ut nunc aliquam sodales.<\/p>","button_label":"View more","link":"","text_position":"center center"}}},"block_order":["16294323285f8bfa50-3","16294323285f8bfa50-0","bb4661e2-7c55-4846-a94a-35f7bc8b3c35"],"settings":{"enable_hover":false,"text_size":100,"text_color":"#ffffff","text_background_color":"rgba(0,0,0,0)","button_label_color":"#FAFAFA","button_background_color":"#283144","button_radius":0,"background_color":"#ebebeb","animation":"fade-in","base_width":95,"max_width":"1000","inner_padding":50,"outer_margin":0,"custom_css":"","mobile_custom_css":"","override_theme_font":false,"heading_font":"serif","main_font":"sans-serif"}},"main":{"type":"main-page","settings":{"full_width":false}}},"order":["main","162943193266ba4ebf","1629432259d29fdf51","16294324726261846f","16294323285f8bfa50"]}