{"sections":{"main":{"type":"main-page","settings":{"full_width":true}},"13868c15-d09e-4c1f-abfd-3631a244b31d":{"type":"product-list","disabled":true,"settings":{"title":"Product list","product_list":["buy-the-sculpture-of-ashoka-pillar-online","buy-the-replica-of-kanyakumari-thiruvalluvar-statue-and-sculpture-as-silaii-online","buy-the-bust-sculpture-of-arignar-anna","buy-the-action-figure-sculpture-of-rocky-bhai-from-kgf-universe"],"show_vendor":false,"enable_carousel":true,"grid":4,"full_width":true}},"design_pack_gallery_scroll_hkmHtt":{"type":"design_pack_-_gallery_-_scroll","blocks":{"small_text_DjVJiy":{"type":"small_text","settings":{"small_text":"<p>Looking sharp<\/p>"}},"heading_icX6nE":{"type":"heading","settings":{"title":"Find your fit.","block_heading_color":"","block_heading_size":"","enable_custom_font":false,"custom_font":"abel_n4","heading_level":"h2"}},"text_xy73rX":{"type":"text","settings":{"text":"<p>Add a gallery of scrolling images to feature collections, blog posts, products or lifestyle images. <\/p>"}},"slide_6UQ6Qr":{"type":"slide","settings":{"preheading":"","title":"Outerwear","text":"","button_label":"","link":"","text_alignment":"center","text_position":"bottom","text_color":"#212121","button_label_color":"#ffffff","button_background_color":"rgba(0,0,0,0)","background_color":"linear-gradient(180deg, rgba(255, 255, 255, 0) 46%, rgba(255, 255, 255, 1) 100%)"}},"slide_Lnc3NU":{"type":"slide","settings":{"preheading":"","title":"Accessories","text":"","button_label":"","link":"","text_alignment":"center","text_position":"bottom","text_color":"#212121","button_label_color":"#ffffff","button_background_color":"rgba(0,0,0,0)","background_color":"linear-gradient(180deg, rgba(255, 255, 255, 0) 46%, rgba(255, 255, 255, 1) 100%)"}},"slide_7nRjk3":{"type":"slide","settings":{"preheading":"","title":"Formal","text":"","button_label":"","link":"","text_alignment":"center","text_position":"bottom","text_color":"#212121","button_label_color":"#ffffff","button_background_color":"rgba(0,0,0,0)","background_color":"linear-gradient(180deg, rgba(255, 255, 255, 0) 46%, rgba(255, 255, 255, 1) 100%)"}}},"block_order":["small_text_DjVJiy","heading_icX6nE","text_xy73rX","slide_6UQ6Qr","slide_Lnc3NU","slide_7nRjk3"],"disabled":true,"settings":{"enable_lightbox":false,"image_crop":"none","grid_item_width":40,"text_below_image":false,"image_position":"left","show_bar":true,"arrow_display":"left","gap":20,"mobile_grid_item_width":65,"text_size":100,"text_alignment":"center","text_width":35,"text_color":"#212121","text_background_color":"","background_color":"","show_background_image":false,"enable_parallax":false,"animation":"none","base_width":95,"max_width":"","inner_padding":60,"outer_margin":0,"custom_css":"","mobile_custom_css":"","override_theme_font":false,"heading_font":"serif","main_font":"sans-serif"}}},"order":["main","13868c15-d09e-4c1f-abfd-3631a244b31d","design_pack_gallery_scroll_hkmHtt"]}