{"wrapper":"div.dp_organic","sections":{"164735915866aeed5b":{"type":"design_pack_-_banner_image_-_simple","blocks":{"164735915839b3a842-0":{"type":"small_text","settings":{"small_text":"<p>New arrivals<\/p>"}},"c8fc1a03-86d0-4d0a-9d4d-ad6b6e3ce530":{"type":"divider","settings":{"alignment":"left","base_width":100,"thickness":1,"style":"solid","divider_color":"#283144","padding_top":0,"padding_bottom":40}},"164735915839b3a842-1":{"type":"heading","settings":{"title":"Organic Beauty"}},"164735915839b3a842-2":{"type":"text","settings":{"text":"<p>This simple banner image is just what you need. Add custom images for mobile.<\/p>"}},"164735915839b3a842-3":{"type":"buttons","settings":{"button_radius":0,"button_label_primary":"Learn more","link_primary":"","button_label_color_primary":"#283144","button_background_color_primary":"rgba(0,0,0,0)","button_label_secondary":"Shop now","link_secondary":"","button_label_color_secondary":"#fffbf4","button_background_color_secondary":"#b3a284"}},"cf6af909-c5d2-4744-8a65-75fef98f3b0b":{"type":"divider","settings":{"alignment":"left","base_width":100,"thickness":1,"style":"solid","divider_color":"#283144","padding_top":40,"padding_bottom":40}}},"block_order":["164735915839b3a842-0","c8fc1a03-86d0-4d0a-9d4d-ad6b6e3ce530","164735915839b3a842-1","164735915839b3a842-2","164735915839b3a842-3","cf6af909-c5d2-4744-8a65-75fef98f3b0b"],"settings":{"link":"","background_image":"shopify:\/\/shop_images\/onne-beauty-lZ7tao79Y1A-unsplash_copy.jpg","image_crop":"1200:600","focal_point":"20% 100%","mobile_background_image":"shopify:\/\/shop_images\/onne-beauty-lZ7tao79Y1A-unsplash.jpg","text_size":110,"text_alignment":"left","text_position":"left bottom","text_width":500,"text_color":"#283144","text_background_color":"linear-gradient(46deg, rgba(255, 251, 244, 0) 13%, rgba(255, 251, 244, 0) 86%)","image_overlay_color":"linear-gradient(180deg, rgba(246, 248, 249, 0.04) 2%, rgba(255, 253, 245, 0.6) 23%, rgba(255, 251, 244, 0.28) 51%, rgba(255, 251, 244, 0.22) 62%, rgba(255, 251, 244, 0.49) 65.108%, rgba(255, 251, 244, 1) 100%)","animation":"fade-in-down","max_width":"","outer_margin_top":0,"outer_margin_bottom":0,"custom_css":"","mobile_custom_css":"","override_theme_font":false,"heading_font":"serif","main_font":"sans-serif"}},"1649106087e03bf3c6":{"type":"design_pack_-_text_badge","settings":{"upper_text":"All Natural","lower_text":"Est. in 2020","outer_font":"muli_n4","center_text":"Organic Beauty","center_font":"ibm_plex_sans_n4","text_color":"#ecdfc7","show_text_shadow":false,"hide_on_mobile":true,"rotation_speed":0,"angle":-15,"badge_horizontal_position":95,"badge_vertical_position":50,"custom_css":"","mobile_custom_css":""}},"16473591895ffedd2d":{"type":"design_pack_-_features_highlight","blocks":{"16473591892c3fea88-1":{"type":"feature","settings":{"title":"Signature Balm","main_heading":"Soothe your skin with our organic signature balm","text":"<p>Lorem, ipsum dolor sit amet consectetur adipisicing, elit. Exercitationem excepturi doloribus qui itaque.<\/p><p>Lorem, ipsum dolor sit amet consectetur adipisicing, elit. Exercitationem excepturi doloribus qui itaque.<\/p>","image":"shopify:\/\/shop_images\/pexels-rfstudio-3059398.jpg"}},"16473591892c3fea88-2":{"type":"feature","settings":{"title":"Good skin club","main_heading":"Join our good skin club and get bonus samples","text":"<p>Lorem, ipsum dolor sit amet consectetur adipisicing, elit. Exercitationem excepturi doloribus qui itaque.<\/p><p>Lorem, ipsum dolor sit amet consectetur adipisicing, elit. Exercitationem excepturi doloribus qui itaque.<\/p><p><a href=\"\/blogs\/news\" target=\"_blank\" title=\"News\">Good Skin<\/a><\/p>","image":"shopify:\/\/shop_images\/good-skin-club-SvWhF_P8lho-unsplash.jpg"}},"16473591892c3fea88-0":{"type":"feature","settings":{"title":"Bundles","main_heading":"Get good skin bundles for each skin type","text":"<p>Lorem, ipsum dolor sit amet consectetur adipisicing, elit. Exercitationem excepturi doloribus qui itaque.<\/p><p>Lorem, ipsum dolor sit amet consectetur adipisicing, elit. Exercitationem excepturi doloribus qui itaque.<\/p><p>Lorem, ipsum dolor sit amet consectetur adipisicing, elit. Exercitationem excepturi doloribus qui itaque.<\/p><p><a href=\"\/blogs\/news\" title=\"News\">Bundles<\/a><\/p>","image":"shopify:\/\/shop_images\/onne-beauty-lZ7tao79Y1A-unsplash_copy.jpg"}}},"block_order":["16473591892c3fea88-1","16473591892c3fea88-2","16473591892c3fea88-0"],"settings":{"image_position":"right","image_crop":"2:3","text_size":100,"text_color":"#283144","text_hover_color":"#f1efe9","background_color":"linear-gradient(90deg, rgba(255, 251, 244, 1), rgba(255, 251, 244, 1) 100%)","base_width":80,"max_width":"1000px","inner_padding":100,"outer_margin":0,"override_theme_font":false,"heading_font":"serif","main_font":"sans-serif"}},"1649162117899a5b98":{"type":"design_pack_-_simple_call_to_action-v2","blocks":{"16491621177427a914-1":{"type":"heading","settings":{"title":"As seen in"}}},"block_order":["16491621177427a914-1"],"settings":{"link":"","text_size":100,"text_alignment":"center","text_position":"center center","text_width":540,"text_color":"#283144","text_background_color":"linear-gradient(46deg, rgba(255, 251, 244, 0) 13%, rgba(255, 251, 244, 0) 86%)","background_color":"linear-gradient(46deg, rgba(255, 251, 244, 1) 13%, rgba(255, 251, 244, 1) 86%)","animation":"fade-in","max_width":"","inner_padding":0,"outer_margin":0,"custom_css":".dsgn-pck__content {\n  padding-bottom: 0;\n}","mobile_custom_css":"","override_theme_font":false,"heading_font":"serif","main_font":"sans-serif"}},"1649106733c637897b":{"type":"design_pack_-_icon_marquee","blocks":{"16491067332079ff16-0":{"type":"logo","settings":{"image":"shopify:\/\/shop_images\/1080382_f89efd18-06af-4e84-a599-7ff383fde450.png","link":"","external_link":false}},"16491067332079ff16-3":{"type":"logo","settings":{"image":"shopify:\/\/shop_images\/vogue-png-logo-5755_7c0d5173-03ac-4281-9f0a-ba52412c9fda.png","link":"","external_link":false}},"16491067332079ff16-1":{"type":"logo","settings":{"image":"shopify:\/\/shop_images\/YOUmag-logo-black.png","link":"","external_link":false}},"16491067332079ff16-2":{"type":"logo","settings":{"image":"shopify:\/\/shop_images\/vogue-png-logo-5758_4f98d3b0-a0af-495e-bc9d-4557bff70bab.png","link":"","external_link":false}}},"block_order":["16491067332079ff16-0","16491067332079ff16-3","16491067332079ff16-1","16491067332079ff16-2"],"settings":{"icon_height":60,"speed":20,"reverse_scrolling":false,"scrolling_pause":false,"background_color":"linear-gradient(320deg, rgba(253, 242, 221, 0.3686) 16%, rgba(255, 251, 244, 1) 52%, rgba(253, 242, 221, 0.451) 87%)","inner_padding":70,"outer_margin":0,"custom_css":"","mobile_custom_css":""}},"16473592037d988ca8":{"type":"design_pack_-_image_with_text_detail","blocks":{"1647359203e27e41d6-0":{"type":"block","settings":{"image":"shopify:\/\/shop_images\/mathilde-langevin-6fz3ajqj88c-unsplash.jpg","image_crop":"2:3","focal_point":"center center","vertical_text":"SERUMS","title":"Face care","text":"<p>Lorem, ipsum dolor sit amet consectetur adipisicing, elit. Exercitationem excepturi doloribus qui itaque quaerat eaque quisquam at alias soluta ipsa! Dolores.<\/p>","button_label":"Shop now","button_link":"","vertical_text_color":"#121212","image_overlay_color":"#fffbf4"}},"1647359203e27e41d6-1":{"type":"block","settings":{"image":"shopify:\/\/shop_images\/annie-spratt-cxAZxTuL7Sk-unsplash.jpg","image_crop":"2:3","focal_point":"center center","vertical_text":"SOAPS","title":"Body care","text":"<p>Lorem, ipsum dolor sit amet consectetur adipisicing, elit. Exercitationem excepturi doloribus qui itaque quaerat eaque quisquam at alias soluta ipsa! Dolores.<\/p>","button_label":"Shop now","button_link":"","vertical_text_color":"#121212","image_overlay_color":"#fffbf4"}}},"block_order":["1647359203e27e41d6-0","1647359203e27e41d6-1"],"settings":{"blurred_edges":false,"text_size":100,"text_color":"#283144","background_color":"#fffbf4","background_color_2":"#fffbf4","animation":"fade-in","base_width":70,"max_width":"1000","outer_margin":0,"custom_css":"","mobile_custom_css":"","override_theme_font":false,"heading_font":"serif","main_font":"sans-serif"}},"1647359244c2278b0c":{"type":"design_pack_-_featured_products_list","blocks":{"1647359244cd734c34-0":{"type":"product","settings":{"product":"restorative-hair-mask","custom_description":"<p>Lorem ipsum dolor sit amet, consectetur adipiscing elit. Proin pulvinar eget nunc vel elementum. Maecenas consequat lectus at urna bibendum, sit amet vestibulum urna finibus. Ut sed ex enim. Mauris felis nibh, sollicitudin sit amet malesuada sed, ornare in sapien. Curabitur mauris nulla, efficitur at gravida in, placerat at erat.<\/p>"}},"63e9bf42-b4f8-4f8a-935b-db998149a126":{"type":"product","settings":{"product":"bath-body-oil","custom_description":""}},"1647359244cd734c34-1":{"type":"product","settings":{"product":"beauty-balm","custom_description":"<p>Lorem ipsum dolor sit amet, consectetur adipiscing elit. Proin pulvinar eget nunc vel elementum. Maecenas consequat lectus at urna bibendum, sit amet vestibulum urna finibus. Ut sed ex enim. Mauris felis nibh, sollicitudin sit amet malesuada sed, ornare in sapien. Curabitur mauris nulla, efficitur at gravida in, placerat at erat.<\/p>"}}},"block_order":["1647359244cd734c34-0","63e9bf42-b4f8-4f8a-935b-db998149a126","1647359244cd734c34-1"],"settings":{"image_size":"medium","show_product_price":true,"show_description":true,"view_more":"View product","text_size":100,"text_color":"#283144","background_color":"linear-gradient(180deg, rgba(253, 242, 221, 0.37) 8%, rgba(255, 251, 244, 1) 36%, rgba(255, 251, 244, 1) 95.683%)","animation":"fade-in","section_width":"full","inner_padding":80,"outer_margin":0,"custom_css":"","mobile_custom_css":"","override_theme_font":false,"heading_font":"serif","main_font":"sans-serif"}},"16491073000c3c19d1":{"type":"design_pack_-_newsletter_with_text","settings":{"heading":"Be the first to know.","text":"<p>Use this space to explain the value of signing up for your mailing list. Whether it's deals, freebies, blog posts or sending out a downloadable PDF. Having an engaged and active mailing list is a must for any Shopify store.<\/p>","text_alignment":"right","form_text":"Sign up for newsletter","show_first_name":true,"show_last_name":true,"form_position":"right","text_size":100,"text_color":"#283144","button_label_color":"#ffffff","button_background_color":"#b3a284","button_radius":0,"background_color":"linear-gradient(0deg, rgba(255, 251, 244, 0.57) 2%, rgba(255, 251, 244, 1) 64%)","animation":"fade-in","show_background_image":true,"enable_parallax":true,"base_width":90,"max_width":"","inner_padding":40,"outer_margin":0,"custom_css":"","mobile_custom_css":"","override_theme_font":false,"heading_font":"abril_fatface_n4","main_font":"sans-serif"}},"main":{"type":"main-page","settings":{"full_width":false}}},"order":["main","164735915866aeed5b","1649106087e03bf3c6","16473591895ffedd2d","1649162117899a5b98","1649106733c637897b","16473592037d988ca8","1647359244c2278b0c","16491073000c3c19d1"]}