{"sections":{"slideshow_QXxCTi":{"type":"slideshow","blocks":{"image_AFhdnk":{"type":"image","settings":{"image":"shopify:\/\/shop_images\/Sale_banner.jpg","mobile_image":"shopify:\/\/shop_images\/GIF_Mobile_Banners-03.jpg","slide_link":"","subheading":"","title":"","heading_max_width":15,"title_size":84,"title_size_mobile":46,"use_h1":false,"text":"","enlarge_text":true,"button_label_1":"","button_url_1":"","button_label_2":"","button_url_2":"","text_alignment":"center center"}}},"block_order":["image_AFhdnk"],"disabled":true,"name":"Slideshow","settings":{"height":"adapt","height_desktop":600,"height_mobile":460,"full_width":true,"mobile_overlay_under":false,"overlay_style":"shadow","transition":"fade","navigation":"arrows","autoplay":true,"autoplay_speed":7,"accessibility_info":""}},"main":{"type":"main-product","blocks":{"title":{"type":"title","settings":{}},"nector_loyalty_rewards_review_rating_ccmTyF":{"type":"shopify:\/\/apps\/nector-loyalty-rewards\/blocks\/review_rating\/1c1144ea-67f0-4232-93c6-0d8fbb8c8d3a","settings":{"product":"{{product}}","view_type":"full","all_reviews":false,"fetch_all_reviews_if_not_found":false,"color":"#dd9a1a","font_size":15,"text_align":"start","font_weight":"normal","padding_x":0,"padding_y":0,"review_rating_classes":""}},"price":{"type":"price","settings":{"show_tax_and_shipping":true,"enable_product_reviews_by_price":false}},"richtext_KKwBHH":{"type":"richtext","disabled":true,"settings":{"richtext":"<p><strong>Grand Indian Festival Sale Live Now<\/strong><\/p>","icon":"","icon_size":"small","enable_box":true,"box_color":"#eef5dd","show_in_quickbuy":false}},"image_XWqw8g":{"type":"image","disabled":true,"settings":{"image":"shopify:\/\/shop_images\/Buy_Now_Banner_1500_X_500_1.jpg","image_width":700,"url":"","open_in_new_tab":false,"show_in_quickbuy":false}},"divider_ijpgaU":{"type":"divider","settings":{"show_in_quickbuy":false}},"variant_picker_npCAWi":{"type":"variant-picker","settings":{"show_single":true,"selector_style":"listed","dynamic_availability":"show","enable_size_chart":false,"size_chart_label":"Size guide","size_chart_variant":"Size","size_chart_page":""}},"buy_buttons_YmpwkB":{"type":"buy-buttons","settings":{"show_quantity_selector":true,"enable_payment_button":true,"show_backorder_text":false,"show_pickup_availability":true,"show_gift_card_recipient":false}},"text_wtbGbg":{"type":"text","settings":{"text":"Orders are typically processed and dispatched within 2 days.","icon":"accessible","icon_size":"small","enable_box":false,"box_color":"#e0f4d5","show_in_quickbuy":false}},"divider":{"type":"divider","settings":{"show_in_quickbuy":false}},"essential_trust_badges_app_block_qrzK6t":{"type":"shopify:\/\/apps\/essential-trust-badges\/blocks\/app-block\/0ff65b25-07e1-408e-950f-f54dd3d1751b","settings":{"banner_display":"single","banner_id":"ad3f53cd-5578-454a-b695-935219ad3f03"}},"essential_trust_badges_app_block_cj7Bt7":{"type":"shopify:\/\/apps\/essential-trust-badges\/blocks\/app-block\/0ff65b25-07e1-408e-950f-f54dd3d1751b","disabled":true,"settings":{"banner_display":"all","banner_id":"ad3f53cd-5578-454a-b695-935219ad3f03"}},"pop_up_zJWywq":{"type":"pop-up","settings":{"text":"Check Estimated Delivery Time. Click To Know More*","style":"link","page":"copy-of-store-information","show_in_quickbuy":false}},"pop_up_KxPCxp":{"type":"pop-up","disabled":true,"settings":{"text":"Same-Day Delivery Available*. Currently available in Chennai and Coimbatore regions.        CLICK TO KNOW MORE*","style":"secondary btn--wide","page":"store-information","show_in_quickbuy":false}},"icon_columns_7p6Xiq":{"type":"icon-columns","settings":{"icon_size":"medium","text_size":"sm","enable_box":true,"box_color":"#f4f4f4","icon_1":"truck","icon_1_color":"rgba(0,0,0,0)","icon_1_heading":"FREE SHIPPING","icon_1_text":"Pan India","icon_2":"return","icon_2_color":"rgba(0,0,0,0)","icon_2_heading":"EASY RETURNS","icon_2_text":"10 Days","icon_3":"lock","icon_3_color":"rgba(0,0,0,0)","icon_3_heading":"100% SECURE","icon_3_text":"Payment","show_in_quickbuy":false}},"description":{"type":"description","disabled":true,"settings":{"show_in_tab":true,"open_tab":true,"icon":"","show_in_quickbuy":false}},"accordion_e7gaqD":{"type":"accordion","settings":{"title":"NEED HELP?","icon":"","content":"<p><strong>Contact our Customer Support <\/strong><\/p><p>For Order related Issues : + 91 9884688804<\/p><p>Bulk orders \/ customization : +91 98846 88804 <\/p><p>Mon - Sat - 10:00 am to 7:00 pm (IST)<\/p><p>Mail us at contact@silaii.com<\/p>","page":"","custom_liquid":"","open":false,"show_in_quickbuy":false}},"2bfffbf0-9cdf-44fe-b857-29613207156e":{"type":"accordion","settings":{"title":"RETURN AND REFUND","icon":"","content":"","page":"return-and-refund","custom_liquid":"","open":false,"show_in_quickbuy":false}},"2a3c245f-1a7f-4a08-aa85-3040cd61f6ad":{"type":"accordion","disabled":true,"settings":{"title":"CUSTOMER SUPPORT","icon":"chat_bubble","content":"<ul><li>For any questions contact our Customer Service.<\/li><li>Call us at 9884688804 ( 10 am to 7:00 pm. Monday to Saturday )<\/li><li>Mail us at contact@silaii.com<br\/><\/li><\/ul>","page":"","custom_liquid":"","open":false,"show_in_quickbuy":false}},"f9080360-baf0-417c-986a-e6ea356f8eb2":{"type":"accordion","disabled":true,"settings":{"title":"FREE SHIPPING & DELIVERY POLICY","icon":"truck","content":"<h2>Shipping Methods<\/h2><p>The shipping options may vary depending on the delivery address, what time you make your purchase and product availability.<\/p><p>At the time of processing your purchase, we will show you the <br\/>available shipping methods, the cost and the approximate delivery date of your order.<\/p><h5>DOMESTIC ORDERS<\/h5><p><strong>Standard delivery<\/strong> is Free for all orders.<\/p><p><strong>Express Delivery<\/strong> charges will be determined by the delivery speed and destination.<\/p><p>Delivery charge will be applicable for all <strong>Life Size Sculptures<\/strong> based on their weight and delivery location.<br\/><br\/>The estimated delivery time is between <strong>3-7 Business days<\/strong>, depending on the delivery address.<\/p><p>Please keep in mind that deliveries are exclusively scheduled on <strong>working days<\/strong>.<\/p><h5>INTERNATIONAL ORDERS<\/h5><p>Delivery Charges will be calculated  at the checkout page based on the product weight and delivery location.<br\/><br\/>Please note: International customers are responsible for any applicable Custom Clearance, local duties and\/or sales tax.<\/p><p>Need help rearranging delivery? Contact us on +91 9884688804, or <br\/>track your order with the tracking number in your dispatch confirmation <br\/>email<\/p>","page":"","custom_liquid":"","open":false,"show_in_quickbuy":false}},"richtext_CxTjFN":{"type":"richtext","settings":{"richtext":"<p><strong>Made in India | Safe & Strong Packing | Guaranteed Home Delivery by SILAII<\/strong><br\/><br\/>Shop with confidence – all online payments are securely processed via Razorpay.<\/p><p>All images and media featured on SILAII.com are the intellectual property of SILAII. Unauthorized use or reproduction may result in legal action.<\/p>","icon":"","icon_size":"small","enable_box":true,"box_color":"#fffdfc","show_in_quickbuy":false}},"d332fe4f-4b5d-4119-a20e-c47a55146cb6":{"type":"sharing","settings":{"show_twitter":true,"show_facebook":true,"show_pinterest":true}}},"block_order":["title","nector_loyalty_rewards_review_rating_ccmTyF","price","richtext_KKwBHH","image_XWqw8g","divider_ijpgaU","variant_picker_npCAWi","buy_buttons_YmpwkB","text_wtbGbg","divider","essential_trust_badges_app_block_qrzK6t","essential_trust_badges_app_block_cj7Bt7","pop_up_zJWywq","pop_up_KxPCxp","icon_columns_7p6Xiq","description","accordion_e7gaqD","2bfffbf0-9cdf-44fe-b857-29613207156e","2a3c245f-1a7f-4a08-aa85-3040cd61f6ad","f9080360-baf0-417c-986a-e6ea356f8eb2","richtext_CxTjFN","d332fe4f-4b5d-4119-a20e-c47a55146cb6"],"settings":{"show_breadcrumbs":true,"select_first_variant":true,"show_location_underneath":true,"inventory_transfers_enable":true,"enable_sticky_columns":true,"enable_sticky_atc":true,"sticky_atc_position":"end","sticky_atc_mobile":true,"sticky_atc_behavior":"add_to_cart","sticky_atc_button_style":"secondary","gallery_size":"large","gallery_layout":"carousel-under","enable_zoom":true,"show_alt_text":false,"alt_text_icon":"","enable_video_autoplay":false,"enable_video_looping":false,"enable_media_grouping":false,"media_grouping_option":"Color,Colour,Couleur,Farbe"}},"related-products":{"type":"related-products","settings":{"title":"You may also like","show_vendor":false,"grid":4}},"36d85097-a693-4a29-bbe4-c6bf9fae47c0":{"type":"logo-list","blocks":{"ed900210-6216-4d06-b46d-f073570e8239":{"type":"logo","settings":{"image":"shopify:\/\/shop_images\/sculpture.png","image_width":130,"link":"","title":"FINEST DETAILS"}},"793d9e9d-bd78-42b2-8692-25f87c4de526":{"type":"logo","settings":{"image":"shopify:\/\/shop_images\/worldwide-shipping.png","image_width":130,"link":"","title":"WORLDWIDE SHIPPING"}},"7f7306c3-5049-49dc-ac1d-12df6b7e223d":{"type":"logo","settings":{"image":"shopify:\/\/shop_images\/high-quality.png","image_width":130,"link":"","title":"REALISTIC FINISH"}},"1540c52a-1326-4ff6-95af-d8df52d12a78":{"type":"logo","settings":{"image":"shopify:\/\/shop_images\/rating.png","image_width":130,"link":"","title":"ONE LAKH+ HAPPY CUSTOMERS"}}},"block_order":["ed900210-6216-4d06-b46d-f073570e8239","793d9e9d-bd78-42b2-8692-25f87c4de526","7f7306c3-5049-49dc-ac1d-12df6b7e223d","1540c52a-1326-4ff6-95af-d8df52d12a78"],"settings":{"title":"Why should you choose SILAII ?","image_opacity":75,"color_scheme":"default"}},"judgeme_section_review_widget_03a8":{"type":"apps","settings":{"full_width":false,"show_space":true}},"map_iVkXzz":{"type":"map","disabled":true,"settings":{"full_width":true,"color_scheme":"1","heading":"BUY FROM SILAII FLAGSHIP STORE","address":"<p>1st Floor, No 60, RG Towers, Besant Ave Rd, Arunachalapuram, Adyar, Chennai, Tamil Nadu 600020<\/p><p>Contact: +91 9884988803<\/p><p>Business Hours: 9:00am to 10:00pm (Open all days<em>)<\/em><\/p>","button":"Directions","show_pin":true,"show_feature_image":false,"feature_image":"shopify:\/\/shop_images\/Store_Image1.jpg","map_address":"1st Floor, No 60, RG Towers, Besant Ave Rd, Arunachalapuram, Adyar, Chennai, Tamil Nadu 600020","api_key":"","map_type":"embed","map_style":"silver","background_image":"shopify:\/\/shop_images\/ATS1859_c4_7bcdadf8-53fd-4a7e-93a8-bb8cc21cc022.jpg"}},"52b1c203-5f2b-451d-b0a9-1a78834333fe":{"type":"rich-text","blocks":{"e041de49-d5be-4420-a433-a2b06fd6906d":{"type":"icon","disabled":true,"settings":{"icon":"silhouette","icon_color":"rgba(0,0,0,0)"}},"f76dad3b-e17d-445c-96c6-dbdb4ec54897":{"type":"image","settings":{"image":"shopify:\/\/shop_images\/warning.png","image_width":60,"url":""}},"template--14770512199765__52b1c203-5f2b-451d-b0a9-1a78834333fe-1689577606c62742fc-0":{"type":"heading","settings":{"title":"All Products are Copyrighted","use_h1":false}},"template--14770512199765__52b1c203-5f2b-451d-b0a9-1a78834333fe-1689577606c62742fc-1":{"type":"text","settings":{"text":"<p>All products are subject to copyright protection, and any unauthorized <br\/>use of the images or duplication of the design is strictly prohibited.<\/p>","enlarge_text":true}}},"block_order":["e041de49-d5be-4420-a433-a2b06fd6906d","f76dad3b-e17d-445c-96c6-dbdb4ec54897","template--14770512199765__52b1c203-5f2b-451d-b0a9-1a78834333fe-1689577606c62742fc-0","template--14770512199765__52b1c203-5f2b-451d-b0a9-1a78834333fe-1689577606c62742fc-1"],"disabled":true,"custom_css":[],"settings":{"height":"small","text_alignment":"center","full_width":false,"color_scheme":"default"}},"1659094666ecd6ad20":{"type":"apps","settings":{"full_width":false,"show_space":true}},"recommendations":{"type":"product-recommendations","disabled":true,"settings":{"title":"You may also like","show_vendor":false,"grid":4}},"widereview-product-section":{"type":"widereview-product-section","settings":{"logo_aligment":"product_page_reviews"}},"loox-product-reviews-app-section":{"type":"apps","settings":{"full_width":false,"show_space":true}},"image_with_text_overlay_wGpjg3":{"type":"image-with-text-overlay","disabled":true,"name":"Image with text overlay","settings":{"image":"shopify:\/\/shop_images\/IP_BAnner-01.jpg","mobile_image":"shopify:\/\/shop_images\/GIF_Mobile_Banners-_IP_Protection-02.jpg","height":"adapt","height_desktop":600,"height_mobile":460,"image_link":"","full_width":true,"text_alignment":"center center","mobile_overlay_under":false,"overlay_style":"shadow"}}},"order":["slideshow_QXxCTi","main","related-products","36d85097-a693-4a29-bbe4-c6bf9fae47c0","judgeme_section_review_widget_03a8","map_iVkXzz","52b1c203-5f2b-451d-b0a9-1a78834333fe","1659094666ecd6ad20","recommendations","widereview-product-section","loox-product-reviews-app-section","image_with_text_overlay_wGpjg3"]}