{"sections":{"zp-product-header-content":{"type":"product-header-content-zipifypages","disabled":true,"settings":{}},"related-products":{"type":"related-products","disabled":true,"settings":{"title":"You may also like","show_vendor":false,"grid":4}},"main":{"type":"main-product","blocks":{"title":{"type":"title","settings":{}},"price":{"type":"price","settings":{"show_tax_and_shipping":false,"enable_product_reviews_by_price":true}},"divider_BEccQi":{"type":"divider","disabled":true,"settings":{"show_in_quickbuy":false}},"variant_picker_yfNp6E":{"type":"variant-picker","settings":{"show_single":true,"selector_style":"listed","dynamic_availability":"show","enable_size_chart":false,"size_chart_label":"Size guide","size_chart_variant":"Size","size_chart_page":""}},"buy_buttons_pqjAgN":{"type":"buy-buttons","settings":{"show_quantity_selector":true,"enable_payment_button":true,"show_backorder_text":false,"show_pickup_availability":true,"show_gift_card_recipient":false}},"vendor":{"type":"vendor","disabled":true,"settings":{}},"divider":{"type":"divider","settings":{"show_in_quickbuy":false}},"text_mHQztq":{"type":"text","settings":{"text":"PRE-ORDER NOW FOR DELIVERY  WITH IN 7-10 WORKING DAYS","icon":"calendar","icon_size":"small","enable_box":true,"box_color":"#c16452","show_in_quickbuy":false}},"essential_trust_badges_app_block_Wntz4b":{"type":"shopify:\/\/apps\/essential-trust-badges\/blocks\/app-block\/0ff65b25-07e1-408e-950f-f54dd3d1751b","settings":{"banner_display":"single","banner_id":"fd906966-c1f4-4e26-b290-a47bbaf65e52"}},"sharing_rXbXDM":{"type":"sharing","settings":{"show_twitter":true,"show_facebook":true,"show_pinterest":true}}},"block_order":["title","price","divider_BEccQi","variant_picker_yfNp6E","buy_buttons_pqjAgN","vendor","divider","text_mHQztq","essential_trust_badges_app_block_Wntz4b","sharing_rXbXDM"],"settings":{"show_breadcrumbs":true,"select_first_variant":true,"show_location_underneath":true,"inventory_transfers_enable":true,"enable_sticky_columns":false,"enable_sticky_atc":true,"sticky_atc_position":"end","sticky_atc_mobile":true,"sticky_atc_behavior":"add_to_cart","sticky_atc_button_style":"secondary","gallery_size":"medium","gallery_layout":"carousel-under","enable_zoom":true,"show_alt_text":false,"alt_text_icon":"","enable_video_autoplay":false,"enable_video_looping":false,"enable_media_grouping":false,"media_grouping_option":"Color,Colour,Couleur,Farbe"}},"recommendations":{"type":"product-recommendations","disabled":true,"settings":{"title":"You may also like","show_vendor":false,"grid":4}},"widereview-product-section":{"type":"widereview-product-section","settings":{"logo_aligment":"product_page_reviews"}},"zp-product-footer-content":{"type":"product-footer-content-zipifypages","settings":{}}},"order":["zp-product-header-content","related-products","main","recommendations","widereview-product-section","zp-product-footer-content"]}