{"layout":"theme","sections":{"ecom-preview-product":{"type":"ecom-preview-product-product","settings":{}},"related-products":{"type":"related-products","settings":{}},"main":{"type":"main-product","blocks":{"title":{"type":"title","settings":{}},"price":{"type":"price","settings":{}},"vendor":{"type":"vendor","settings":{}},"divider":{"type":"divider","settings":{}},"variant-picker":{"type":"variant-picker","settings":{}},"buy-buttons":{"type":"buy-buttons","settings":{}},"description":{"type":"description","settings":{}}},"block_order":["title","price","vendor","divider","variant-picker","buy-buttons","description"],"settings":{}}},"order":["main","ecom-preview-product","related-products"]}