{"sections":{"main":{"type":"main-product","blocks":{"title":{"type":"title","settings":{}},"nector_loyalty_rewards_review_rating_94K9yz":{"type":"shopify:\/\/apps\/nector-loyalty-rewards\/blocks\/review_rating\/1c1144ea-67f0-4232-93c6-0d8fbb8c8d3a","settings":{"product":"{{product}}","view_type":"full","all_reviews":false,"fetch_all_reviews_if_not_found":false,"color":"#ebbf21","font_size":16,"text_align":"start","font_weight":"normal","padding_x":0,"padding_y":0,"review_rating_classes":""}},"price":{"type":"price","settings":{"show_tax_and_shipping":true,"enable_product_reviews_by_price":false}},"image_NeLfFM":{"type":"image","disabled":true,"settings":{"image":"shopify:\/\/shop_images\/LEAD.jpg","image_width":700,"url":"","open_in_new_tab":false,"show_in_quickbuy":false}},"divider_Rh7L9t":{"type":"divider","settings":{"show_in_quickbuy":false}},"variant_picker_nk7DFT":{"type":"variant-picker","settings":{"show_single":false,"selector_style":"listed","dynamic_availability":"show","enable_size_chart":false,"size_chart_label":"Size guide","size_chart_variant":"Size","size_chart_page":""}},"buy_buttons_jg9wGJ":{"type":"buy-buttons","settings":{"show_quantity_selector":true,"enable_payment_button":true,"show_backorder_text":false,"show_pickup_availability":true,"show_gift_card_recipient":false}},"divider":{"type":"divider","settings":{"show_in_quickbuy":false}},"pop_up_xqAqVy":{"type":"pop-up","settings":{"text":"Check Estimated Delivery Time. Click To Know More*","style":"link","page":"copy-of-store-information","show_in_quickbuy":false}},"pop_up_zQF9Na":{"type":"pop-up","disabled":true,"settings":{"text":"Same-Day Delivery Available. Currently available in Chennai and Coimbatore regions.","style":"secondary btn--wide","page":"store-information","show_in_quickbuy":false}},"icon_columns_bTiMpD":{"type":"icon-columns","settings":{"icon_size":"medium","text_size":"sm","enable_box":true,"box_color":"#f4f4f4","icon_1":"truck","icon_1_color":"rgba(0,0,0,0)","icon_1_heading":"FREE SHIPPING","icon_1_text":"Pan India","icon_2":"return","icon_2_color":"rgba(0,0,0,0)","icon_2_heading":"EASY RETURNS","icon_2_text":"10 Days","icon_3":"lock","icon_3_color":"rgba(0,0,0,0)","icon_3_heading":"100% SECURE","icon_3_text":"Payment","show_in_quickbuy":false}},"description":{"type":"description","disabled":true,"settings":{"show_in_tab":true,"open_tab":true,"icon":"","show_in_quickbuy":false}},"accordion_e7gaqD":{"type":"accordion","settings":{"title":"FOR BULK ORDERS","icon":"question_mark","content":"<p>Contact our Customer Support for Bulk orders \/ customization : +91 98846 88804 <\/p><p>Mail us at contact@silaii.com<\/p>","page":"","custom_liquid":"","open":false,"show_in_quickbuy":false}},"2bfffbf0-9cdf-44fe-b857-29613207156e":{"type":"accordion","settings":{"title":"RETURN AND REFUND","icon":"return","content":"","page":"return-and-refund","custom_liquid":"","open":false,"show_in_quickbuy":false}},"2a3c245f-1a7f-4a08-aa85-3040cd61f6ad":{"type":"accordion","disabled":true,"settings":{"title":"CUSTOMER SUPPORT","icon":"chat_bubble","content":"<ul><li>For any questions contact our Customer Service.<\/li><li>Call us at 9884688804 ( 10 am to 7:00 pm. Monday to Saturday )<\/li><li>Mail us at contact@silaii.com<br\/><\/li><\/ul>","page":"","custom_liquid":"","open":false,"show_in_quickbuy":false}},"f9080360-baf0-417c-986a-e6ea356f8eb2":{"type":"accordion","disabled":true,"settings":{"title":"FREE SHIPPING & DELIVERY POLICY","icon":"truck","content":"<h2>Shipping Methods<\/h2><p>The shipping options may vary depending on the delivery address, what time you make your purchase and product availability.<\/p><p>At the time of processing your purchase, we will show you the <br\/>available shipping methods, the cost and the approximate delivery date of your order.<\/p><h5>DOMESTIC ORDERS<\/h5><p><strong>Standard delivery<\/strong> is Free for all orders.<\/p><p><strong>Express Delivery<\/strong> charges will be determined by the delivery speed and destination.<\/p><p>Delivery charge will be applicable for all <strong>Life Size Sculptures<\/strong> based on their weight and delivery location.<br\/><br\/>The estimated delivery time is between <strong>3-7 Business days<\/strong>, depending on the delivery address.<\/p><p>Please keep in mind that deliveries are exclusively scheduled on <strong>working days<\/strong>.<\/p><h5>INTERNATIONAL ORDERS<\/h5><p>Delivery Charges will be calculated  at the checkout page based on the product weight and delivery location.<br\/><br\/>Please note: International customers are responsible for any applicable Custom Clearance, local duties and\/or sales tax.<\/p><p>Need help rearranging delivery? Contact us on +91 9884688804, or <br\/>track your order with the tracking number in your dispatch confirmation <br\/>email<\/p>","page":"","custom_liquid":"","open":false,"show_in_quickbuy":false}},"richtext_mMbMCQ":{"type":"richtext","settings":{"richtext":"<p><strong>Made in India | Safe & Strong Packing | Guaranteed Home Delivery by SILAII<\/strong><br\/><br\/>Shop with confidence – all online payments are securely processed via Razorpay.<\/p><p>All images and media featured on SILAII.com are the intellectual property of SILAII. Unauthorized use or reproduction may result in legal action.<\/p>","icon":"","icon_size":"small","enable_box":true,"box_color":"#fffdfc","show_in_quickbuy":false}},"d332fe4f-4b5d-4119-a20e-c47a55146cb6":{"type":"sharing","settings":{"show_twitter":true,"show_facebook":true,"show_pinterest":true}}},"block_order":["title","nector_loyalty_rewards_review_rating_94K9yz","price","image_NeLfFM","divider_Rh7L9t","variant_picker_nk7DFT","buy_buttons_jg9wGJ","divider","pop_up_xqAqVy","pop_up_zQF9Na","icon_columns_bTiMpD","description","accordion_e7gaqD","2bfffbf0-9cdf-44fe-b857-29613207156e","2a3c245f-1a7f-4a08-aa85-3040cd61f6ad","f9080360-baf0-417c-986a-e6ea356f8eb2","richtext_mMbMCQ","d332fe4f-4b5d-4119-a20e-c47a55146cb6"],"settings":{"show_breadcrumbs":true,"select_first_variant":true,"show_location_underneath":false,"inventory_transfers_enable":true,"enable_sticky_columns":true,"enable_sticky_atc":true,"sticky_atc_position":"end","sticky_atc_mobile":true,"sticky_atc_behavior":"add_to_cart","sticky_atc_button_style":"secondary","gallery_size":"large","gallery_layout":"carousel-under","enable_zoom":true,"show_alt_text":false,"alt_text_icon":"","enable_video_autoplay":false,"enable_video_looping":false,"enable_media_grouping":false,"media_grouping_option":"Color,Colour,Couleur,Farbe"}},"17619063847e197ce6":{"type":"_blocks","blocks":{"ai_gen_block_832eae7_gPPegP":{"type":"ai_gen_block_832eae7","settings":{"text":"SILAII x BAAHUBALI  - OFFICIAL MOVIE MERCHANDISE COLLECTABLE","repeat_count":10,"scroll_speed":100,"pause_on_hover":true,"font_size":32,"font_weight":"600","text_transform":"uppercase","letter_spacing":2,"item_spacing":40,"padding_vertical":20,"separator_size":8,"separator_color":"#c16452","background_color":"#e0d5c4","text_color":"#202020"},"blocks":{}}},"block_order":["ai_gen_block_832eae7_gPPegP"],"settings":{}},"1761724337f7f934aa":{"type":"_blocks","blocks":{"ai_gen_block_10cc037_7HKzTJ":{"type":"ai_gen_block_10cc037","settings":{"layout":"specs-left","max_width":1200,"section_padding":40,"content_gap":40,"background_color":"#ffffff","border_radius":8,"specs_title":"Product Specifications","specs_title_size":20,"specs_title_color":"#171717","specs_bg_color":"#f7f7f7","specs_padding":30,"spec_item_padding":12,"spec_text_size":15,"spec_label_color":"#171717","spec_value_color":"#050505","divider_color":"#e0e0e0","spec_1_label":"Material","spec_1_value":"Made with Marble Material","spec_2_label":"Size (Inches):","spec_2_value":"Height: 12, Length: 7.3, Width: 6.5","spec_3_label":"Weight","spec_3_value":"(approx): 2.7kg","spec_4_label":"Color","spec_4_value":"Antique Bronze","spec_5_label":"IP Number","spec_5_value":"478141-001","spec_6_label":"","spec_6_value":"","spec_7_label":"","spec_7_value":"","spec_8_label":"","spec_8_value":"","description_title":"Product Description","description_title_size":24,"description_title_color":"#171717","description":"<p>Celebrate a decade of cinematic grandeur with our exclusive Baahubali Special Edition Sculpture, masterfully crafted to honor the historic 10th anniversary re-release of \"<strong>Baahubali: The Epic.<\/strong>\"<\/p><p>SILAII brings you an extraordinary sculpture of Baahubali, immortalized in all his heroic glory. This Fine Detailed Sculpture captures Baahubali standing tall, adorned with his regal King’s crown, wearing his iconic battle armor, and armed with his legendary sword and shield.<\/p><p>Every detail of this collectible echoes the spirit of Mahishmati’s beloved hero:<br\/>- The crown symbolizes his royal legacy.<br\/>- The intricately designed shield and sword reflect his valor and warrior’s might.<br\/>- His powerful stance is a reminder of the courage and honor that defined Baahubali’s legendary journey.<\/p><p>Handcrafted by expert artisans, this sculpture is more than just a tribute to a blockbuster, It is a work of art for every admirer of Indian cinema, a treasure for devoted fans, and a timeless addition to any collection.<\/p><p>Own a symbol of Indian cinema’s most celebrated saga.<br\/><strong>Celebrate 10 years of Baahubali with SILAII’s Official Sculpture.<\/strong><\/p><p>Order yours now and make history the centerpiece of your home.<br\/><\/p><p><strong>IP Protected: This sculpture design is protected by Intellectual Property law, guaranteeing its exclusivity and authenticity.<\/strong><\/p><p><strong>IP Number : 478141-001<\/strong><\/p><p><strong>SCULPTED BY<br\/><\/strong><\/p><p>Prem Kumar Madhavan, Prince David, Daniel Ravichanderan & Manikaraj Sasi<\/p><p><strong>CONCEPT & IDEATION BY<br\/><\/strong><\/p><p>Arun Titan<\/p><p><strong>CRAFTED BY<\/strong><\/p><p>Ragul Kishan, Sathya Narayanan, Nishanthan, Nishanth, Vijayan, Raja Pandi, Shesathri, Suresh, Swetha D, Seema, Nithya, Sandhya, Priya, Sunitha, Vignesh, Rathna, Uma, Santhanam, Chitra, Varalakshmi, Sandhya.B, Sandhya.S, Kanmani.<\/p><p><strong>MANUFACTURED BY<br\/><\/strong><\/p><p>Vidhai Art Space<br\/><\/p><p><strong>MARKETING & SALES<br\/><\/strong><\/p><p>SILAIIGAL PVT LTD<\/p><p><strong>For BULK bookings and Customized sculpture<\/strong><\/p><p>call: 9884688804 or mail: contact@silaii.com<\/p><p><strong><br\/><\/strong><\/p>","description_text_size":16,"description_text_color":"#050505"},"blocks":{}}},"block_order":["ai_gen_block_10cc037_7HKzTJ"],"settings":{}},"gallery_jDcwzg":{"type":"gallery","blocks":{"media_gVkLG8":{"type":"media","settings":{"image":"shopify:\/\/shop_images\/1_3c59f2c8-6333-476b-9c24-9c0d2067eef1.jpg","enlarge_media":false,"subheading":"","title":"","button_label":"","link":"","text_alignment":"bottom left"}},"media_U3JaLe":{"type":"media","settings":{"image":"shopify:\/\/shop_images\/2_f1a74c5d-5d50-417d-9702-8aeb6b4448ab.jpg","enlarge_media":true,"subheading":"","title":"","button_label":"","link":"","text_alignment":"bottom left"}},"media_AtPH84":{"type":"media","settings":{"image":"shopify:\/\/shop_images\/3_0474c621-48ab-4435-9f8d-d7a3f3ad39cc.jpg","enlarge_media":false,"subheading":"","title":"","button_label":"","link":"","text_alignment":"bottom left"}},"media_8RpTYm":{"type":"media","settings":{"image":"shopify:\/\/shop_images\/4_b4af679d-c92d-4d71-a26c-792a9d93498e.jpg","enlarge_media":true,"subheading":"","title":"","button_label":"","link":"","text_alignment":"bottom left"}},"media_VwRhLc":{"type":"media","settings":{"image":"shopify:\/\/shop_images\/5_1960dbbe-9851-41b4-a655-0ef8230c7c60.jpg","enlarge_media":true,"subheading":"","title":"","button_label":"","link":"","text_alignment":"bottom left"}},"media_dah9hq":{"type":"media","settings":{"image":"shopify:\/\/shop_images\/6_a27c7a42-653f-4f88-92bd-a4d809f2aeb3.jpg","enlarge_media":false,"subheading":"","title":"","button_label":"","link":"","text_alignment":"bottom left"}},"media_Adtjyi":{"type":"media","settings":{"image":"shopify:\/\/shop_images\/7_6433ac70-650e-4de9-b94f-9fc942979ddd.jpg","enlarge_media":false,"subheading":"","title":"","button_label":"","link":"","text_alignment":"bottom left"}}},"block_order":["media_gVkLG8","media_U3JaLe","media_AtPH84","media_8RpTYm","media_VwRhLc","media_dah9hq","media_Adtjyi"],"name":"Gallery","settings":{"grid_desktop":3,"grid_mobile":"1","height":"adapt","desktop_image_height":460,"mobile_image_height":400,"title_size":30,"title_size_mobile":22,"enable_margin":true,"enable_row_spacing":true,"full_width":false,"color_scheme":"default","enable_carousel":false,"overlay_style":"no_background","overlay_padding":"standard","button_style":"primary"}},"36d85097-a693-4a29-bbe4-c6bf9fae47c0":{"type":"logo-list","blocks":{"ed900210-6216-4d06-b46d-f073570e8239":{"type":"logo","settings":{"image":"shopify:\/\/shop_images\/sculpture.png","image_width":130,"link":"","title":"FINEST DETAILS"}},"793d9e9d-bd78-42b2-8692-25f87c4de526":{"type":"logo","settings":{"image":"shopify:\/\/shop_images\/worldwide-shipping.png","image_width":130,"link":"","title":"WORLDWIDE SHIPPING"}},"7f7306c3-5049-49dc-ac1d-12df6b7e223d":{"type":"logo","settings":{"image":"shopify:\/\/shop_images\/high-quality.png","image_width":130,"link":"","title":"REALISTIC FINISH"}},"1540c52a-1326-4ff6-95af-d8df52d12a78":{"type":"logo","settings":{"image":"shopify:\/\/shop_images\/rating.png","image_width":130,"link":"","title":"ONE LAKH+ HAPPY CUSTOMERS"}}},"block_order":["ed900210-6216-4d06-b46d-f073570e8239","793d9e9d-bd78-42b2-8692-25f87c4de526","7f7306c3-5049-49dc-ac1d-12df6b7e223d","1540c52a-1326-4ff6-95af-d8df52d12a78"],"settings":{"title":"Why should you choose SILAII ?","image_opacity":75,"color_scheme":"default"}},"judgeme_section_review_widget_03a8":{"type":"apps","settings":{"full_width":false,"show_space":true}},"map_iVkXzz":{"type":"map","disabled":true,"settings":{"full_width":true,"color_scheme":"1","heading":"BUY FROM SILAII FLAGSHIP STORE","address":"<p>1st Floor, No 60, RG Towers, Besant Ave Rd, Arunachalapuram, Adyar, Chennai, Tamil Nadu 600020<\/p><p>Contact: +91 9884988803<\/p><p>Business Hours: 9:00am to 10:00pm (Open all days<em>)<\/em><\/p>","button":"Directions","show_pin":true,"show_feature_image":false,"feature_image":"shopify:\/\/shop_images\/Store_Image1.jpg","map_address":"1st Floor, No 60, RG Towers, Besant Ave Rd, Arunachalapuram, Adyar, Chennai, Tamil Nadu 600020","api_key":"","map_type":"embed","map_style":"silver","background_image":"shopify:\/\/shop_images\/ATS1859_c4_7bcdadf8-53fd-4a7e-93a8-bb8cc21cc022.jpg"}},"52b1c203-5f2b-451d-b0a9-1a78834333fe":{"type":"rich-text","blocks":{"e041de49-d5be-4420-a433-a2b06fd6906d":{"type":"icon","disabled":true,"settings":{"icon":"silhouette","icon_color":"rgba(0,0,0,0)"}},"f76dad3b-e17d-445c-96c6-dbdb4ec54897":{"type":"image","settings":{"image":"shopify:\/\/shop_images\/warning.png","image_width":60,"url":""}},"template--14770512199765__52b1c203-5f2b-451d-b0a9-1a78834333fe-1689577606c62742fc-0":{"type":"heading","settings":{"title":"All Products are Copyrighted","use_h1":false}},"template--14770512199765__52b1c203-5f2b-451d-b0a9-1a78834333fe-1689577606c62742fc-1":{"type":"text","settings":{"text":"<p>All products are subject to copyright protection, and any unauthorized <br\/>use of the images or duplication of the design is strictly prohibited.<\/p>","enlarge_text":true}}},"block_order":["e041de49-d5be-4420-a433-a2b06fd6906d","f76dad3b-e17d-445c-96c6-dbdb4ec54897","template--14770512199765__52b1c203-5f2b-451d-b0a9-1a78834333fe-1689577606c62742fc-0","template--14770512199765__52b1c203-5f2b-451d-b0a9-1a78834333fe-1689577606c62742fc-1"],"disabled":true,"custom_css":[],"settings":{"height":"small","text_alignment":"center","full_width":false,"color_scheme":"default"}},"1659094666ecd6ad20":{"type":"apps","settings":{"full_width":false,"show_space":true}},"recommendations":{"type":"product-recommendations","disabled":true,"settings":{"title":"You may also like","show_vendor":false,"grid":4}},"widereview-product-section":{"type":"widereview-product-section","settings":{"logo_aligment":"product_page_reviews"}},"related-products":{"type":"related-products","settings":{"title":"You may also like","show_vendor":false,"grid":4}},"loox-product-reviews-app-section":{"type":"apps","settings":{"full_width":false,"show_space":true}}},"order":["main","17619063847e197ce6","1761724337f7f934aa","gallery_jDcwzg","36d85097-a693-4a29-bbe4-c6bf9fae47c0","judgeme_section_review_widget_03a8","map_iVkXzz","52b1c203-5f2b-451d-b0a9-1a78834333fe","1659094666ecd6ad20","recommendations","widereview-product-section","related-products","loox-product-reviews-app-section"]}