{"presets":{"Symmetry":{"max_page_width":1600,"use_fullwidth_layout":true,"font_col_base":"#232323","font_col_link":"#bf570a","font_col_heads":"#232323","font_col_shoptitle":"#232323","prod_label_sale_text":"#bf570a","prod_label_sold_text":"#5c5c5c","prod_label_pre_text":"#bf570a","btn_color_hover":"#5c5c5c","btn_alt_bg":"#ffffff","bg_col":"#ffffff","bg_image":"","bg_method":"repeatxy","head_bg_col":"#ffffff","head_txt_col":"#232323","head_nav_div_col":"#ececec","font_col_nav":"#232323","font_col_nav_hov":"#5c5c5c","panel_nav_bg":"#ffffff","nav_featured_col":"#bf570a","image_overlay_text":"#ffffff","image_overlay_bg":"#000000","image_overlay_opacity":24,"image_overlay_shadow_opacity":32,"image_overlay_box_opacity":88,"color_scheme_1_col":"#f7f7f7","color_scheme_1_head_col":"#232323","color_scheme_1_text_col":"#232323","color_scheme_1_link_col":"#bf570a","color_scheme_1_btn_color_hover":"#5c5c5c","color_scheme_1_btn_alt_bg":"#fbf9f4","color_scheme_2_col":"#efefef","color_scheme_2_head_col":"#232323","color_scheme_2_text_col":"#232323","color_scheme_2_link_col":"#bf570a","color_scheme_2_btn_color":"#232323","color_scheme_2_btn_color_hover":"#5c5c5c","color_scheme_2_btn_alt_text":"#232323","quickbuy_color_scheme":"default","prod_over_redu_text":"#232323","prod_over_redu_bg":"#efefef","prod_over_redu_bold":false,"prod_over_low_text":"#232323","prod_over_low_bg":"#efefef","prod_over_new_text":"#232323","prod_over_new_bg":"#efefef","prod_over_meta_text":"#232323","prod_over_meta_bg":"#efefef","prod_inv_in_text":"#232323","prod_inv_in_box":"rgba(0,0,0,0)","prod_inv_low_text":"#232323","prod_inv_low_box":"rgba(0,0,0,0)","prod_rating_star":"#232323","foot_bg_col":"#232323","foot_text_col":"#ffffff","foot_heading_col":"#ffffff","foot_divider_col":"#ececec","type_heading_font":"montserrat_n2","capitalize_headings":false,"letter_spacing_heading":-4,"type_base_font":"montserrat_n3","type_nav_font":"montserrat_n4","bold_mobile_nav":false,"type_logo_font":"jost_n7","font_size_heading_int":34,"font_size_base_int":14,"font_size_nav_int":13,"font_size_logo_int":24,"button_style":"caps","button_shape":"sharp","prod_thumb_shape":"shortest","prod_thumb_mob_per_row":"2","prod_thumb_text_align":"left","prod_thumb_hover_image":true,"prod_thumb_show_subtitle":false,"quickbuy_style":"button","prod_block_label_loc":"top right","prod_reduction_show":true,"prod_reduction_type":"percent","prod_stock_warn_show":true,"prod_stock_warn_limit_int":0,"prod_new_show":true,"prod_sale_show":false,"prod_sold_out_show":true,"enable_product_reviews_collection":true,"swatch_source":"native","swatch_option_name":"Color","swatch_method":"swatches","swatch_style":"icon_circle","swatch_picker_image_size":40,"enable_filter_swatches":true,"filter_swatch_layout":"two-column","prod_thumb_show_options":true,"prod_thumb_options_names":"","quick_search_show_price":true,"coll_grid_image_shape":"landscape-32","coll_grid_image_position":"center center","coll_thumb_mob_per_row":"1","coll_grid_show_count":true,"coll_text_position":"over-shadow","coll_text_position_under_mobile":false,"coll_thumb_text_align_x":"left","coll_thumb_text_align_y":"bottom","animations_enabled_desktop":true,"cart_type":"drawer","after_add_to_cart":"drawer","product_currency_code_enabled":false,"image_quality":"1.25"},"Salt Yard":{"use_fullwidth_layout":true,"font_col_base":"#676869","font_col_link":"#171717","font_col_heads":"#171717","font_col_shoptitle":"#171717","prod_label_sale_text":"#df5641","prod_label_sold_text":"#171717","prod_label_pre_text":"#60a57e","btn_color":"#232323","btn_color_text":"#ffffff","btn_alt_bg":"#ffffff","btn_alt_text":"#232323","bg_col":"#ffffff","bg_image":"","head_bg_col":"#ffffff","head_txt_col":"#171717","head_nav_div_col":"#e2e2e2","font_col_nav":"#676869","font_col_nav_hov":"#171717","panel_nav_bg":"#ffffff","nav_featured_col":"#df5641","image_overlay_text":"#ffffff","image_overlay_bg":"#171717","image_overlay_opacity":12,"image_overlay_shadow_opacity":16,"image_overlay_box_scheme":"page","color_scheme_1_col":"#f7f7f8","color_scheme_1_gradient":"","color_scheme_1_head_col":"#171717","color_scheme_1_text_col":"#676869","color_scheme_1_link_col":"#171717","color_scheme_1_overrides_enabled":false,"color_scheme_1_btn_color":"#232323","color_scheme_1_btn_color_hover":"#000000","color_scheme_1_btn_color_text":"#ffffff","color_scheme_1_btn_alt_bg":"#ffffff","color_scheme_1_btn_alt_text":"#232323","color_scheme_2_col":"#232323","color_scheme_2_gradient":"","color_scheme_2_head_col":"#ffffff","color_scheme_2_text_col":"#ffffff","color_scheme_2_link_col":"#ffffff","color_scheme_2_overrides_enabled":false,"color_scheme_2_btn_color":"#ffffff","color_scheme_2_btn_color_hover":"#e2e2e2","color_scheme_2_btn_color_text":"#171717","color_scheme_2_btn_alt_bg":"#ffffff","color_scheme_2_btn_alt_text":"#171717","quickbuy_color_scheme":"1","prod_over_redu_text":"#ffffff","prod_over_redu_bg":"#b33323","prod_over_low_text":"#ffffff","prod_over_low_bg":"#4c4c4b","prod_over_new_text":"#808284","prod_over_new_bg":"#ffffff","prod_over_meta_text":"#171717","prod_over_meta_bg":"#66ff65","prod_rating_star":"#f6a529","foot_bg_col":"#f7f7f8","foot_text_col":"#676869","foot_heading_col":"#171717","foot_divider_col":"#e4e4e4","type_heading_font":"inter_n4","capitalize_headings":false,"type_base_font":"inter_n4","type_nav_font":"inter_n4","type_logo_font":"inter_n7","font_size_heading_int":30,"font_size_base_int":14,"font_size_nav_int":14,"font_size_logo_int":24,"button_style":"normal","button_shape":"slightlyrounded","prod_thumb_shape":"shortest","prod_thumb_crop":true,"prod_thumb_mob_per_row":"1","prod_thumb_text_align":"left","prod_thumb_hover_image":true,"quickbuy_style":"button","prod_block_label_loc":"top left","prod_stock_warn_show":true,"prod_stock_warn_limit_int":10,"prod_sale_show":true,"prod_sold_out_show":true,"enable_product_reviews_collection":false,"swatch_method":"variant-images","swatch_style":"icon_square","swatch_picker_image_size":70,"enable_filter_swatches":true,"filter_swatch_layout":"no-label","enable_quick_header_search":true,"quick_search_show_vendor":false,"quick_search_show_price":true,"quick_search_search_meta":false,"cart_type":"drawer","after_add_to_cart":"notification","free_shipping_bar_col_under":"#171717"},"Beatnik":{"max_page_width":1600,"use_fullwidth_layout":true,"font_col_base":"#202223","font_col_link":"#6d7175","font_col_heads":"#202223","font_col_shoptitle":"#202223","prod_label_sale_text":"#df5641","prod_label_sold_text":"#202223","prod_label_pre_text":"#202223","btn_color":"#5c7082","btn_alt_bg":"#ffffff","bg_col":"#ffffff","bg_image":"","bg_method":"repeatxy","head_bg_col":"#ffffff","head_txt_col":"#202223","head_nav_div_col":"#e2e2e2","font_col_nav":"#6d7175","font_col_nav_hov":"#202223","panel_nav_bg":"#ffffff","nav_featured_col":"#202223","image_overlay_text":"#ffffff","image_overlay_bg":"#000000","image_overlay_opacity":16,"image_overlay_shadow_opacity":24,"image_overlay_box_opacity":88,"color_scheme_1_col":"#f4f4f4","color_scheme_1_gradient":"","color_scheme_1_head_col":"#6d7175","color_scheme_1_text_col":"#6d7175","color_scheme_1_link_col":"#5c7082","color_scheme_1_btn_color":"#5c7082","color_scheme_2_col":"#f6f6f6","color_scheme_2_gradient":"","color_scheme_2_head_col":"#202223","color_scheme_2_text_col":"#6d7175","color_scheme_2_link_col":"#5c7082","color_scheme_2_btn_color":"#5c7082","quickbuy_color_scheme":"2","prod_over_redu_text":"#df5641","prod_over_redu_bg":"#ffffff","prod_over_low_text":"#6d7175","prod_over_low_bg":"#ffffff","prod_over_new_text":"#ffffff","prod_over_new_bg":"#5c7082","prod_over_meta_text":"#ffffff","prod_over_meta_bg":"#202223","prod_inv_in_text":"#202223","prod_inv_in_box":"rgba(0,0,0,0)","prod_inv_low_text":"#202223","prod_inv_low_box":"rgba(0,0,0,0)","prod_rating_star":"#202223","foot_bg_col":"#ffffff","foot_text_col":"#6d7175","foot_heading_col":"#202223","foot_divider_col":"#f6f6f6","blend_product_images":true,"blend_bg_color":"#fefefe","type_heading_font":"figtree_n5","capitalize_headings":false,"type_base_font":"cabin_n4","type_nav_font":"lato_n4","type_logo_font":"lato_n8","font_size_heading_int":34,"font_size_base_int":16,"font_size_nav_int":14,"font_size_logo_int":24,"button_style":"normal","button_shape":"slightlyrounded","prod_thumb_shape":"shortest","prod_thumb_crop":false,"prod_thumb_text_align":"left","prod_thumb_hover_image":true,"prod_thumb_show_subtitle":false,"quickbuy_style":"button","prod_block_label_loc":"top right","prod_reduction_type":"percent","prod_stock_warn_show":true,"prod_stock_warn_limit_int":5,"prod_new_show":true,"prod_new_method":"tag","prod_new_limit_int":10,"prod_sale_show":false,"prod_sold_out_show":false,"swatch_source":"native","swatch_option_name":"Color","swatch_method":"swatches","swatch_style":"listed","swatch_picker_image_size":40,"enable_filter_swatches":true,"prod_thumb_show_options":true,"coll_grid_image_shape":"square","cart_type":"drawer","after_add_to_cart":"notification","image_quality":"1.25"},"Duke":{"use_fullwidth_layout":true,"font_col_base":"#6d7175","font_col_link":"#202223","font_col_heads":"#202223","font_col_shoptitle":"#202223","prod_label_sale_text":"#c4293d","prod_label_sold_text":"#202223","prod_label_pre_text":"#60a57e","btn_color":"#000000","btn_color_hover":"#202223","btn_alt_bg":"#ffffff","btn_alt_text":"#000000","bg_col":"#ffffff","bg_image":"","bg_method":"repeatxy","head_bg_col":"#ffffff","head_txt_col":"#202223","head_nav_div_col":"#e2e2e2","font_col_nav":"#6d7175","font_col_nav_hov":"#202223","panel_nav_bg":"#ffffff","nav_featured_col":"#c4293d","image_overlay_text":"#ffe802","image_overlay_bg":"#000000","image_overlay_opacity":10,"image_overlay_shadow_opacity":15,"color_scheme_1_col":"#ffe802","color_scheme_1_gradient":"","color_scheme_1_head_col":"#202223","color_scheme_1_text_col":"#6d7175","color_scheme_1_link_col":"#202223","color_scheme_1_overrides_enabled":false,"color_scheme_1_btn_color":"#000000","color_scheme_1_btn_color_hover":"#202223","color_scheme_1_btn_color_text":"#ffffff","color_scheme_1_btn_alt_bg":"#ffffff","color_scheme_1_btn_alt_text":"#000000","color_scheme_2_col":"#f6f6f6","color_scheme_2_gradient":"","color_scheme_2_head_col":"#202223","color_scheme_2_text_col":"#6d7175","color_scheme_2_link_col":"#202223","color_scheme_2_overrides_enabled":false,"color_scheme_2_btn_color":"#000000","color_scheme_2_btn_color_hover":"#202223","color_scheme_2_btn_color_text":"#ffffff","color_scheme_2_btn_alt_bg":"#ffffff","color_scheme_2_btn_alt_text":"#000000","prod_over_redu_text":"#c4293d","prod_over_redu_bg":"#ffffff","prod_over_low_text":"#6d7175","prod_over_low_bg":"#ffffff","prod_over_new_text":"#000000","prod_over_new_bg":"#ffe802","prod_over_meta_text":"#ffffff","prod_over_meta_bg":"#202223","foot_bg_col":"#ffffff","foot_text_col":"#6d7175","foot_heading_col":"#202223","foot_divider_col":"#eeeeee","type_heading_font":"archivo_n7","capitalize_headings":true,"type_base_font":"archivo_n4","type_nav_font":"archivo_n4","type_logo_font":"archivo_n7","font_size_heading_int":30,"font_size_base_int":14,"font_size_nav_int":14,"font_size_logo_int":24,"button_style":"normal","prod_thumb_shape":"shortest","prod_thumb_crop":false,"prod_thumb_hover_image":true,"prod_block_label_loc":"top right","prod_stock_warn_show":true,"prod_stock_warn_limit_int":10,"prod_new_method":"date","prod_new_limit_int":100,"prod_sale_show":true,"prod_sold_out_show":true,"swatch_option_name":"Color","swatch_method":"image","swatch_style":"icon_square","swatch_picker_image_size":60,"enable_filter_swatches":true,"coll_grid_image_shape":"portrait-45","cart_type":"drawer","after_add_to_cart":"notification","free_shipping_bar_col_under":"#202223","free_shipping_bar_col_met":"#ffe802"}},"current":{"use_fullwidth_layout":false,"font_col_base":"#050505","font_col_link":"#c16452","font_col_heads":"#171717","font_col_shoptitle":"#171717","prod_label_sale_text":"#c20000","prod_label_sold_text":"#171717","prod_label_pre_text":"#3ea36a","btn_color":"#c16452","btn_color_hover":"#b61d0f","btn_alt_bg":"#ffffff","btn_alt_text":"#c16452","bg_col":"#f7f7f7","bg_image":"","bg_method":"repeatxy","head_bg_col":"#fffdfc","head_txt_col":"#171717","head_nav_div_col":"#171717","font_col_nav":"#000000","font_col_nav_hov":"#c16452","panel_nav_bg":"#ffffff","nav_featured_col":"#b61d0f","image_overlay_text":"#ffffff","image_overlay_bg":"#000000","image_overlay_opacity":10,"image_overlay_shadow_opacity":15,"image_overlay_box_opacity":90,"color_scheme_1_col":"#ebe7e3","color_scheme_2_col":"#ffffff","quickbuy_color_scheme":"1","prod_over_redu_text":"#ffffff","prod_over_redu_bg":"#c20000","prod_over_low_bg":"#09728c","prod_over_new_text":"#ffffff","prod_over_new_bg":"#ff1500","prod_over_meta_text":"#ffffff","prod_over_meta_bg":"#09728c","prod_rating_star":"#ef6619","foot_bg_col":"#ebe7e3","foot_text_col":"#1f1f1f","foot_heading_col":"#050505","foot_divider_col":"#4d4d4d","type_heading_font":"fira_sans_n4","capitalize_headings":false,"letter_spacing_heading":3,"type_base_font":"arial_n4","type_nav_font":"arial_n4","type_logo_font":"futura_n4","font_size_heading_int":28,"font_size_base_int":16,"font_size_nav_int":16,"font_size_logo_int":24,"button_style":"caps","button_shape":"slightlyrounded","prod_thumb_shape":"tallest","prod_thumb_crop":false,"prod_thumb_mob_per_row":"2","prod_thumb_text_align":"left","prod_thumb_hover_image":true,"quickbuy_style":"off","prod_block_label_loc":"top left","prod_reduction_show":false,"prod_reduction_type":"value","prod_stock_warn_show":true,"prod_stock_warn_limit_int":5,"prod_new_method":"date","prod_sale_show":true,"prod_sold_out_show":true,"enable_product_reviews_collection":true,"swatch_source":"theme","swatch_method":"variant-images","swatch_crop_align":"center","swatch_style":"icon_square","swatch_picker_image_size":80,"enable_filter_swatches":false,"prod_thumb_show_options":false,"prod_thumb_options_disable_unavailable":true,"social_facebook_url":"https:\/\/www.facebook.com\/SILAII.Sculpture","social_instagram_url":"https:\/\/www.instagram.com\/silai.i\/","social_pinterest_url":"https:\/\/in.pinterest.com\/SILAIISculpture\/","social_twitter_url":"https:\/\/twitter.com\/SILAIISculpture","social_youtube_url":"https:\/\/www.youtube.com\/silaii","enable_quick_header_search":true,"quick_search_search_meta":true,"coll_grid_image_shape":"portrait-45","coll_grid_image_position":"center center","coll_grid_show_count":true,"favicon":"shopify:\/\/shop_images\/SILAII_PNG.png","animations_enabled_desktop":true,"animations_disabled_first_section":false,"cart_type":"drawer","show_free_shipping_bar":false,"product_currency_code_enabled":true,"ajax_products":true,"image_quality":"1","sections":{"announcement-bar":{"type":"announcement-bar","blocks":{"announcement_Rfwnyq":{"type":"announcement","settings":{"text":"When you sign up for our friendly and non-spammy emails."}}},"block_order":["announcement_Rfwnyq"],"settings":{"message_font_size":14,"announcement_bar_col":"#ffc412","announcement_text_col":"#050505","show_social_icons":false,"menu":"title-bar-menu"}},"header":{"type":"header","settings":{"logo":"shopify:\/\/shop_images\/SILAII_Logo_1200x628_f8d77866-c585-4d8c-9683-8018c78822d2.jpg","logo_img_width_int":120,"mobile_logo_img_width_int":120,"logo_h1":true,"enable_sticky":false,"enable_transparent":false,"transparent_color":"#ffffff","menu_linklist":"main-menu","menu_layout":"underneath","nav_featured_link":"TRACK YOUR ORDER","menu_linklist_mobile":"main-menu","enable_mobile_promo_carousel":true,"enable_nav_mob_products":false,"nav_mob_products_title":"Best Sellers","nav_mob_products_collection":"kgf","enable_search":true,"icon_strategy":"icons_only","cart_icon":"bag"}},"store-messages":{"type":"store-messages","blocks":{"3cd014a8-50d2-47bb-bbc9-732fbc360beb":{"type":"message","settings":{"heading":"WORLDWIDE SHIPPING","subheading":"","link_url":""}},"43dff583-95cf-4eff-b819-ecf300555c4f":{"type":"message","settings":{"heading":"FIND STORE LOCATION","subheading":"","link_url":"shopify:\/\/pages\/contact"}},"df715c29-32b0-4124-9073-8b13d638521e":{"type":"message","settings":{"heading":"FREE SHIPPING ALL OVER INDIA","subheading":"","link_url":""}}},"block_order":["3cd014a8-50d2-47bb-bbc9-732fbc360beb","43dff583-95cf-4eff-b819-ecf300555c4f","df715c29-32b0-4124-9073-8b13d638521e"],"settings":{"head_not_home_only":true,"head_not_col_bg":"#fcd34d","head_not_col_txt1":"#171717","head_not_col_txt2":"#ffffff","head_not_mob_show":true,"head_not_mob_text":"TRACK YOUR ORDER","head_not_mob_url":"https:\/\/www.silaii.com\/apps\/trackyourorder"}},"cross-page-promos":{"type":"cross-page-promos","blocks":{"1478526632862":{"type":"icon","disabled":true,"settings":{"icon":"truck","text":"Free shipping All Over India","link_url":""}},"1478526647261":{"type":"icon","disabled":true,"settings":{"icon":"lock","text":"100% Secure Transaction","link_url":""}},"1478527611164":{"type":"icon","disabled":true,"settings":{"icon":"chat_bubble","text":"+91 98846 88804","link_url":""}}},"block_order":["1478526632862","1478526647261","1478527611164"],"custom_css":[],"settings":{}},"footer":{"type":"footer","blocks":{"1601374680247":{"type":"text","settings":{"title":"HAVE A QUESTION?","text":"<p>CALL : +91 98846 88804<\/p><p>MONDAY TO SATURDAY<\/p><p>TIMING : 9:00 AM - 7:00 PM IST <\/p><p>MAIL : CONTACT@SILAII.COM <\/p>","image_width":115,"show_social_icons":true,"soc_icons_large":false}},"1601374650582":{"type":"menu","settings":{"title":"INFORMATION","menu":"footer"}},"aa67aafb-3516-4938-82d6-9b4d6b51e75d":{"type":"menu","settings":{"title":"SHOP","menu":"footer-menu-1"}},"1601374580731":{"type":"newsletter","settings":{"title":"HEAR IT FIRST!","text":"<h2><\/h2><p>SUBSCRIBE TO GET ALL THE NEW LAUNCHES, EXCLUSIVE SALE DISCOUNTS, EVENTS AND COLLECTIONS.<\/p>","button_style":"secondary","show_social_icons":false,"soc_icons_large":false}}},"block_order":["1601374680247","1601374650582","aa67aafb-3516-4938-82d6-9b4d6b51e75d","1601374580731"],"settings":{"lower_menu":"","show_payment_icons":true}}},"content_for_index":[],"blocks":{"10910696115237310528":{"type":"shopify:\/\/apps\/sticky-cart-slide-cart-drawer\/blocks\/slide-cart-app-embed\/06f96c51-92d4-4ccf-8798-f65ef7359208","disabled":false,"settings":{}},"5784066569132941777":{"type":"shopify:\/\/apps\/s-store-locator\/blocks\/embed-app\/e7003487-cc51-4321-9488-2c47c07a5b17","disabled":false,"settings":{}},"qikify-mobilemenu-1702437130":{"type":"shopify:\/\/apps\/qikify-mobile-menu-navigation\/blocks\/app-embed\/8e0d172b-7f05-43c9-a50d-bc2bff0a5f0a","disabled":false,"settings":{}},"15683396631634586217":{"type":"shopify:\/\/apps\/inbox\/blocks\/chat\/841fc607-4181-4ad1-842d-e24d7f8bad6b","disabled":true,"settings":{"button_color":"#202a36","button_icon":"chat_bubble","button_text":"no_text","button_horizontal_position":"bottom_right","button_vertical_position":"lowest","greeting_message":"👋 Hello! Thanks for reaching out Silaii. I’m here to help you! Have a question? Ask me, I’ll answer you😀"}},"2118589882331710876":{"type":"shopify:\/\/apps\/essential-trust-badges\/blocks\/app-embed\/0ff65b25-07e1-408e-950f-f54dd3d1751b","disabled":false,"settings":{}},"7079518687644006178":{"type":"shopify:\/\/apps\/checkout-blocks\/blocks\/app-embed\/b0024ca5-9de8-4bf0-a92f-cd0783877ae2","disabled":false,"settings":{"utm_id":true,"utm_source":true,"utm_medium":true,"utm_campaign":true,"utm_term":true,"ref":true}},"2567389343055140935":{"type":"shopify:\/\/apps\/microsoft-clarity\/blocks\/clarity_js\/31c3d126-8116-4b4a-8ba1-baeda7c4aeea","disabled":false,"settings":{}},"12973772748516043749":{"type":"shopify:\/\/apps\/bitespeed-whatsapp-marketing\/blocks\/app-embed\/9efdb9ca-2d01-4a12-b1ac-02679fe0f6fc","disabled":false,"settings":{}},"6610233760104865948":{"type":"shopify:\/\/apps\/pushowl-brevo\/blocks\/pushowl-app-embed-3d2ff2b5\/fa20c3ba-38bf-43e0-ba5c-431f6ae07d95","disabled":true,"settings":{}},"2200952712151285029":{"type":"shopify:\/\/apps\/microsoft-clarity\/blocks\/brandAgents_js\/31c3d126-8116-4b4a-8ba1-baeda7c4aeea","disabled":false,"settings":{}},"3519927876758688699":{"type":"shopify:\/\/apps\/nector-loyalty-rewards\/blocks\/floating_widget\/1c1144ea-67f0-4232-93c6-0d8fbb8c8d3a","disabled":false,"settings":{}},"9995956779367812066":{"type":"shopify:\/\/apps\/nector-loyalty-rewards\/blocks\/visitor_widget\/1c1144ea-67f0-4232-93c6-0d8fbb8c8d3a","disabled":false,"settings":{"title":"Get discount on your first purchase","delay":"2.5","show_widget":true}},"14415272397818527300":{"type":"shopify:\/\/apps\/nitro-x\/blocks\/recover-agent\/0199a908-71dc-7412-8559-0f72394b4c48","disabled":true,"settings":{}},"4015264832934714879":{"type":"shopify:\/\/apps\/trustoo-email-popups\/blocks\/app\/a5670cf8-5705-4b01-ad9e-447033feae26","disabled":true,"settings":{}}}},"platform_customizations":{"custom_css":[".template-index .product-block__title,.template-index .product-block__title a {font-weight: bold !important;}"]}}