{"type":"footer","name":"Footer Group","sections":{"newsletter_J6tyYP":{"type":"newsletter","disabled":true,"name":"Newsletter","settings":{"title":"HEAR IT FIRST!","subheading":"<p>Subscribe to get all the new launches, exclusive sale discounts, events and collections.   <\/p>","color_scheme":"default"}},"cross-page-promos":{"type":"cross-page-promos","blocks":{"1478526632862":{"type":"icon","disabled":true,"settings":{"icon":"truck","text":"Free shipping All Over India","link_url":""}},"1478526647261":{"type":"icon","disabled":true,"settings":{"icon":"lock","text":"100% Secure Transaction","link_url":""}},"1478527611164":{"type":"icon","disabled":true,"settings":{"icon":"chat_bubble","text":"+91 98846 88804","link_url":""}}},"block_order":["1478526632862","1478526647261","1478527611164"],"custom_css":[],"settings":{"cross_page_promo_bg":"#ffffff","cross_page_promo_color":"#454564","show_on_home_page":true}},"footer":{"type":"footer","blocks":{"1601374680247":{"type":"text","settings":{"title":"","text":"<p><strong>HAVE A QUESTION?<\/strong><\/p><p>CALL OUR CUSTOMER SUPPORT : <\/p><p>+91 98846 88804<\/p><p>TIMING : 10:00 AM - 7:00 PM IST <\/p><p>MONDAY TO SATURDAY<\/p><p>E-MAIL : CONTACT@SILAII.COM <\/p><p><\/p>","image":"shopify:\/\/shop_images\/SILAII_LOGO_70cc8605-311c-4358-9171-2ac2df1b5fbc.png","image_width":115,"show_social_icons":true,"soc_icons_large":false,"enable_follow_on_shop":false}},"1601374650582":{"type":"menu","settings":{"title":"MORE INFORMATION","menu":"footer"}},"aa67aafb-3516-4938-82d6-9b4d6b51e75d":{"type":"menu","settings":{"title":"SHOP BY CATEGORY","menu":"footer-menu-1"}},"newsletter_Jycn8A":{"type":"newsletter","settings":{"title":"SILAII ONE","text":"<p>Sign up for exclusive offers, original stories, events and more.<\/p>","button_style":"primary","show_social_icons":false,"soc_icons_large":false}}},"block_order":["1601374680247","1601374650582","aa67aafb-3516-4938-82d6-9b4d6b51e75d","newsletter_Jycn8A"],"settings":{"lower_menu":"","show_powered_by":true,"show_payment_icons":true,"enable_country_selector":true,"enable_language_selector":true}}},"order":["newsletter_J6tyYP","cross-page-promos","footer"]}