{"type":"header","name":"Header Group","sections":{"custom_liquid_KcmMTQ":{"type":"custom-liquid","disabled":true,"name":"Custom Liquid","settings":{"full_width":true,"show_space":false,"code":"<div class=\"snowflakes\" aria-hidden=\"true\">\n  <div class=\"snowflake\">❅<\/div>\n  <div class=\"snowflake\">❆<\/div>\n  <div class=\"snowflake\">❄<\/div>\n  <div class=\"snowflake\">❅<\/div>\n  <div class=\"snowflake\">❆<\/div>\n  <div class=\"snowflake\">❄<\/div>\n<\/div>\n\n<style>\n.snowflakes {\n  position: fixed;\n  top: 0;\n  left: 0;\n  width: 100%;\n  height: 100%;\n  pointer-events: none;\n  z-index: 9999;\n}\n\n.snowflake {\n  position: absolute;\n  top: -10%;\n  font-size: 24px;\n  color: #ffffff;\n  animation: snow-fall 10s linear infinite;\n}\n\n.snowflake:nth-child(1) { left: 10%; }\n.snowflake:nth-child(2) { left: 30%; animation-duration: 12s; }\n.snowflake:nth-child(3) { left: 50%; animation-duration: 9s; }\n.snowflake:nth-child(4) { left: 70%; animation-duration: 11s; }\n.snowflake:nth-child(5) { left: 85%; animation-duration: 13s; }\n\n@keyframes snow-fall {\n  to {\n    transform: translateY(110vh);\n  }\n}\n<\/style>"}},"announcement-bar":{"type":"announcement-bar","blocks":{"announcement-2":{"type":"announcement","settings":{"text":"<strong>NEW LAUNCH - LORD SHIVA MEDITATION SCULPTURE<\/strong>","show_countdown":false,"hide_on_end":false,"end_date":"2025-08-16","end_time":"16:00","number_font":"base","countdown_separator":"box","use_custom_colors":false,"bg_color":"#f4f6f8","bg_gradient":"","text_color":"#4c4c4b"}},"announcement-1":{"type":"announcement","settings":{"text":"<strong>SEASON SALE - FLAT ₹500 Off ON LORD AYYAPPAN<\/strong>","show_countdown":false,"hide_on_end":true,"end_date":"2026-01-05","end_time":"23:59","number_font":"base","countdown_separator":"box","use_custom_colors":false,"bg_color":"#202020","bg_gradient":"","text_color":"#ffffff"}}},"block_order":["announcement-2","announcement-1"],"settings":{"message_font_size":14,"announcement_bar_col":"#f0c72a","announcement_bar_gradient":"","announcement_text_col":"#050505","show_social_icons":true,"menu":"title-bar-menu","enable_country_selector":true,"enable_language_selector":true}},"header":{"type":"header","settings":{"logo":"shopify:\/\/shop_images\/Silaii_Logo_Brown_1.png","logo_img_width_int":120,"mobile_logo_img_width_int":90,"logo_h1":true,"enable_sticky":false,"enable_transparent":false,"transparent_color":"#ffffff","transparent_fade":"#000000","transparent_fade_strength":0,"menu_linklist":"main-menu","menu_layout":"inline-menu-left","nav_featured_link":"TRACK YOUR ORDER","menu_linklist_mobile":"main-menu","mobile_expand_with_entire_link":true,"enable_mobile_promo_carousel":true,"enable_nav_mob_products":false,"nav_mob_products_title":"Best Sellers","nav_mob_products_collection":"kgf","enable_search":true,"search_recommendations_title":"","search_recommendations_menu":"","icon_strategy":"icons_only","cart_icon":"bag"}},"store-messages":{"type":"store-messages","blocks":{"3cd014a8-50d2-47bb-bbc9-732fbc360beb":{"type":"message","settings":{"heading":"10 Days Happiness Guarantee","subheading":"","link_url":""}},"43dff583-95cf-4eff-b819-ecf300555c4f":{"type":"message","settings":{"heading":"Free Shipping All Over India","subheading":"","link_url":"shopify:\/\/pages\/contact"}},"df715c29-32b0-4124-9073-8b13d638521e":{"type":"message","settings":{"heading":"Find Store Location","subheading":"","link_url":""}}},"block_order":["3cd014a8-50d2-47bb-bbc9-732fbc360beb","43dff583-95cf-4eff-b819-ecf300555c4f","df715c29-32b0-4124-9073-8b13d638521e"],"disabled":true,"settings":{"head_not_home_only":true,"head_not_col_bg":"#ffffff","head_not_col_txt1":"#171717","head_not_col_txt2":"#ffffff","head_not_mob_show":true,"head_not_mob_text":"TRACK YOUR ORDER","head_not_mob_url":"https:\/\/www.silaii.com\/apps\/trackyourorder"}}},"order":["custom_liquid_KcmMTQ","announcement-bar","header","store-messages"]}