{"type":"aside","name":"Overlay Group","sections":{"cart-drawer":{"type":"cart-drawer","settings":{"show_order_note":true,"show_tax_and_shipping":true,"enable_direct_cart":true,"cart_terms_page":"","show_backorder_text":false,"show_inventory_notice":"low","show_inventory_count":"low","inventory_threshold":10,"show_announcement":false,"announcement_position":"above-items","announcement_text":"Cart announcement text","announcement_icon":"box","announcement_icon_size":"small","announcement_enable_box":true,"announcement_box_color":"#e0f4d5","empty_icon":"bag","empty_heading":"Your cart is empty","empty_text":"","empty_button_text":"Start shopping","empty_button_link":"shopify:\/\/collections\/all","empty_button_style":"primary","empty_enable_custom_colors":false,"empty_color_background":"","empty_color_background_gradient":"","empty_color_text":"","enable_cross_sells":true,"cross_sell_title":"You may like","cross_sell_products":[],"enable_automatic_cross_sells":true,"croll_sell_color_scheme":"1"}},"pop-up":{"type":"pop-up","blocks":{"heading":{"type":"heading","settings":{"heading":"Sign Up for Updates and Offers","heading_size":"h4"}},"text":{"type":"text","settings":{"text":"<p>Join our email list to be the first to know about new launches, offers, and stories behind each sculpture.<\/p>","text_size":""}},"newsletter-signup":{"type":"newsletter-signup","settings":{"button_style":"primary"}}},"block_order":["heading","text","newsletter-signup"],"disabled":true,"settings":{"trigger":"delay","delay":5,"show_to_guests_only":true,"show_on_mobile":true,"dismiss_days":30,"position":"justify-center items-center","text_align":"text-center","heading_color":"#070707","text_color":"#070707","bg_color":"#ffffff","bg_grad":"","tint_opacity":0}},"design_pack_richtext_CEgxxk":{"type":"design_pack_-_richtext","blocks":{"text_dFjFgH":{"type":"text","disabled":true,"settings":{"text":"<h2><strong>Director SS Rajamouli's Masterpiece – Now Carved into a Sculpture<\/strong><\/h2>","block_text_color":""}}},"block_order":["text_dFjFgH"],"disabled":true,"name":"Richtext - simple 🎒","settings":{"text_size":100,"text_alignment":"center","text_color":"#121212","background_color":"","show_background_image":false,"animation":"none","base_width":80,"max_width":"1100px","match_padding":true,"inner_padding":40,"bottom_padding":0,"match_margin":true,"outer_margin":40,"bottom_margin":0,"custom_css":"","mobile_custom_css":"","anchor_id":"","custom_classes":"","override_theme_font":false,"heading_font":"serif","main_font":"system_ui_n4"}}},"order":["cart-drawer","pop-up","design_pack_richtext_CEgxxk"]}